교차로,접근로,이동류,시,혼잡률,평균교통량,표본,임계값
동막교사거리,경기고속삼거리 방면,우회전,0,19.52,24.3,333,10
동막교사거리,경기고속삼거리 방면,우회전,1,10.41,15.3,269,10
동막교사거리,경기고속삼거리 방면,우회전,2,9.48,12.7,116,10
동막교사거리,경기고속삼거리 방면,우회전,3,1.8,11.8,111,10
동막교사거리,경기고속삼거리 방면,우회전,4,3.17,26.3,347,10
동막교사거리,경기고속삼거리 방면,우회전,5,12.5,53.6,360,10
동막교사거리,경기고속삼거리 방면,우회전,6,19.06,73.3,362,10
동막교사거리,경기고속삼거리 방면,우회전,7,6.38,104.1,376,10
동막교사거리,경기고속삼거리 방면,우회전,8,15.12,101.6,377,10
동막교사거리,경기고속삼거리 방면,우회전,9,30.53,100.9,380,10
동막교사거리,경기고속삼거리 방면,우회전,10,37.11,99.2,380,10
동막교사거리,경기고속삼거리 방면,우회전,11,48.68,104.9,380,10
동막교사거리,경기고속삼거리 방면,우회전,12,55.29,105.0,378,10
동막교사거리,경기고속삼거리 방면,우회전,13,51.6,115.0,376,10
동막교사거리,경기고속삼거리 방면,우회전,14,44.41,111.3,376,10
동막교사거리,경기고속삼거리 방면,우회전,15,43.77,107.1,377,10
동막교사거리,경기고속삼거리 방면,우회전,16,39.68,108.4,378,10
동막교사거리,경기고속삼거리 방면,우회전,17,39.41,118.0,373,10
동막교사거리,경기고속삼거리 방면,우회전,18,52.93,107.2,376,10
동막교사거리,경기고속삼거리 방면,우회전,19,28.61,92.4,374,10
동막교사거리,경기고속삼거리 방면,우회전,20,31.71,86.2,369,10
동막교사거리,경기고속삼거리 방면,우회전,21,33.96,79.9,371,10
동막교사거리,경기고속삼거리 방면,우회전,22,27.37,69.6,369,10
동막교사거리,경기고속삼거리 방면,우회전,23,23.06,39.5,360,10
동막교사거리,경기고속삼거리 방면,좌회전,0,23.28,26.4,335,10
동막교사거리,경기고속삼거리 방면,좌회전,1,30.65,14.4,248,10
동막교사거리,경기고속삼거리 방면,좌회전,2,30.0,12.1,100,10
동막교사거리,경기고속삼거리 방면,좌회전,3,51.11,11.0,45,10
동막교사거리,경기고속삼거리 방면,좌회전,4,41.21,12.7,182,10
동막교사거리,경기고속삼거리 방면,좌회전,5,21.78,20.7,326,10
동막교사거리,경기고속삼거리 방면,좌회전,6,5.87,54.6,358,10
동막교사거리,경기고속삼거리 방면,좌회전,7,4.79,99.4,376,10
동막교사거리,경기고속삼거리 방면,좌회전,8,7.39,120.7,379,10
동막교사거리,경기고속삼거리 방면,좌회전,9,1.05,127.7,380,10
동막교사거리,경기고속삼거리 방면,좌회전,10,0.0,122.8,380,10
동막교사거리,경기고속삼거리 방면,좌회전,11,1.05,133.9,380,10
동막교사거리,경기고속삼거리 방면,좌회전,12,0.79,137.0,379,10
동막교사거리,경기고속삼거리 방면,좌회전,13,0.53,140.8,377,10
동막교사거리,경기고속삼거리 방면,좌회전,14,0.8,149.2,377,10
동막교사거리,경기고속삼거리 방면,좌회전,15,0.79,150.0,379,10
동막교사거리,경기고속삼거리 방면,좌회전,16,0.0,162.4,378,10
동막교사거리,경기고속삼거리 방면,좌회전,17,0.53,174.9,379,10
동막교사거리,경기고속삼거리 방면,좌회전,18,0.27,141.0,377,10
동막교사거리,경기고속삼거리 방면,좌회전,19,0.0,108.3,368,10
동막교사거리,경기고속삼거리 방면,좌회전,20,0.0,87.1,366,10
동막교사거리,경기고속삼거리 방면,좌회전,21,1.1,81.0,363,10
동막교사거리,경기고속삼거리 방면,좌회전,22,2.79,64.8,359,10
동막교사거리,경기고속삼거리 방면,좌회전,23,13.52,45.7,355,10
동막교사거리,경기고속삼거리 방면,직진,0,23.81,28.1,336,10
동막교사거리,경기고속삼거리 방면,직진,1,29.23,16.3,284,10
동막교사거리,경기고속삼거리 방면,직진,2,29.86,12.9,144,10
동막교사거리,경기고속삼거리 방면,직진,3,30.65,12.1,62,10
동막교사거리,경기고속삼거리 방면,직진,4,34.43,13.6,244,10
동막교사거리,경기고속삼거리 방면,직진,5,33.33,32.6,345,10
동막교사거리,경기고속삼거리 방면,직진,6,1.12,62.9,357,10
동막교사거리,경기고속삼거리 방면,직진,7,3.18,108.2,377,10
동막교사거리,경기고속삼거리 방면,직진,8,3.94,150.1,381,10
동막교사거리,경기고속삼거리 방면,직진,9,3.95,108.8,380,10
동막교사거리,경기고속삼거리 방면,직진,10,35.43,112.5,381,10
동막교사거리,경기고속삼거리 방면,직진,11,44.76,123.5,382,10
동막교사거리,경기고속삼거리 방면,직진,12,46.05,127.1,380,10
동막교사거리,경기고속삼거리 방면,직진,13,41.53,136.4,378,10
동막교사거리,경기고속삼거리 방면,직진,14,39.1,146.1,376,10
동막교사거리,경기고속삼거리 방면,직진,15,36.6,166.7,377,10
동막교사거리,경기고속삼거리 방면,직진,16,15.49,181.0,381,10
동막교사거리,경기고속삼거리 방면,직진,17,15.67,204.0,383,10
동막교사거리,경기고속삼거리 방면,직진,18,15.71,184.8,382,10
동막교사거리,경기고속삼거리 방면,직진,19,7.75,160.9,374,10
동막교사거리,경기고속삼거리 방면,직진,20,8.31,125.8,373,10
동막교사거리,경기고속삼거리 방면,직진,21,3.84,111.3,365,10
동막교사거리,경기고속삼거리 방면,직진,22,1.11,95.1,361,10
동막교사거리,경기고속삼거리 방면,직진,23,2.24,57.9,357,10
동막교사거리,동막교삼거리 방면,우회전,0,8.71,18.4,356,10
동막교사거리,동막교삼거리 방면,우회전,1,3.62,13.7,276,10
동막교사거리,동막교삼거리 방면,우회전,2,3.08,11.1,65,10
동막교사거리,동막교삼거리 방면,우회전,3,2.92,12.0,171,10
동막교사거리,동막교삼거리 방면,우회전,4,3.94,19.6,355,10
동막교사거리,동막교삼거리 방면,우회전,5,15.63,43.6,371,10
동막교사거리,동막교삼거리 방면,우회전,6,13.48,70.6,371,10
동막교사거리,동막교삼거리 방면,우회전,7,12.23,123.0,376,10
동막교사거리,동막교삼거리 방면,우회전,8,50.13,224.0,381,10
동막교사거리,동막교삼거리 방면,우회전,9,63.42,228.6,380,10
동막교사거리,동막교삼거리 방면,우회전,10,64.47,221.9,380,10
동막교사거리,동막교삼거리 방면,우회전,11,73.61,205.0,379,10
동막교사거리,동막교삼거리 방면,우회전,12,83.95,211.5,380,10
동막교사거리,동막교삼거리 방면,우회전,13,87.34,222.8,379,10
동막교사거리,동막교삼거리 방면,우회전,14,86.88,213.2,381,10
동막교사거리,동막교삼거리 방면,우회전,15,86.91,214.7,382,10
동막교사거리,동막교삼거리 방면,우회전,16,85.64,223.8,383,10
동막교사거리,동막교삼거리 방면,우회전,17,91.36,232.0,382,10
동막교사거리,동막교삼거리 방면,우회전,18,93.96,227.5,381,10
동막교사거리,동막교삼거리 방면,우회전,19,84.88,163.5,377,10
동막교사거리,동막교삼거리 방면,우회전,20,80.43,116.0,373,10
동막교사거리,동막교삼거리 방면,우회전,21,78.98,88.9,371,10
동막교사거리,동막교삼거리 방면,우회전,22,58.6,62.0,372,10
동막교사거리,동막교삼거리 방면,우회전,23,18.38,35.1,370,10
동막교사거리,동막교삼거리 방면,좌회전,0,5.79,29.8,363,10
동막교사거리,동막교삼거리 방면,좌회전,1,8.11,20.4,333,10
동막교사거리,동막교삼거리 방면,좌회전,2,10.89,14.6,248,10
동막교사거리,동막교삼거리 방면,좌회전,3,4.62,11.8,130,10
동막교사거리,동막교삼거리 방면,좌회전,4,18.14,12.8,204,10
동막교사거리,동막교삼거리 방면,좌회전,5,4.66,29.9,365,10
동막교사거리,동막교삼거리 방면,좌회전,6,8.17,56.1,367,10
동막교사거리,동막교삼거리 방면,좌회전,7,1.06,123.7,378,10
동막교사거리,동막교삼거리 방면,좌회전,8,0.79,176.7,380,10
동막교사거리,동막교삼거리 방면,좌회전,9,0.0,126.7,380,10
동막교사거리,동막교삼거리 방면,좌회전,10,0.53,117.1,380,10
동막교사거리,동막교삼거리 방면,좌회전,11,0.0,117.1,379,10
동막교사거리,동막교삼거리 방면,좌회전,12,0.0,122.5,379,10
동막교사거리,동막교삼거리 방면,좌회전,13,0.0,132.4,376,10
동막교사거리,동막교삼거리 방면,좌회전,14,0.0,139.3,378,10
동막교사거리,동막교삼거리 방면,좌회전,15,0.0,155.2,384,10
동막교사거리,동막교삼거리 방면,좌회전,16,0.0,176.3,381,10
동막교사거리,동막교삼거리 방면,좌회전,17,0.26,204.2,383,10
동막교사거리,동막교삼거리 방면,좌회전,18,0.0,215.3,378,10
동막교사거리,동막교삼거리 방면,좌회전,19,0.27,183.2,377,10
동막교사거리,동막교삼거리 방면,좌회전,20,0.27,122.5,376,10
동막교사거리,동막교삼거리 방면,좌회전,21,0.27,101.9,377,10
동막교사거리,동막교삼거리 방면,좌회전,22,0.54,103.1,371,10
동막교사거리,동막교삼거리 방면,좌회전,23,4.31,51.8,371,10
동막교사거리,동막교삼거리 방면,직진,0,4.76,231.6,378,10
동막교사거리,동막교삼거리 방면,직진,1,3.47,133.3,375,10
동막교사거리,동막교삼거리 방면,직진,2,3.49,87.5,372,10
동막교사거리,동막교삼거리 방면,직진,3,4.3,68.5,372,10
동막교사거리,동막교삼거리 방면,직진,4,5.08,74.6,374,10
동막교사거리,동막교삼거리 방면,직진,5,8.78,162.3,376,10
동막교사거리,동막교삼거리 방면,직진,6,29.21,417.8,380,10
동막교사거리,동막교삼거리 방면,직진,7,81.89,826.0,381,10
동막교사거리,동막교삼거리 방면,직진,8,97.12,1056.3,382,10
동막교사거리,동막교삼거리 방면,직진,9,98.16,930.7,381,10
동막교사거리,동막교삼거리 방면,직진,10,97.65,907.3,383,10
동막교사거리,동막교삼거리 방면,직진,11,99.48,922.8,382,10
동막교사거리,동막교삼거리 방면,직진,12,99.74,942.5,380,10
동막교사거리,동막교삼거리 방면,직진,13,100.0,946.7,382,10
동막교사거리,동막교삼거리 방면,직진,14,100.0,978.9,383,10
동막교사거리,동막교삼거리 방면,직진,15,99.48,1039.9,384,10
동막교사거리,동막교삼거리 방면,직진,16,99.74,1105.0,384,10
동막교사거리,동막교삼거리 방면,직진,17,100.0,1195.1,384,10
동막교사거리,동막교삼거리 방면,직진,18,100.0,1162.7,384,10
동막교사거리,동막교삼거리 방면,직진,19,100.0,1079.9,385,10
동막교사거리,동막교삼거리 방면,직진,20,99.48,841.4,384,10
동막교사거리,동막교삼거리 방면,직진,21,98.96,699.7,386,10
동막교사거리,동막교삼거리 방면,직진,22,97.12,684.1,382,10
동막교사거리,동막교삼거리 방면,직진,23,43.86,384.6,383,10
동막교사거리,오리공원 방면,우회전,0,14.96,17.1,254,10
동막교사거리,오리공원 방면,우회전,1,12.02,14.0,183,10
동막교사거리,오리공원 방면,우회전,2,7.95,12.8,88,10
동막교사거리,오리공원 방면,우회전,3,3.7,12.0,81,10
동막교사거리,오리공원 방면,우회전,4,6.9,16.9,261,10
동막교사거리,오리공원 방면,우회전,5,4.2,34.6,357,10
동막교사거리,오리공원 방면,우회전,6,1.07,91.0,375,10
동막교사거리,오리공원 방면,우회전,7,5.94,257.0,387,10
동막교사거리,오리공원 방면,우회전,8,16.54,264.3,387,10
동막교사거리,오리공원 방면,우회전,9,15.06,197.1,385,10
동막교사거리,오리공원 방면,우회전,10,47.92,138.5,384,10
동막교사거리,오리공원 방면,우회전,11,56.81,110.5,382,10
동막교사거리,오리공원 방면,우회전,12,62.99,102.5,381,10
동막교사거리,오리공원 방면,우회전,13,54.76,114.5,378,10
동막교사거리,오리공원 방면,우회전,14,56.69,119.3,381,10
동막교사거리,오리공원 방면,우회전,15,50.79,126.3,380,10
동막교사거리,오리공원 방면,우회전,16,36.13,134.0,382,10
동막교사거리,오리공원 방면,우회전,17,50.13,142.0,383,10
동막교사거리,오리공원 방면,우회전,18,63.87,130.2,382,10
동막교사거리,오리공원 방면,우회전,19,68.5,77.1,381,10
동막교사거리,오리공원 방면,우회전,20,72.56,49.1,379,10
동막교사거리,오리공원 방면,우회전,21,76.98,56.4,378,10
동막교사거리,오리공원 방면,우회전,22,64.44,34.3,374,10
동막교사거리,오리공원 방면,우회전,23,31.52,24.6,349,10
동막교사거리,오리공원 방면,좌회전,8,0.0,10.3,3,10
동막교사거리,오리공원 방면,좌회전,9,37.5,11.4,8,10
동막교사거리,오리공원 방면,좌회전,10,42.86,11.7,7,10
동막교사거리,오리공원 방면,좌회전,11,25.0,11.0,8,10
동막교사거리,오리공원 방면,좌회전,12,7.69,10.3,13,10
동막교사거리,오리공원 방면,좌회전,13,7.14,10.5,14,10
동막교사거리,오리공원 방면,좌회전,14,0.0,10.6,12,10
동막교사거리,오리공원 방면,좌회전,15,12.5,12.3,16,10
동막교사거리,오리공원 방면,좌회전,16,8.33,11.4,12,10
동막교사거리,오리공원 방면,좌회전,17,14.29,10.9,14,10
동막교사거리,오리공원 방면,좌회전,18,5.36,12.7,56,10
동막교사거리,오리공원 방면,좌회전,19,0.0,11.3,3,10
동막교사거리,오리공원 방면,좌회전,20,50.0,10.5,2,10
동막교사거리,오리공원 방면,직진,0,15.82,14.4,177,10
동막교사거리,오리공원 방면,직진,1,30.77,11.5,52,10
동막교사거리,오리공원 방면,직진,2,7.89,11.0,38,10
동막교사거리,오리공원 방면,직진,3,15.85,11.9,82,10
동막교사거리,오리공원 방면,직진,4,9.78,16.7,276,10
동막교사거리,오리공원 방면,직진,5,3.31,55.7,362,10
동막교사거리,오리공원 방면,직진,6,1.11,100.9,361,10
동막교사거리,오리공원 방면,직진,7,0.84,104.4,356,10
동막교사거리,오리공원 방면,직진,8,0.28,120.2,360,10
동막교사거리,오리공원 방면,직진,9,1.6,101.2,376,10
동막교사거리,오리공원 방면,직진,10,3.43,85.6,379,10
동막교사거리,오리공원 방면,직진,11,5.77,70.8,381,10
동막교사거리,오리공원 방면,직진,12,4.74,71.9,380,10
동막교사거리,오리공원 방면,직진,13,2.92,76.0,377,10
동막교사거리,오리공원 방면,직진,14,2.64,74.7,379,10
동막교사거리,오리공원 방면,직진,15,1.58,78.9,379,10
동막교사거리,오리공원 방면,직진,16,1.34,91.4,373,10
동막교사거리,오리공원 방면,직진,17,1.33,95.9,376,10
동막교사거리,오리공원 방면,직진,18,2.62,98.6,381,10
동막교사거리,오리공원 방면,직진,19,3.16,56.3,380,10
동막교사거리,오리공원 방면,직진,20,7.39,44.0,379,10
동막교사거리,오리공원 방면,직진,21,5.29,40.2,378,10
동막교사거리,오리공원 방면,직진,22,9.64,27.0,363,10
동막교사거리,오리공원 방면,직진,23,13.79,17.6,290,10
동막교사거리,오리역 방면,우회전,0,0.0,10.7,3,10
동막교사거리,오리역 방면,우회전,6,0.0,10.5,8,10
동막교사거리,오리역 방면,우회전,7,15.08,11.4,126,10
동막교사거리,오리역 방면,우회전,8,22.03,14.2,295,10
동막교사거리,오리역 방면,우회전,9,10.82,13.2,268,10
동막교사거리,오리역 방면,우회전,10,11.28,12.8,266,10
동막교사거리,오리역 방면,우회전,11,13.51,12.5,222,10
동막교사거리,오리역 방면,우회전,12,12.32,12.7,211,10
동막교사거리,오리역 방면,우회전,13,9.12,13.6,285,10
동막교사거리,오리역 방면,우회전,14,12.04,12.9,216,10
동막교사거리,오리역 방면,우회전,15,10.37,12.2,164,10
동막교사거리,오리역 방면,우회전,16,16.91,11.6,136,10
동막교사거리,오리역 방면,우회전,17,19.88,12.2,166,10
동막교사거리,오리역 방면,우회전,18,24.32,13.5,259,10
동막교사거리,오리역 방면,우회전,19,33.01,12.6,209,10
동막교사거리,오리역 방면,우회전,20,23.26,10.8,43,10
동막교사거리,오리역 방면,우회전,21,25.0,10.8,28,10
동막교사거리,오리역 방면,우회전,22,40.91,10.8,22,10
동막교사거리,오리역 방면,우회전,23,60.0,10.8,5,10
동막교사거리,오리역 방면,좌회전,0,12.78,20.6,352,10
동막교사거리,오리역 방면,좌회전,1,22.6,16.0,292,10
동막교사거리,오리역 방면,좌회전,2,33.53,12.9,170,10
동막교사거리,오리역 방면,좌회전,3,20.34,11.7,59,10
동막교사거리,오리역 방면,좌회전,4,20.88,12.0,182,10
동막교사거리,오리역 방면,좌회전,5,11.83,15.9,338,10
동막교사거리,오리역 방면,좌회전,6,1.86,29.8,376,10
동막교사거리,오리역 방면,좌회전,7,0.53,43.2,377,10
동막교사거리,오리역 방면,좌회전,8,0.26,79.9,381,10
동막교사거리,오리역 방면,좌회전,9,0.26,82.4,382,10
동막교사거리,오리역 방면,좌회전,10,0.0,75.6,383,10
동막교사거리,오리역 방면,좌회전,11,0.0,66.7,383,10
동막교사거리,오리역 방면,좌회전,12,0.0,66.8,381,10
동막교사거리,오리역 방면,좌회전,13,0.0,73.7,378,10
동막교사거리,오리역 방면,좌회전,14,0.0,67.5,380,10
동막교사거리,오리역 방면,좌회전,15,0.0,73.9,380,10
동막교사거리,오리역 방면,좌회전,16,0.0,76.5,382,10
동막교사거리,오리역 방면,좌회전,17,0.26,85.8,383,10
동막교사거리,오리역 방면,좌회전,18,0.26,83.6,383,10
동막교사거리,오리역 방면,좌회전,19,0.0,57.8,382,10
동막교사거리,오리역 방면,좌회전,20,0.26,54.3,380,10
동막교사거리,오리역 방면,좌회전,21,0.0,45.5,381,10
동막교사거리,오리역 방면,좌회전,22,1.05,38.8,380,10
동막교사거리,오리역 방면,좌회전,23,5.31,29.1,377,10
동막교사거리,오리역 방면,직진,0,2.88,245.7,382,10
동막교사거리,오리역 방면,직진,1,1.83,187.3,382,10
동막교사거리,오리역 방면,직진,2,3.94,127.0,381,10
동막교사거리,오리역 방면,직진,3,1.57,91.9,381,10
동막교사거리,오리역 방면,직진,4,10.94,94.2,384,10
동막교사거리,오리역 방면,직진,5,11.43,215.2,385,10
동막교사거리,오리역 방면,직진,6,1.29,553.0,387,10
동막교사거리,오리역 방면,직진,7,11.76,1315.7,391,10
동막교사거리,오리역 방면,직진,8,14.83,1380.5,391,10
동막교사거리,오리역 방면,직진,9,0.51,1196.3,389,10
동막교사거리,오리역 방면,직진,10,1.29,934.1,389,10
동막교사거리,오리역 방면,직진,11,1.55,822.8,388,10
동막교사거리,오리역 방면,직진,12,0.26,791.3,385,10
동막교사거리,오리역 방면,직진,13,0.78,856.3,383,10
동막교사거리,오리역 방면,직진,14,1.03,852.6,387,10
동막교사거리,오리역 방면,직진,15,0.77,874.0,389,10
동막교사거리,오리역 방면,직진,16,0.77,922.9,389,10
동막교사거리,오리역 방면,직진,17,0.52,1012.5,388,10
동막교사거리,오리역 방면,직진,18,1.8,928.5,389,10
동막교사거리,오리역 방면,직진,19,0.26,730.9,388,10
동막교사거리,오리역 방면,직진,20,0.77,619.7,388,10
동막교사거리,오리역 방면,직진,21,0.77,612.4,389,10
동막교사거리,오리역 방면,직진,22,1.81,502.5,387,10
동막교사거리,오리역 방면,직진,23,1.3,374.8,385,10
미금역사거리,까치마을사거리 방면,우회전,0,65.76,36.0,330,10
미금역사거리,까치마을사거리 방면,우회전,1,59.08,31.7,325,10
미금역사거리,까치마을사거리 방면,우회전,2,50.17,21.9,299,10
미금역사거리,까치마을사거리 방면,우회전,3,29.8,15.4,245,10
미금역사거리,까치마을사거리 방면,우회전,4,37.5,12.8,168,10
미금역사거리,까치마을사거리 방면,우회전,5,80.18,14.7,222,10
미금역사거리,까치마을사거리 방면,우회전,6,75.34,27.3,296,10
미금역사거리,까치마을사거리 방면,우회전,7,72.08,46.2,308,10
미금역사거리,까치마을사거리 방면,우회전,8,65.48,60.4,336,10
미금역사거리,까치마을사거리 방면,우회전,9,67.46,68.7,338,10
미금역사거리,까치마을사거리 방면,우회전,10,67.84,74.4,342,10
미금역사거리,까치마을사거리 방면,우회전,11,69.01,76.3,342,10
미금역사거리,까치마을사거리 방면,우회전,12,68.45,69.9,336,10
미금역사거리,까치마을사거리 방면,우회전,13,69.23,66.4,338,10
미금역사거리,까치마을사거리 방면,우회전,14,69.23,73.5,338,10
미금역사거리,까치마을사거리 방면,우회전,15,68.96,74.5,335,10
미금역사거리,까치마을사거리 방면,우회전,16,71.08,70.8,325,10
미금역사거리,까치마을사거리 방면,우회전,17,70.28,64.4,323,10
미금역사거리,까치마을사거리 방면,우회전,18,72.03,56.2,311,10
미금역사거리,까치마을사거리 방면,우회전,19,68.97,48.1,319,10
미금역사거리,까치마을사거리 방면,우회전,20,68.29,44.0,328,10
미금역사거리,까치마을사거리 방면,우회전,21,67.16,45.6,338,10
미금역사거리,까치마을사거리 방면,우회전,22,65.97,42.5,335,10
미금역사거리,까치마을사거리 방면,우회전,23,66.18,41.4,340,10
미금역사거리,까치마을사거리 방면,좌회전,0,11.91,35.9,319,10
미금역사거리,까치마을사거리 방면,좌회전,1,14.24,23.9,302,10
미금역사거리,까치마을사거리 방면,좌회전,2,24.26,17.1,272,10
미금역사거리,까치마을사거리 방면,좌회전,3,17.12,14.7,257,10
미금역사거리,까치마을사거리 방면,좌회전,4,1.32,22.7,304,10
미금역사거리,까치마을사거리 방면,좌회전,5,1.27,48.5,315,10
미금역사거리,까치마을사거리 방면,좌회전,6,8.39,91.7,322,10
미금역사거리,까치마을사거리 방면,좌회전,7,5.61,186.3,321,10
미금역사거리,까치마을사거리 방면,좌회전,8,5.05,216.7,317,10
미금역사거리,까치마을사거리 방면,좌회전,9,6.52,199.1,322,10
미금역사거리,까치마을사거리 방면,좌회전,10,11.25,164.4,329,10
미금역사거리,까치마을사거리 방면,좌회전,11,14.94,156.0,328,10
미금역사거리,까치마을사거리 방면,좌회전,12,16.05,146.0,324,10
미금역사거리,까치마을사거리 방면,좌회전,13,14.77,144.9,325,10
미금역사거리,까치마을사거리 방면,좌회전,14,17.65,145.4,323,10
미금역사거리,까치마을사거리 방면,좌회전,15,24.07,148.2,324,10
미금역사거리,까치마을사거리 방면,좌회전,16,27.41,154.4,321,10
미금역사거리,까치마을사거리 방면,좌회전,17,47.66,149.6,321,10
미금역사거리,까치마을사거리 방면,좌회전,18,56.11,149.3,319,10
미금역사거리,까치마을사거리 방면,좌회전,19,34.26,145.7,324,10
미금역사거리,까치마을사거리 방면,좌회전,20,21.05,130.5,323,10
미금역사거리,까치마을사거리 방면,좌회전,21,14.77,120.0,325,10
미금역사거리,까치마을사거리 방면,좌회전,22,23.77,113.0,324,10
미금역사거리,까치마을사거리 방면,좌회전,23,50.62,61.9,324,10
미금역사거리,까치마을사거리 방면,직진,0,1.34,101.9,224,10
미금역사거리,까치마을사거리 방면,직진,1,5.45,58.9,220,10
미금역사거리,까치마을사거리 방면,직진,2,13.79,38.1,232,10
미금역사거리,까치마을사거리 방면,직진,3,2.49,41.5,201,10
미금역사거리,까치마을사거리 방면,직진,4,0.54,52.0,186,10
미금역사거리,까치마을사거리 방면,직진,5,1.39,165.3,144,10
미금역사거리,까치마을사거리 방면,직진,6,28.75,341.6,320,10
미금역사거리,까치마을사거리 방면,직진,7,59.59,529.5,339,10
미금역사거리,까치마을사거리 방면,직진,8,69.03,427.9,339,10
미금역사거리,까치마을사거리 방면,직진,9,56.33,498.3,332,10
미금역사거리,까치마을사거리 방면,직진,10,57.58,451.4,330,10
미금역사거리,까치마을사거리 방면,직진,11,63.61,464.0,338,10
미금역사거리,까치마을사거리 방면,직진,12,63.58,433.6,335,10
미금역사거리,까치마을사거리 방면,직진,13,62.73,408.2,330,10
미금역사거리,까치마을사거리 방면,직진,14,60.66,447.4,333,10
미금역사거리,까치마을사거리 방면,직진,15,72.11,464.8,337,10
미금역사거리,까치마을사거리 방면,직진,16,83.97,422.5,343,10
미금역사거리,까치마을사거리 방면,직진,17,92.15,317.3,344,10
미금역사거리,까치마을사거리 방면,직진,18,89.88,298.0,346,10
미금역사거리,까치마을사거리 방면,직진,19,60.12,335.8,331,10
미금역사거리,까치마을사거리 방면,직진,20,58.23,352.1,328,10
미금역사거리,까치마을사거리 방면,직진,21,57.72,334.6,324,10
미금역사거리,까치마을사거리 방면,직진,22,59.45,285.5,328,10
미금역사거리,까치마을사거리 방면,직진,23,61.16,150.9,327,10
미금역사거리,미금역 방면,우회전,0,6.78,52.2,457,10
미금역사거리,미금역 방면,우회전,1,4.24,35.7,448,10
미금역사거리,미금역 방면,우회전,2,4.84,24.6,413,10
미금역사거리,미금역 방면,우회전,3,4.58,17.8,371,10
미금역사거리,미금역 방면,우회전,4,4.71,19.1,403,10
미금역사거리,미금역 방면,우회전,5,11.79,47.9,441,10
미금역사거리,미금역 방면,우회전,6,8.84,123.4,464,10
미금역사거리,미금역 방면,우회전,7,19.26,234.5,462,10
미금역사거리,미금역 방면,우회전,8,25.45,233.8,444,10
미금역사거리,미금역 방면,우회전,9,30.69,241.3,466,10
미금역사거리,미금역 방면,우회전,10,36.19,182.8,467,10
미금역사거리,미금역 방면,우회전,11,38.76,167.8,467,10
미금역사거리,미금역 방면,우회전,12,35.84,165.8,466,10
미금역사거리,미금역 방면,우회전,13,40.73,177.0,464,10
미금역사거리,미금역 방면,우회전,14,39.66,179.8,464,10
미금역사거리,미금역 방면,우회전,15,45.16,181.1,465,10
미금역사거리,미금역 방면,우회전,16,42.37,193.0,465,10
미금역사거리,미금역 방면,우회전,17,46.53,208.5,432,10
미금역사거리,미금역 방면,우회전,18,54.61,187.2,423,10
미금역사거리,미금역 방면,우회전,19,34.85,167.8,462,10
미금역사거리,미금역 방면,우회전,20,25.59,154.1,465,10
미금역사거리,미금역 방면,우회전,21,27.25,157.7,466,10
미금역사거리,미금역 방면,우회전,22,16.59,126.8,464,10
미금역사거리,미금역 방면,우회전,23,10.56,84.0,464,10
미금역사거리,미금역 방면,좌회전,0,6.42,92.2,467,10
미금역사거리,미금역 방면,좌회전,1,10.92,60.3,467,10
미금역사거리,미금역 방면,좌회전,2,21.51,42.0,465,10
미금역사거리,미금역 방면,좌회전,3,24.14,34.2,464,10
미금역사거리,미금역 방면,좌회전,4,9.07,51.1,463,10
미금역사거리,미금역 방면,좌회전,5,1.28,147.1,467,10
미금역사거리,미금역 방면,좌회전,6,0.64,313.1,467,10
미금역사거리,미금역 방면,좌회전,7,0.64,376.7,467,10
미금역사거리,미금역 방면,좌회전,8,3.06,285.1,458,10
미금역사거리,미금역 방면,좌회전,9,0.86,382.4,467,10
미금역사거리,미금역 방면,좌회전,10,1.07,352.9,467,10
미금역사거리,미금역 방면,좌회전,11,1.93,351.4,467,10
미금역사거리,미금역 방면,좌회전,12,2.58,356.3,466,10
미금역사거리,미금역 방면,좌회전,13,4.53,354.4,464,10
미금역사거리,미금역 방면,좌회전,14,4.95,341.7,465,10
미금역사거리,미금역 방면,좌회전,15,9.01,333.9,466,10
미금역사거리,미금역 방면,좌회전,16,10.28,339.2,467,10
미금역사거리,미금역 방면,좌회전,17,10.09,301.6,426,10
미금역사거리,미금역 방면,좌회전,18,11.17,239.4,412,10
미금역사거리,미금역 방면,좌회전,19,13.15,253.5,464,10
미금역사거리,미금역 방면,좌회전,20,9.01,263.8,466,10
미금역사거리,미금역 방면,좌회전,21,3.22,267.0,466,10
미금역사거리,미금역 방면,좌회전,22,1.07,223.0,466,10
미금역사거리,미금역 방면,좌회전,23,1.93,145.7,466,10
미금역사거리,미금역 방면,직진,0,2.14,181.6,467,10
미금역사거리,미금역 방면,직진,1,2.79,145.4,466,10
미금역사거리,미금역 방면,직진,2,2.14,94.7,467,10
미금역사거리,미금역 방면,직진,3,2.14,69.9,467,10
미금역사거리,미금역 방면,직진,4,1.93,67.9,466,10
미금역사거리,미금역 방면,직진,5,7.28,145.2,467,10
미금역사거리,미금역 방면,직진,6,2.14,406.5,467,10
미금역사거리,미금역 방면,직진,7,62.96,890.9,467,10
미금역사거리,미금역 방면,직진,8,84.37,866.6,467,10
미금역사거리,미금역 방면,직진,9,58.46,838.5,467,10
미금역사거리,미금역 방면,직진,10,70.24,646.6,467,10
미금역사거리,미금역 방면,직진,11,62.96,573.6,467,10
미금역사거리,미금역 방면,직진,12,59.23,549.5,466,10
미금역사거리,미금역 방면,직진,13,75.65,576.1,464,10
미금역사거리,미금역 방면,직진,14,80.17,593.8,464,10
미금역사거리,미금역 방면,직진,15,84.98,587.1,466,10
미금역사거리,미금역 방면,직진,16,61.54,589.7,468,10
미금역사거리,미금역 방면,직진,17,77.14,592.9,468,10
미금역사거리,미금역 방면,직진,18,83.76,493.1,468,10
미금역사거리,미금역 방면,직진,19,36.62,433.4,467,10
미금역사거리,미금역 방면,직진,20,26.12,398.7,467,10
미금역사거리,미금역 방면,직진,21,20.82,449.9,466,10
미금역사거리,미금역 방면,직진,22,9.87,364.5,466,10
미금역사거리,미금역 방면,직진,23,0.86,297.2,466,10
미금역사거리,정자일로 방면,우회전,0,68.43,50.2,472,10
미금역사거리,정자일로 방면,우회전,1,65.05,31.1,455,10
미금역사거리,정자일로 방면,우회전,2,53.32,20.6,437,10
미금역사거리,정자일로 방면,우회전,3,50.43,15.4,349,10
미금역사거리,정자일로 방면,우회전,4,62.8,21.6,422,10
미금역사거리,정자일로 방면,우회전,5,64.47,41.1,470,10
미금역사거리,정자일로 방면,우회전,6,67.86,75.3,473,10
미금역사거리,정자일로 방면,우회전,7,70.02,124.9,477,10
미금역사거리,정자일로 방면,우회전,8,71.1,125.6,474,10
미금역사거리,정자일로 방면,우회전,9,70.65,143.1,477,10
미금역사거리,정자일로 방면,우회전,10,70.65,159.7,477,10
미금역사거리,정자일로 방면,우회전,11,70.86,161.9,477,10
미금역사거리,정자일로 방면,우회전,12,71.01,161.9,476,10
미금역사거리,정자일로 방면,우회전,13,70.95,168.3,475,10
미금역사거리,정자일로 방면,우회전,14,70.95,175.1,475,10
미금역사거리,정자일로 방면,우회전,15,70.95,182.1,475,10
미금역사거리,정자일로 방면,우회전,16,70.65,188.6,477,10
미금역사거리,정자일로 방면,우회전,17,70.65,202.0,477,10
미금역사거리,정자일로 방면,우회전,18,70.65,200.7,477,10
미금역사거리,정자일로 방면,우회전,19,70.8,180.3,476,10
미금역사거리,정자일로 방면,우회전,20,70.8,150.6,476,10
미금역사거리,정자일로 방면,우회전,21,70.95,130.8,475,10
미금역사거리,정자일로 방면,우회전,22,70.95,108.1,475,10
미금역사거리,정자일로 방면,우회전,23,70.74,81.0,475,10
미금역사거리,정자일로 방면,좌회전,0,5.07,75.8,473,10
미금역사거리,정자일로 방면,좌회전,1,16.03,52.9,474,10
미금역사거리,정자일로 방면,좌회전,2,15.92,32.9,471,10
미금역사거리,정자일로 방면,좌회전,3,29.44,23.4,462,10
미금역사거리,정자일로 방면,좌회전,4,7.66,30.4,470,10
미금역사거리,정자일로 방면,좌회전,5,4.0,52.9,475,10
미금역사거리,정자일로 방면,좌회전,6,1.47,144.9,476,10
미금역사거리,정자일로 방면,좌회전,7,1.05,326.0,477,10
미금역사거리,정자일로 방면,좌회전,8,3.35,416.5,477,10
미금역사거리,정자일로 방면,좌회전,9,0.42,399.9,477,10
미금역사거리,정자일로 방면,좌회전,10,0.21,324.4,477,10
미금역사거리,정자일로 방면,좌회전,11,0.63,277.2,477,10
미금역사거리,정자일로 방면,좌회전,12,0.21,256.6,476,10
미금역사거리,정자일로 방면,좌회전,13,0.42,290.3,475,10
미금역사거리,정자일로 방면,좌회전,14,0.63,306.0,475,10
미금역사거리,정자일로 방면,좌회전,15,1.47,321.1,475,10
미금역사거리,정자일로 방면,좌회전,16,7.34,308.2,477,10
미금역사거리,정자일로 방면,좌회전,17,29.98,265.6,477,10
미금역사거리,정자일로 방면,좌회전,18,30.61,217.6,477,10
미금역사거리,정자일로 방면,좌회전,19,1.89,239.0,477,10
미금역사거리,정자일로 방면,좌회전,20,0.84,203.3,477,10
미금역사거리,정자일로 방면,좌회전,21,0.21,198.6,477,10
미금역사거리,정자일로 방면,좌회전,22,2.73,145.0,477,10
미금역사거리,정자일로 방면,좌회전,23,9.03,113.6,476,10
미금역사거리,정자일로 방면,직진,0,10.76,85.6,474,10
미금역사거리,정자일로 방면,직진,1,21.26,62.4,475,10
미금역사거리,정자일로 방면,직진,2,20.04,39.6,474,10
미금역사거리,정자일로 방면,직진,3,30.44,33.9,473,10
미금역사거리,정자일로 방면,직진,4,5.49,47.3,474,10
미금역사거리,정자일로 방면,직진,5,9.43,91.5,477,10
미금역사거리,정자일로 방면,직진,6,10.27,263.5,477,10
미금역사거리,정자일로 방면,직진,7,15.09,390.4,477,10
미금역사거리,정자일로 방면,직진,8,39.2,559.5,477,10
미금역사거리,정자일로 방면,직진,9,36.69,544.6,477,10
미금역사거리,정자일로 방면,직진,10,33.54,532.9,477,10
미금역사거리,정자일로 방면,직진,11,16.98,449.1,477,10
미금역사거리,정자일로 방면,직진,12,25.42,477.7,476,10
미금역사거리,정자일로 방면,직진,13,44.42,547.7,475,10
미금역사거리,정자일로 방면,직진,14,45.89,546.2,475,10
미금역사거리,정자일로 방면,직진,15,49.68,530.9,475,10
미금역사거리,정자일로 방면,직진,16,56.18,538.2,477,10
미금역사거리,정자일로 방면,직진,17,59.96,561.9,477,10
미금역사거리,정자일로 방면,직진,18,60.38,538.9,477,10
미금역사거리,정자일로 방면,직진,19,33.12,469.6,477,10
미금역사거리,정자일로 방면,직진,20,26.42,402.2,477,10
미금역사거리,정자일로 방면,직진,21,33.54,377.9,477,10
미금역사거리,정자일로 방면,직진,22,47.38,265.4,477,10
미금역사거리,정자일로 방면,직진,23,44.23,140.4,477,10
미금역사거리,청송마을 사거리 방면,우회전,0,52.83,52.1,460,10
미금역사거리,청송마을 사거리 방면,우회전,1,22.93,28.8,458,10
미금역사거리,청송마을 사거리 방면,우회전,2,10.28,19.4,428,10
미금역사거리,청송마을 사거리 방면,우회전,3,6.62,15.5,393,10
미금역사거리,청송마을 사거리 방면,우회전,4,16.21,19.0,438,10
미금역사거리,청송마을 사거리 방면,우회전,5,43.6,42.4,461,10
미금역사거리,청송마을 사거리 방면,우회전,6,63.58,97.7,464,10
미금역사거리,청송마을 사거리 방면,우회전,7,48.01,160.8,477,10
미금역사거리,청송마을 사거리 방면,우회전,8,53.46,194.3,477,10
미금역사거리,청송마을 사거리 방면,우회전,9,60.0,187.6,470,10
미금역사거리,청송마을 사거리 방면,우회전,10,80.51,184.6,472,10
미금역사거리,청송마을 사거리 방면,우회전,11,86.5,193.5,474,10
미금역사거리,청송마을 사거리 방면,우회전,12,87.69,187.9,471,10
미금역사거리,청송마을 사거리 방면,우회전,13,88.77,180.2,472,10
미금역사거리,청송마을 사거리 방면,우회전,14,87.76,187.7,474,10
미금역사거리,청송마을 사거리 방면,우회전,15,87.76,202.1,474,10
미금역사거리,청송마을 사거리 방면,우회전,16,85.12,218.5,477,10
미금역사거리,청송마을 사거리 방면,우회전,17,88.05,235.4,477,10
미금역사거리,청송마을 사거리 방면,우회전,18,89.05,227.1,475,10
미금역사거리,청송마을 사거리 방면,우회전,19,86.53,194.9,475,10
미금역사거리,청송마을 사거리 방면,우회전,20,86.08,154.1,474,10
미금역사거리,청송마을 사거리 방면,우회전,21,83.76,140.1,474,10
미금역사거리,청송마을 사거리 방면,우회전,22,83.62,140.8,470,10
미금역사거리,청송마을 사거리 방면,우회전,23,74.08,80.1,463,10
미금역사거리,청송마을 사거리 방면,좌회전,0,10.34,21.8,377,10
미금역사거리,청송마을 사거리 방면,좌회전,1,28.21,16.3,319,10
미금역사거리,청송마을 사거리 방면,좌회전,2,43.06,12.7,216,10
미금역사거리,청송마을 사거리 방면,좌회전,3,48.28,11.7,87,10
미금역사거리,청송마을 사거리 방면,좌회전,4,40.0,11.4,15,10
미금역사거리,청송마을 사거리 방면,좌회전,5,18.9,13.6,254,10
미금역사거리,청송마을 사거리 방면,좌회전,6,4.32,19.8,370,10
미금역사거리,청송마을 사거리 방면,좌회전,7,1.29,37.9,389,10
미금역사거리,청송마을 사거리 방면,좌회전,8,0.51,76.6,390,10
미금역사거리,청송마을 사거리 방면,좌회전,9,0.26,85.1,391,10
미금역사거리,청송마을 사거리 방면,좌회전,10,0.25,87.5,394,10
미금역사거리,청송마을 사거리 방면,좌회전,11,0.0,90.3,394,10
미금역사거리,청송마을 사거리 방면,좌회전,12,0.0,90.2,390,10
미금역사거리,청송마을 사거리 방면,좌회전,13,0.0,88.8,388,10
미금역사거리,청송마을 사거리 방면,좌회전,14,0.0,98.3,389,10
미금역사거리,청송마을 사거리 방면,좌회전,15,0.26,98.2,390,10
미금역사거리,청송마을 사거리 방면,좌회전,16,0.76,96.5,393,10
미금역사거리,청송마을 사거리 방면,좌회전,17,0.51,95.2,392,10
미금역사거리,청송마을 사거리 방면,좌회전,18,0.26,85.7,392,10
미금역사거리,청송마을 사거리 방면,좌회전,19,0.0,80.8,392,10
미금역사거리,청송마을 사거리 방면,좌회전,20,0.0,58.1,390,10
미금역사거리,청송마을 사거리 방면,좌회전,21,0.0,56.8,389,10
미금역사거리,청송마을 사거리 방면,좌회전,22,0.26,45.6,388,10
미금역사거리,청송마을 사거리 방면,좌회전,23,2.83,30.7,389,10
미금역사거리,청송마을 사거리 방면,직진,0,28.48,177.0,474,10
미금역사거리,청송마을 사거리 방면,직진,1,9.53,102.5,472,10
미금역사거리,청송마을 사거리 방면,직진,2,13.65,71.0,469,10
미금역사거리,청송마을 사거리 방면,직진,3,12.28,55.0,464,10
미금역사거리,청송마을 사거리 방면,직진,4,9.31,56.9,462,10
미금역사거리,청송마을 사거리 방면,직진,5,13.68,116.3,468,10
미금역사거리,청송마을 사거리 방면,직진,6,38.36,267.3,477,10
미금역사거리,청송마을 사거리 방면,직진,7,9.43,574.2,477,10
미금역사거리,청송마을 사거리 방면,직진,8,12.58,801.4,477,10
미금역사거리,청송마을 사거리 방면,직진,9,20.96,647.0,477,10
미금역사거리,청송마을 사거리 방면,직진,10,32.7,617.0,477,10
미금역사거리,청송마을 사거리 방면,직진,11,33.96,601.9,477,10
미금역사거리,청송마을 사거리 방면,직진,12,37.18,588.4,476,10
미금역사거리,청송마을 사거리 방면,직진,13,41.05,585.5,475,10
미금역사거리,청송마을 사거리 방면,직진,14,47.16,602.5,475,10
미금역사거리,청송마을 사거리 방면,직진,15,51.79,646.1,475,10
미금역사거리,청송마을 사거리 방면,직진,16,55.56,697.4,477,10
미금역사거리,청송마을 사거리 방면,직진,17,69.6,766.3,477,10
미금역사거리,청송마을 사거리 방면,직진,18,85.12,774.5,477,10
미금역사거리,청송마을 사거리 방면,직진,19,73.79,756.3,477,10
미금역사거리,청송마을 사거리 방면,직진,20,49.69,589.3,477,10
미금역사거리,청송마을 사거리 방면,직진,21,34.59,501.3,477,10
미금역사거리,청송마을 사거리 방면,직진,22,19.92,528.3,477,10
미금역사거리,청송마을 사거리 방면,직진,23,20.59,295.1,476,10
오리삼거리,농수산물센터 방면,우회전,0,31.35,36.1,437,10
오리삼거리,농수산물센터 방면,우회전,1,15.51,25.1,419,10
오리삼거리,농수산물센터 방면,우회전,2,8.29,20.3,386,10
오리삼거리,농수산물센터 방면,우회전,3,3.87,14.8,310,10
오리삼거리,농수산물센터 방면,우회전,4,20.97,22.4,391,10
오리삼거리,농수산물센터 방면,우회전,5,47.43,54.3,428,10
오리삼거리,농수산물센터 방면,우회전,6,1.11,131.8,449,10
오리삼거리,농수산물센터 방면,우회전,7,21.7,282.1,470,10
오리삼거리,농수산물센터 방면,우회전,8,28.87,340.2,471,10
오리삼거리,농수산물센터 방면,우회전,9,21.23,287.2,471,10
오리삼거리,농수산물센터 방면,우회전,10,25.48,211.1,471,10
오리삼거리,농수산물센터 방면,우회전,11,28.18,175.9,472,10
오리삼거리,농수산물센터 방면,우회전,12,38.43,194.2,471,10
오리삼거리,농수산물센터 방면,우회전,13,33.9,220.1,469,10
오리삼거리,농수산물센터 방면,우회전,14,32.48,207.3,471,10
오리삼거리,농수산물센터 방면,우회전,15,30.57,201.8,471,10
오리삼거리,농수산물센터 방면,우회전,16,15.86,195.0,473,10
오리삼거리,농수산물센터 방면,우회전,17,23.09,204.2,472,10
오리삼거리,농수산물센터 방면,우회전,18,28.78,190.4,469,10
오리삼거리,농수산물센터 방면,우회전,19,22.65,155.8,468,10
오리삼거리,농수산물센터 방면,우회전,20,22.46,124.0,463,10
오리삼거리,농수산물센터 방면,우회전,21,14.53,106.1,461,10
오리삼거리,농수산물센터 방면,우회전,22,8.3,84.2,458,10
오리삼거리,농수산물센터 방면,우회전,23,19.38,52.9,449,10
오리삼거리,농수산물센터 방면,직진,0,17.61,189.4,460,10
오리삼거리,농수산물센터 방면,직진,1,22.08,138.6,453,10
오리삼거리,농수산물센터 방면,직진,2,19.47,90.2,452,10
오리삼거리,농수산물센터 방면,직진,3,7.54,71.7,451,10
오리삼거리,농수산물센터 방면,직진,4,11.87,95.6,455,10
오리삼거리,농수산물센터 방면,직진,5,12.64,204.6,459,10
오리삼거리,농수산물센터 방면,직진,6,1.07,589.1,468,10
오리삼거리,농수산물센터 방면,직진,7,21.4,1360.5,472,10
오리삼거리,농수산물센터 방면,직진,8,17.58,1426.8,472,10
오리삼거리,농수산물센터 방면,직진,9,8.69,1197.9,472,10
오리삼거리,농수산물센터 방면,직진,10,3.61,926.8,471,10
오리삼거리,농수산물센터 방면,직진,11,2.12,756.2,472,10
오리삼거리,농수산물센터 방면,직진,12,1.91,700.8,471,10
오리삼거리,농수산물센터 방면,직진,13,2.77,777.3,470,10
오리삼거리,농수산물센터 방면,직진,14,3.18,779.6,471,10
오리삼거리,농수산물센터 방면,직진,15,2.12,777.0,471,10
오리삼거리,농수산물센터 방면,직진,16,2.11,813.4,473,10
오리삼거리,농수산물센터 방면,직진,17,3.18,811.8,472,10
오리삼거리,농수산물센터 방면,직진,18,4.45,706.6,472,10
오리삼거리,농수산물센터 방면,직진,19,1.27,587.3,471,10
오리삼거리,농수산물센터 방면,직진,20,1.27,495.3,472,10
오리삼거리,농수산물센터 방면,직진,21,1.91,502.8,471,10
오리삼거리,농수산물센터 방면,직진,22,0.85,412.8,472,10
오리삼거리,농수산물센터 방면,직진,23,0.85,299.9,470,10
오리삼거리,오리교1사거리 방면,우회전,0,26.98,64.1,430,10
오리삼거리,오리교1사거리 방면,우회전,1,21.46,44.2,424,10
오리삼거리,오리교1사거리 방면,우회전,2,13.91,30.9,417,10
오리삼거리,오리교1사거리 방면,우회전,3,4.4,24.5,409,10
오리삼거리,오리교1사거리 방면,우회전,4,8.06,35.1,422,10
오리삼거리,오리교1사거리 방면,우회전,5,35.79,39.7,447,10
오리삼거리,오리교1사거리 방면,우회전,6,57.11,81.4,457,10
오리삼거리,오리교1사거리 방면,우회전,7,70.68,120.4,457,10
오리삼거리,오리교1사거리 방면,우회전,8,77.92,138.7,453,10
오리삼거리,오리교1사거리 방면,우회전,9,86.42,137.4,464,10
오리삼거리,오리교1사거리 방면,우회전,10,92.93,130.9,467,10
오리삼거리,오리교1사거리 방면,우회전,11,91.65,130.0,467,10
오리삼거리,오리교1사거리 방면,우회전,12,89.91,128.0,466,10
오리삼거리,오리교1사거리 방면,우회전,13,91.65,129.6,467,10
오리삼거리,오리교1사거리 방면,우회전,14,90.36,128.2,467,10
오리삼거리,오리교1사거리 방면,우회전,15,93.13,130.4,466,10
오리삼거리,오리교1사거리 방면,우회전,16,88.03,135.3,468,10
오리삼거리,오리교1사거리 방면,우회전,17,96.15,156.1,468,10
오리삼거리,오리교1사거리 방면,우회전,18,97.43,139.3,467,10
오리삼거리,오리교1사거리 방면,우회전,19,92.22,105.2,463,10
오리삼거리,오리교1사거리 방면,우회전,20,89.87,94.8,454,10
오리삼거리,오리교1사거리 방면,우회전,21,82.24,91.1,456,10
오리삼거리,오리교1사거리 방면,우회전,22,65.93,82.5,452,10
오리삼거리,오리교1사거리 방면,우회전,23,37.19,79.8,449,10
오리삼거리,오리교1사거리 방면,좌회전,0,6.9,40.9,464,10
오리삼거리,오리교1사거리 방면,좌회전,1,15.89,25.6,453,10
오리삼거리,오리교1사거리 방면,좌회전,2,28.03,17.2,396,10
오리삼거리,오리교1사거리 방면,좌회전,3,23.16,14.9,380,10
오리삼거리,오리교1사거리 방면,좌회전,4,3.33,18.3,420,10
오리삼거리,오리교1사거리 방면,좌회전,5,1.31,43.1,457,10
오리삼거리,오리교1사거리 방면,좌회전,6,2.36,104.5,467,10
오리삼거리,오리교1사거리 방면,좌회전,7,1.5,152.9,467,10
오리삼거리,오리교1사거리 방면,좌회전,8,1.93,179.3,467,10
오리삼거리,오리교1사거리 방면,좌회전,9,1.5,194.5,467,10
오리삼거리,오리교1사거리 방면,좌회전,10,1.5,216.5,467,10
오리삼거리,오리교1사거리 방면,좌회전,11,1.07,232.0,467,10
오리삼거리,오리교1사거리 방면,좌회전,12,0.86,213.1,466,10
오리삼거리,오리교1사거리 방면,좌회전,13,0.43,192.5,467,10
오리삼거리,오리교1사거리 방면,좌회전,14,1.71,213.8,467,10
오리삼거리,오리교1사거리 방면,좌회전,15,3.22,226.9,466,10
오리삼거리,오리교1사거리 방면,좌회전,16,4.7,237.9,468,10
오리삼거리,오리교1사거리 방면,좌회전,17,18.38,211.1,468,10
오리삼거리,오리교1사거리 방면,좌회전,18,57.17,155.8,467,10
오리삼거리,오리교1사거리 방면,좌회전,19,13.28,135.6,467,10
오리삼거리,오리교1사거리 방면,좌회전,20,3.85,135.7,467,10
오리삼거리,오리교1사거리 방면,좌회전,21,3.85,124.1,467,10
오리삼거리,오리교1사거리 방면,좌회전,22,4.71,97.8,467,10
오리삼거리,오리교1사거리 방면,좌회전,23,5.78,66.0,467,10
오리삼거리,오리역 방면,좌회전,0,64.08,21.7,103,10
오리삼거리,오리역 방면,좌회전,1,92.86,23.5,28,10
오리삼거리,오리역 방면,좌회전,2,100.0,20.3,21,10
오리삼거리,오리역 방면,좌회전,3,100.0,15.0,18,10
오리삼거리,오리역 방면,좌회전,4,64.39,14.9,264,10
오리삼거리,오리역 방면,좌회전,5,46.63,36.3,371,10
오리삼거리,오리역 방면,좌회전,6,39.4,50.0,368,10
오리삼거리,오리역 방면,좌회전,7,31.46,88.7,391,10
오리삼거리,오리역 방면,좌회전,8,28.13,107.6,391,10
오리삼거리,오리역 방면,좌회전,9,27.49,74.2,382,10
오리삼거리,오리역 방면,좌회전,10,20.78,68.7,385,10
오리삼거리,오리역 방면,좌회전,11,17.27,78.9,388,10
오리삼거리,오리역 방면,좌회전,12,15.09,87.6,391,10
오리삼거리,오리역 방면,좌회전,13,16.2,94.5,395,10
오리삼거리,오리역 방면,좌회전,14,15.66,105.4,396,10
오리삼거리,오리역 방면,좌회전,15,17.9,106.1,391,10
오리삼거리,오리역 방면,좌회전,16,18.7,96.8,385,10
오리삼거리,오리역 방면,좌회전,17,21.28,105.0,390,10
오리삼거리,오리역 방면,좌회전,18,22.62,100.6,389,10
오리삼거리,오리역 방면,좌회전,19,25.83,83.2,391,10
오리삼거리,오리역 방면,좌회전,20,23.5,57.8,383,10
오리삼거리,오리역 방면,좌회전,21,26.74,51.6,374,10
오리삼거리,오리역 방면,좌회전,22,28.84,45.4,371,10
오리삼거리,오리역 방면,좌회전,23,61.15,23.7,296,10
오리삼거리,오리역 방면,직진,0,32.97,210.6,455,10
오리삼거리,오리역 방면,직진,1,27.97,117.4,454,10
오리삼거리,오리역 방면,직진,2,26.11,72.7,452,10
오리삼거리,오리역 방면,직진,3,25.17,56.5,449,10
오리삼거리,오리역 방면,직진,4,23.56,63.3,450,10
오리삼거리,오리역 방면,직진,5,30.55,139.3,455,10
오리삼거리,오리역 방면,직진,6,55.73,355.4,454,10
오리삼거리,오리역 방면,직진,7,68.14,654.6,452,10
오리삼거리,오리역 방면,직진,8,71.02,794.4,452,10
오리삼거리,오리역 방면,직진,9,73.95,736.8,453,10
오리삼거리,오리역 방면,직진,10,75.06,749.4,453,10
오리삼거리,오리역 방면,직진,11,75.82,787.9,455,10
오리삼거리,오리역 방면,직진,12,77.09,807.7,454,10
오리삼거리,오리역 방면,직진,13,78.19,841.1,454,10
오리삼거리,오리역 방면,직진,14,80.4,874.1,454,10
오리삼거리,오리역 방면,직진,15,85.24,917.5,454,10
오리삼거리,오리역 방면,직진,16,84.65,998.1,456,10
오리삼거리,오리역 방면,직진,17,90.55,1064.9,455,10
오리삼거리,오리역 방면,직진,18,96.93,978.5,456,10
오리삼거리,오리역 방면,직진,19,84.62,939.3,455,10
오리삼거리,오리역 방면,직진,20,79.17,775.7,456,10
오리삼거리,오리역 방면,직진,21,78.95,673.1,456,10
오리삼거리,오리역 방면,직진,22,78.24,637.0,455,10
오리삼거리,오리역 방면,직진,23,68.57,354.7,455,10
동막교사거리,경기고속삼거리 방면,우회전,0,7.21,24.3,333,15
동막교사거리,경기고속삼거리 방면,우회전,1,2.6,15.3,269,15
동막교사거리,경기고속삼거리 방면,우회전,2,3.45,12.7,116,15
동막교사거리,경기고속삼거리 방면,우회전,3,0.9,11.8,111,15
동막교사거리,경기고속삼거리 방면,우회전,4,0.58,26.3,347,15
동막교사거리,경기고속삼거리 방면,우회전,5,2.22,53.6,360,15
동막교사거리,경기고속삼거리 방면,우회전,6,5.52,73.3,362,15
동막교사거리,경기고속삼거리 방면,우회전,7,0.53,104.1,376,15
동막교사거리,경기고속삼거리 방면,우회전,8,3.71,101.6,377,15
동막교사거리,경기고속삼거리 방면,우회전,9,7.63,100.9,380,15
동막교사거리,경기고속삼거리 방면,우회전,10,11.32,99.2,380,15
동막교사거리,경기고속삼거리 방면,우회전,11,23.16,104.9,380,15
동막교사거리,경기고속삼거리 방면,우회전,12,31.48,105.0,378,15
동막교사거리,경기고속삼거리 방면,우회전,13,22.87,115.0,376,15
동막교사거리,경기고속삼거리 방면,우회전,14,20.74,111.3,376,15
동막교사거리,경기고속삼거리 방면,우회전,15,19.89,107.1,377,15
동막교사거리,경기고속삼거리 방면,우회전,16,15.08,108.4,378,15
동막교사거리,경기고속삼거리 방면,우회전,17,18.77,118.0,373,15
동막교사거리,경기고속삼거리 방면,우회전,18,26.33,107.2,376,15
동막교사거리,경기고속삼거리 방면,우회전,19,11.23,92.4,374,15
동막교사거리,경기고속삼거리 방면,우회전,20,13.28,86.2,369,15
동막교사거리,경기고속삼거리 방면,우회전,21,15.36,79.9,371,15
동막교사거리,경기고속삼거리 방면,우회전,22,8.13,69.6,369,15
동막교사거리,경기고속삼거리 방면,우회전,23,6.67,39.5,360,15
동막교사거리,경기고속삼거리 방면,좌회전,0,5.07,26.4,335,15
동막교사거리,경기고속삼거리 방면,좌회전,1,13.71,14.4,248,15
동막교사거리,경기고속삼거리 방면,좌회전,2,13.0,12.1,100,15
동막교사거리,경기고속삼거리 방면,좌회전,3,42.22,11.0,45,15
동막교사거리,경기고속삼거리 방면,좌회전,4,25.82,12.7,182,15
동막교사거리,경기고속삼거리 방면,좌회전,5,6.44,20.7,326,15
동막교사거리,경기고속삼거리 방면,좌회전,6,1.12,54.6,358,15
동막교사거리,경기고속삼거리 방면,좌회전,7,1.86,99.4,376,15
동막교사거리,경기고속삼거리 방면,좌회전,8,3.69,120.7,379,15
동막교사거리,경기고속삼거리 방면,좌회전,9,0.26,127.7,380,15
동막교사거리,경기고속삼거리 방면,좌회전,10,0.0,122.8,380,15
동막교사거리,경기고속삼거리 방면,좌회전,11,0.0,133.9,380,15
동막교사거리,경기고속삼거리 방면,좌회전,12,0.0,137.0,379,15
동막교사거리,경기고속삼거리 방면,좌회전,13,0.0,140.8,377,15
동막교사거리,경기고속삼거리 방면,좌회전,14,0.0,149.2,377,15
동막교사거리,경기고속삼거리 방면,좌회전,15,0.0,150.0,379,15
동막교사거리,경기고속삼거리 방면,좌회전,16,0.0,162.4,378,15
동막교사거리,경기고속삼거리 방면,좌회전,17,0.26,174.9,379,15
동막교사거리,경기고속삼거리 방면,좌회전,18,0.0,141.0,377,15
동막교사거리,경기고속삼거리 방면,좌회전,19,0.0,108.3,368,15
동막교사거리,경기고속삼거리 방면,좌회전,20,0.0,87.1,366,15
동막교사거리,경기고속삼거리 방면,좌회전,21,0.28,81.0,363,15
동막교사거리,경기고속삼거리 방면,좌회전,22,0.84,64.8,359,15
동막교사거리,경기고속삼거리 방면,좌회전,23,2.54,45.7,355,15
동막교사거리,경기고속삼거리 방면,직진,0,10.71,28.1,336,15
동막교사거리,경기고속삼거리 방면,직진,1,15.14,16.3,284,15
동막교사거리,경기고속삼거리 방면,직진,2,16.67,12.9,144,15
동막교사거리,경기고속삼거리 방면,직진,3,17.74,12.1,62,15
동막교사거리,경기고속삼거리 방면,직진,4,25.41,13.6,244,15
동막교사거리,경기고속삼거리 방면,직진,5,18.84,32.6,345,15
동막교사거리,경기고속삼거리 방면,직진,6,0.0,62.9,357,15
동막교사거리,경기고속삼거리 방면,직진,7,1.86,108.2,377,15
동막교사거리,경기고속삼거리 방면,직진,8,2.89,150.1,381,15
동막교사거리,경기고속삼거리 방면,직진,9,0.79,108.8,380,15
동막교사거리,경기고속삼거리 방면,직진,10,17.85,112.5,381,15
동막교사거리,경기고속삼거리 방면,직진,11,31.94,123.5,382,15
동막교사거리,경기고속삼거리 방면,직진,12,32.89,127.1,380,15
동막교사거리,경기고속삼거리 방면,직진,13,29.37,136.4,378,15
동막교사거리,경기고속삼거리 방면,직진,14,30.85,146.1,376,15
동막교사거리,경기고속삼거리 방면,직진,15,26.79,166.7,377,15
동막교사거리,경기고속삼거리 방면,직진,16,2.36,181.0,381,15
동막교사거리,경기고속삼거리 방면,직진,17,4.18,204.0,383,15
동막교사거리,경기고속삼거리 방면,직진,18,6.28,184.8,382,15
동막교사거리,경기고속삼거리 방면,직진,19,2.67,160.9,374,15
동막교사거리,경기고속삼거리 방면,직진,20,1.34,125.8,373,15
동막교사거리,경기고속삼거리 방면,직진,21,0.82,111.3,365,15
동막교사거리,경기고속삼거리 방면,직진,22,0.28,95.1,361,15
동막교사거리,경기고속삼거리 방면,직진,23,0.28,57.9,357,15
동막교사거리,동막교삼거리 방면,우회전,0,1.12,18.4,356,15
동막교사거리,동막교삼거리 방면,우회전,1,0.72,13.7,276,15
동막교사거리,동막교삼거리 방면,우회전,2,0.0,11.1,65,15
동막교사거리,동막교삼거리 방면,우회전,3,0.58,12.0,171,15
동막교사거리,동막교삼거리 방면,우회전,4,1.13,19.6,355,15
동막교사거리,동막교삼거리 방면,우회전,5,3.23,43.6,371,15
동막교사거리,동막교삼거리 방면,우회전,6,1.08,70.6,371,15
동막교사거리,동막교삼거리 방면,우회전,7,1.6,123.0,376,15
동막교사거리,동막교삼거리 방면,우회전,8,7.87,224.0,381,15
동막교사거리,동막교삼거리 방면,우회전,9,15.0,228.6,380,15
동막교사거리,동막교삼거리 방면,우회전,10,22.37,221.9,380,15
동막교사거리,동막교삼거리 방면,우회전,11,25.59,205.0,379,15
동막교사거리,동막교삼거리 방면,우회전,12,36.05,211.5,380,15
동막교사거리,동막교삼거리 방면,우회전,13,36.94,222.8,379,15
동막교사거리,동막교삼거리 방면,우회전,14,41.73,213.2,381,15
동막교사거리,동막교삼거리 방면,우회전,15,48.69,214.7,382,15
동막교사거리,동막교삼거리 방면,우회전,16,38.9,223.8,383,15
동막교사거리,동막교삼거리 방면,우회전,17,53.14,232.0,382,15
동막교사거리,동막교삼거리 방면,우회전,18,62.99,227.5,381,15
동막교사거리,동막교삼거리 방면,우회전,19,36.87,163.5,377,15
동막교사거리,동막교삼거리 방면,우회전,20,45.04,116.0,373,15
동막교사거리,동막교삼거리 방면,우회전,21,35.58,88.9,371,15
동막교사거리,동막교삼거리 방면,우회전,22,19.09,62.0,372,15
동막교사거리,동막교삼거리 방면,우회전,23,3.78,35.1,370,15
동막교사거리,동막교삼거리 방면,좌회전,0,0.55,29.8,363,15
동막교사거리,동막교삼거리 방면,좌회전,1,3.3,20.4,333,15
동막교사거리,동막교삼거리 방면,좌회전,2,3.63,14.6,248,15
동막교사거리,동막교삼거리 방면,좌회전,3,1.54,11.8,130,15
동막교사거리,동막교삼거리 방면,좌회전,4,6.86,12.8,204,15
동막교사거리,동막교삼거리 방면,좌회전,5,0.82,29.9,365,15
동막교사거리,동막교삼거리 방면,좌회전,6,2.18,56.1,367,15
동막교사거리,동막교삼거리 방면,좌회전,7,0.26,123.7,378,15
동막교사거리,동막교삼거리 방면,좌회전,8,0.0,176.7,380,15
동막교사거리,동막교삼거리 방면,좌회전,9,0.0,126.7,380,15
동막교사거리,동막교삼거리 방면,좌회전,10,0.0,117.1,380,15
동막교사거리,동막교삼거리 방면,좌회전,11,0.0,117.1,379,15
동막교사거리,동막교삼거리 방면,좌회전,12,0.0,122.5,379,15
동막교사거리,동막교삼거리 방면,좌회전,13,0.0,132.4,376,15
동막교사거리,동막교삼거리 방면,좌회전,14,0.0,139.3,378,15
동막교사거리,동막교삼거리 방면,좌회전,15,0.0,155.2,384,15
동막교사거리,동막교삼거리 방면,좌회전,16,0.0,176.3,381,15
동막교사거리,동막교삼거리 방면,좌회전,17,0.26,204.2,383,15
동막교사거리,동막교삼거리 방면,좌회전,18,0.0,215.3,378,15
동막교사거리,동막교삼거리 방면,좌회전,19,0.0,183.2,377,15
동막교사거리,동막교삼거리 방면,좌회전,20,0.27,122.5,376,15
동막교사거리,동막교삼거리 방면,좌회전,21,0.27,101.9,377,15
동막교사거리,동막교삼거리 방면,좌회전,22,0.0,103.1,371,15
동막교사거리,동막교삼거리 방면,좌회전,23,0.0,51.8,371,15
동막교사거리,동막교삼거리 방면,직진,0,1.59,231.6,378,15
동막교사거리,동막교삼거리 방면,직진,1,1.6,133.3,375,15
동막교사거리,동막교삼거리 방면,직진,2,1.08,87.5,372,15
동막교사거리,동막교삼거리 방면,직진,3,1.61,68.5,372,15
동막교사거리,동막교삼거리 방면,직진,4,1.87,74.6,374,15
동막교사거리,동막교삼거리 방면,직진,5,2.39,162.3,376,15
동막교사거리,동막교삼거리 방면,직진,6,5.53,417.8,380,15
동막교사거리,동막교삼거리 방면,직진,7,30.45,826.0,381,15
동막교사거리,동막교삼거리 방면,직진,8,79.06,1056.3,382,15
동막교사거리,동막교삼거리 방면,직진,9,72.7,930.7,381,15
동막교사거리,동막교삼거리 방면,직진,10,80.94,907.3,383,15
동막교사거리,동막교삼거리 방면,직진,11,87.43,922.8,382,15
동막교사거리,동막교삼거리 방면,직진,12,91.84,942.5,380,15
동막교사거리,동막교삼거리 방면,직진,13,96.86,946.7,382,15
동막교사거리,동막교삼거리 방면,직진,14,98.69,978.9,383,15
동막교사거리,동막교삼거리 방면,직진,15,98.44,1039.9,384,15
동막교사거리,동막교삼거리 방면,직진,16,99.48,1105.0,384,15
동막교사거리,동막교삼거리 방면,직진,17,98.96,1195.1,384,15
동막교사거리,동막교삼거리 방면,직진,18,99.22,1162.7,384,15
동막교사거리,동막교삼거리 방면,직진,19,98.7,1079.9,385,15
동막교사거리,동막교삼거리 방면,직진,20,95.83,841.4,384,15
동막교사거리,동막교삼거리 방면,직진,21,88.34,699.7,386,15
동막교사거리,동막교삼거리 방면,직진,22,75.65,684.1,382,15
동막교사거리,동막교삼거리 방면,직진,23,8.36,384.6,383,15
동막교사거리,오리공원 방면,우회전,0,5.12,17.1,254,15
동막교사거리,오리공원 방면,우회전,1,6.01,14.0,183,15
동막교사거리,오리공원 방면,우회전,2,3.41,12.8,88,15
동막교사거리,오리공원 방면,우회전,3,0.0,12.0,81,15
동막교사거리,오리공원 방면,우회전,4,3.07,16.9,261,15
동막교사거리,오리공원 방면,우회전,5,1.12,34.6,357,15
동막교사거리,오리공원 방면,우회전,6,0.27,91.0,375,15
동막교사거리,오리공원 방면,우회전,7,3.1,257.0,387,15
동막교사거리,오리공원 방면,우회전,8,10.34,264.3,387,15
동막교사거리,오리공원 방면,우회전,9,0.78,197.1,385,15
동막교사거리,오리공원 방면,우회전,10,20.57,138.5,384,15
동막교사거리,오리공원 방면,우회전,11,28.8,110.5,382,15
동막교사거리,오리공원 방면,우회전,12,37.01,102.5,381,15
동막교사거리,오리공원 방면,우회전,13,29.37,114.5,378,15
동막교사거리,오리공원 방면,우회전,14,27.82,119.3,381,15
동막교사거리,오리공원 방면,우회전,15,23.42,126.3,380,15
동막교사거리,오리공원 방면,우회전,16,13.87,134.0,382,15
동막교사거리,오리공원 방면,우회전,17,21.93,142.0,383,15
동막교사거리,오리공원 방면,우회전,18,31.68,130.2,382,15
동막교사거리,오리공원 방면,우회전,19,43.57,77.1,381,15
동막교사거리,오리공원 방면,우회전,20,61.48,49.1,379,15
동막교사거리,오리공원 방면,우회전,21,66.14,56.4,378,15
동막교사거리,오리공원 방면,우회전,22,45.45,34.3,374,15
동막교사거리,오리공원 방면,우회전,23,15.47,24.6,349,15
동막교사거리,오리공원 방면,좌회전,8,0.0,10.3,3,15
동막교사거리,오리공원 방면,좌회전,9,0.0,11.4,8,15
동막교사거리,오리공원 방면,좌회전,10,0.0,11.7,7,15
동막교사거리,오리공원 방면,좌회전,11,0.0,11.0,8,15
동막교사거리,오리공원 방면,좌회전,12,0.0,10.3,13,15
동막교사거리,오리공원 방면,좌회전,13,0.0,10.5,14,15
동막교사거리,오리공원 방면,좌회전,14,0.0,10.6,12,15
동막교사거리,오리공원 방면,좌회전,15,0.0,12.3,16,15
동막교사거리,오리공원 방면,좌회전,16,8.33,11.4,12,15
동막교사거리,오리공원 방면,좌회전,17,0.0,10.9,14,15
동막교사거리,오리공원 방면,좌회전,18,0.0,12.7,56,15
동막교사거리,오리공원 방면,좌회전,19,0.0,11.3,3,15
동막교사거리,오리공원 방면,좌회전,20,50.0,10.5,2,15
동막교사거리,오리공원 방면,직진,0,7.91,14.4,177,15
동막교사거리,오리공원 방면,직진,1,13.46,11.5,52,15
동막교사거리,오리공원 방면,직진,2,2.63,11.0,38,15
동막교사거리,오리공원 방면,직진,3,7.32,11.9,82,15
동막교사거리,오리공원 방면,직진,4,3.62,16.7,276,15
동막교사거리,오리공원 방면,직진,5,1.1,55.7,362,15
동막교사거리,오리공원 방면,직진,6,0.0,100.9,361,15
동막교사거리,오리공원 방면,직진,7,0.28,104.4,356,15
동막교사거리,오리공원 방면,직진,8,0.0,120.2,360,15
동막교사거리,오리공원 방면,직진,9,0.27,101.2,376,15
동막교사거리,오리공원 방면,직진,10,0.26,85.6,379,15
동막교사거리,오리공원 방면,직진,11,0.79,70.8,381,15
동막교사거리,오리공원 방면,직진,12,0.26,71.9,380,15
동막교사거리,오리공원 방면,직진,13,0.0,76.0,377,15
동막교사거리,오리공원 방면,직진,14,0.26,74.7,379,15
동막교사거리,오리공원 방면,직진,15,0.0,78.9,379,15
동막교사거리,오리공원 방면,직진,16,0.54,91.4,373,15
동막교사거리,오리공원 방면,직진,17,0.27,95.9,376,15
동막교사거리,오리공원 방면,직진,18,0.26,98.6,381,15
동막교사거리,오리공원 방면,직진,19,1.05,56.3,380,15
동막교사거리,오리공원 방면,직진,20,2.37,44.0,379,15
동막교사거리,오리공원 방면,직진,21,1.32,40.2,378,15
동막교사거리,오리공원 방면,직진,22,4.13,27.0,363,15
동막교사거리,오리공원 방면,직진,23,6.21,17.6,290,15
동막교사거리,오리역 방면,우회전,0,0.0,10.7,3,15
동막교사거리,오리역 방면,우회전,6,0.0,10.5,8,15
동막교사거리,오리역 방면,우회전,7,7.14,11.4,126,15
동막교사거리,오리역 방면,우회전,8,10.17,14.2,295,15
동막교사거리,오리역 방면,우회전,9,4.48,13.2,268,15
동막교사거리,오리역 방면,우회전,10,3.76,12.8,266,15
동막교사거리,오리역 방면,우회전,11,6.76,12.5,222,15
동막교사거리,오리역 방면,우회전,12,5.21,12.7,211,15
동막교사거리,오리역 방면,우회전,13,2.46,13.6,285,15
동막교사거리,오리역 방면,우회전,14,5.09,12.9,216,15
동막교사거리,오리역 방면,우회전,15,4.27,12.2,164,15
동막교사거리,오리역 방면,우회전,16,9.56,11.6,136,15
동막교사거리,오리역 방면,우회전,17,10.24,12.2,166,15
동막교사거리,오리역 방면,우회전,18,10.81,13.5,259,15
동막교사거리,오리역 방면,우회전,19,20.57,12.6,209,15
동막교사거리,오리역 방면,우회전,20,13.95,10.8,43,15
동막교사거리,오리역 방면,우회전,21,14.29,10.8,28,15
동막교사거리,오리역 방면,우회전,22,27.27,10.8,22,15
동막교사거리,오리역 방면,우회전,23,0.0,10.8,5,15
동막교사거리,오리역 방면,좌회전,0,4.55,20.6,352,15
동막교사거리,오리역 방면,좌회전,1,8.22,16.0,292,15
동막교사거리,오리역 방면,좌회전,2,23.53,12.9,170,15
동막교사거리,오리역 방면,좌회전,3,15.25,11.7,59,15
동막교사거리,오리역 방면,좌회전,4,16.48,12.0,182,15
동막교사거리,오리역 방면,좌회전,5,4.44,15.9,338,15
동막교사거리,오리역 방면,좌회전,6,1.06,29.8,376,15
동막교사거리,오리역 방면,좌회전,7,0.0,43.2,377,15
동막교사거리,오리역 방면,좌회전,8,0.0,79.9,381,15
동막교사거리,오리역 방면,좌회전,9,0.0,82.4,382,15
동막교사거리,오리역 방면,좌회전,10,0.0,75.6,383,15
동막교사거리,오리역 방면,좌회전,11,0.0,66.7,383,15
동막교사거리,오리역 방면,좌회전,12,0.0,66.8,381,15
동막교사거리,오리역 방면,좌회전,13,0.0,73.7,378,15
동막교사거리,오리역 방면,좌회전,14,0.0,67.5,380,15
동막교사거리,오리역 방면,좌회전,15,0.0,73.9,380,15
동막교사거리,오리역 방면,좌회전,16,0.0,76.5,382,15
동막교사거리,오리역 방면,좌회전,17,0.0,85.8,383,15
동막교사거리,오리역 방면,좌회전,18,0.26,83.6,383,15
동막교사거리,오리역 방면,좌회전,19,0.0,57.8,382,15
동막교사거리,오리역 방면,좌회전,20,0.0,54.3,380,15
동막교사거리,오리역 방면,좌회전,21,0.0,45.5,381,15
동막교사거리,오리역 방면,좌회전,22,0.53,38.8,380,15
동막교사거리,오리역 방면,좌회전,23,1.33,29.1,377,15
동막교사거리,오리역 방면,직진,0,0.79,245.7,382,15
동막교사거리,오리역 방면,직진,1,0.79,187.3,382,15
동막교사거리,오리역 방면,직진,2,0.79,127.0,381,15
동막교사거리,오리역 방면,직진,3,1.05,91.9,381,15
동막교사거리,오리역 방면,직진,4,2.86,94.2,384,15
동막교사거리,오리역 방면,직진,5,1.04,215.2,385,15
동막교사거리,오리역 방면,직진,6,0.52,553.0,387,15
동막교사거리,오리역 방면,직진,7,5.63,1315.7,391,15
동막교사거리,오리역 방면,직진,8,10.23,1380.5,391,15
동막교사거리,오리역 방면,직진,9,0.26,1196.3,389,15
동막교사거리,오리역 방면,직진,10,0.77,934.1,389,15
동막교사거리,오리역 방면,직진,11,0.77,822.8,388,15
동막교사거리,오리역 방면,직진,12,0.26,791.3,385,15
동막교사거리,오리역 방면,직진,13,0.52,856.3,383,15
동막교사거리,오리역 방면,직진,14,0.0,852.6,387,15
동막교사거리,오리역 방면,직진,15,0.26,874.0,389,15
동막교사거리,오리역 방면,직진,16,0.26,922.9,389,15
동막교사거리,오리역 방면,직진,17,0.52,1012.5,388,15
동막교사거리,오리역 방면,직진,18,1.03,928.5,389,15
동막교사거리,오리역 방면,직진,19,0.0,730.9,388,15
동막교사거리,오리역 방면,직진,20,0.0,619.7,388,15
동막교사거리,오리역 방면,직진,21,0.51,612.4,389,15
동막교사거리,오리역 방면,직진,22,0.78,502.5,387,15
동막교사거리,오리역 방면,직진,23,1.04,374.8,385,15
미금역사거리,까치마을사거리 방면,우회전,0,62.12,36.0,330,15
미금역사거리,까치마을사거리 방면,우회전,1,51.08,31.7,325,15
미금역사거리,까치마을사거리 방면,우회전,2,38.46,21.9,299,15
미금역사거리,까치마을사거리 방면,우회전,3,19.59,15.4,245,15
미금역사거리,까치마을사거리 방면,우회전,4,28.57,12.8,168,15
미금역사거리,까치마을사거리 방면,우회전,5,72.07,14.7,222,15
미금역사거리,까치마을사거리 방면,우회전,6,74.66,27.3,296,15
미금역사거리,까치마을사거리 방면,우회전,7,71.43,46.2,308,15
미금역사거리,까치마을사거리 방면,우회전,8,65.48,60.4,336,15
미금역사거리,까치마을사거리 방면,우회전,9,65.98,68.7,338,15
미금역사거리,까치마을사거리 방면,우회전,10,66.96,74.4,342,15
미금역사거리,까치마을사거리 방면,우회전,11,67.54,76.3,342,15
미금역사거리,까치마을사거리 방면,우회전,12,67.56,69.9,336,15
미금역사거리,까치마을사거리 방면,우회전,13,68.93,66.4,338,15
미금역사거리,까치마을사거리 방면,우회전,14,68.34,73.5,338,15
미금역사거리,까치마을사거리 방면,우회전,15,67.76,74.5,335,15
미금역사거리,까치마을사거리 방면,우회전,16,68.92,70.8,325,15
미금역사거리,까치마을사거리 방면,우회전,17,69.35,64.4,323,15
미금역사거리,까치마을사거리 방면,우회전,18,70.42,56.2,311,15
미금역사거리,까치마을사거리 방면,우회전,19,68.65,48.1,319,15
미금역사거리,까치마을사거리 방면,우회전,20,67.38,44.0,328,15
미금역사거리,까치마을사거리 방면,우회전,21,65.98,45.6,338,15
미금역사거리,까치마을사거리 방면,우회전,22,65.37,42.5,335,15
미금역사거리,까치마을사거리 방면,우회전,23,65.29,41.4,340,15
미금역사거리,까치마을사거리 방면,좌회전,0,4.7,35.9,319,15
미금역사거리,까치마을사거리 방면,좌회전,1,5.96,23.9,302,15
미금역사거리,까치마을사거리 방면,좌회전,2,10.66,17.1,272,15
미금역사거리,까치마을사거리 방면,좌회전,3,8.17,14.7,257,15
미금역사거리,까치마을사거리 방면,좌회전,4,0.99,22.7,304,15
미금역사거리,까치마을사거리 방면,좌회전,5,0.95,48.5,315,15
미금역사거리,까치마을사거리 방면,좌회전,6,3.42,91.7,322,15
미금역사거리,까치마을사거리 방면,좌회전,7,2.18,186.3,321,15
미금역사거리,까치마을사거리 방면,좌회전,8,0.95,216.7,317,15
미금역사거리,까치마을사거리 방면,좌회전,9,3.42,199.1,322,15
미금역사거리,까치마을사거리 방면,좌회전,10,5.78,164.4,329,15
미금역사거리,까치마을사거리 방면,좌회전,11,8.54,156.0,328,15
미금역사거리,까치마을사거리 방면,좌회전,12,9.57,146.0,324,15
미금역사거리,까치마을사거리 방면,좌회전,13,11.08,144.9,325,15
미금역사거리,까치마을사거리 방면,좌회전,14,11.15,145.4,323,15
미금역사거리,까치마을사거리 방면,좌회전,15,15.12,148.2,324,15
미금역사거리,까치마을사거리 방면,좌회전,16,16.82,154.4,321,15
미금역사거리,까치마을사거리 방면,좌회전,17,33.33,149.6,321,15
미금역사거리,까치마을사거리 방면,좌회전,18,42.32,149.3,319,15
미금역사거리,까치마을사거리 방면,좌회전,19,16.05,145.7,324,15
미금역사거리,까치마을사거리 방면,좌회전,20,6.19,130.5,323,15
미금역사거리,까치마을사거리 방면,좌회전,21,3.08,120.0,325,15
미금역사거리,까치마을사거리 방면,좌회전,22,3.4,113.0,324,15
미금역사거리,까치마을사거리 방면,좌회전,23,22.22,61.9,324,15
미금역사거리,까치마을사거리 방면,직진,0,0.89,101.9,224,15
미금역사거리,까치마을사거리 방면,직진,1,1.82,58.9,220,15
미금역사거리,까치마을사거리 방면,직진,2,5.6,38.1,232,15
미금역사거리,까치마을사거리 방면,직진,3,0.5,41.5,201,15
미금역사거리,까치마을사거리 방면,직진,4,0.54,52.0,186,15
미금역사거리,까치마을사거리 방면,직진,5,0.69,165.3,144,15
미금역사거리,까치마을사거리 방면,직진,6,9.38,341.6,320,15
미금역사거리,까치마을사거리 방면,직진,7,42.48,529.5,339,15
미금역사거리,까치마을사거리 방면,직진,8,53.69,427.9,339,15
미금역사거리,까치마을사거리 방면,직진,9,27.41,498.3,332,15
미금역사거리,까치마을사거리 방면,직진,10,28.48,451.4,330,15
미금역사거리,까치마을사거리 방면,직진,11,43.2,464.0,338,15
미금역사거리,까치마을사거리 방면,직진,12,39.1,433.6,335,15
미금역사거리,까치마을사거리 방면,직진,13,35.15,408.2,330,15
미금역사거리,까치마을사거리 방면,직진,14,34.83,447.4,333,15
미금역사거리,까치마을사거리 방면,직진,15,60.24,464.8,337,15
미금역사거리,까치마을사거리 방면,직진,16,75.8,422.5,343,15
미금역사거리,까치마을사거리 방면,직진,17,87.5,317.3,344,15
미금역사거리,까치마을사거리 방면,직진,18,81.79,298.0,346,15
미금역사거리,까치마을사거리 방면,직진,19,44.41,335.8,331,15
미금역사거리,까치마을사거리 방면,직진,20,38.41,352.1,328,15
미금역사거리,까치마을사거리 방면,직진,21,25.62,334.6,324,15
미금역사거리,까치마을사거리 방면,직진,22,36.89,285.5,328,15
미금역사거리,까치마을사거리 방면,직진,23,55.96,150.9,327,15
미금역사거리,미금역 방면,우회전,0,1.75,52.2,457,15
미금역사거리,미금역 방면,우회전,1,2.01,35.7,448,15
미금역사거리,미금역 방면,우회전,2,1.45,24.6,413,15
미금역사거리,미금역 방면,우회전,3,2.43,17.8,371,15
미금역사거리,미금역 방면,우회전,4,2.98,19.1,403,15
미금역사거리,미금역 방면,우회전,5,4.31,47.9,441,15
미금역사거리,미금역 방면,우회전,6,4.09,123.4,464,15
미금역사거리,미금역 방면,우회전,7,10.82,234.5,462,15
미금역사거리,미금역 방면,우회전,8,12.61,233.8,444,15
미금역사거리,미금역 방면,우회전,9,15.45,241.3,466,15
미금역사거리,미금역 방면,우회전,10,19.7,182.8,467,15
미금역사거리,미금역 방면,우회전,11,20.56,167.8,467,15
미금역사거리,미금역 방면,우회전,12,20.82,165.8,466,15
미금역사거리,미금역 방면,우회전,13,25.22,177.0,464,15
미금역사거리,미금역 방면,우회전,14,23.92,179.8,464,15
미금역사거리,미금역 방면,우회전,15,27.1,181.1,465,15
미금역사거리,미금역 방면,우회전,16,27.53,193.0,465,15
미금역사거리,미금역 방면,우회전,17,29.4,208.5,432,15
미금역사거리,미금역 방면,우회전,18,36.64,187.2,423,15
미금역사거리,미금역 방면,우회전,19,23.59,167.8,462,15
미금역사거리,미금역 방면,우회전,20,15.91,154.1,465,15
미금역사거리,미금역 방면,우회전,21,15.02,157.7,466,15
미금역사거리,미금역 방면,우회전,22,9.05,126.8,464,15
미금역사거리,미금역 방면,우회전,23,5.17,84.0,464,15
미금역사거리,미금역 방면,좌회전,0,1.71,92.2,467,15
미금역사거리,미금역 방면,좌회전,1,6.0,60.3,467,15
미금역사거리,미금역 방면,좌회전,2,8.6,42.0,465,15
미금역사거리,미금역 방면,좌회전,3,10.78,34.2,464,15
미금역사거리,미금역 방면,좌회전,4,2.81,51.1,463,15
미금역사거리,미금역 방면,좌회전,5,0.21,147.1,467,15
미금역사거리,미금역 방면,좌회전,6,0.43,313.1,467,15
미금역사거리,미금역 방면,좌회전,7,0.21,376.7,467,15
미금역사거리,미금역 방면,좌회전,8,1.53,285.1,458,15
미금역사거리,미금역 방면,좌회전,9,0.21,382.4,467,15
미금역사거리,미금역 방면,좌회전,10,0.21,352.9,467,15
미금역사거리,미금역 방면,좌회전,11,1.07,351.4,467,15
미금역사거리,미금역 방면,좌회전,12,1.07,356.3,466,15
미금역사거리,미금역 방면,좌회전,13,1.29,354.4,464,15
미금역사거리,미금역 방면,좌회전,14,2.37,341.7,465,15
미금역사거리,미금역 방면,좌회전,15,6.01,333.9,466,15
미금역사거리,미금역 방면,좌회전,16,5.35,339.2,467,15
미금역사거리,미금역 방면,좌회전,17,9.15,301.6,426,15
미금역사거리,미금역 방면,좌회전,18,8.74,239.4,412,15
미금역사거리,미금역 방면,좌회전,19,11.64,253.5,464,15
미금역사거리,미금역 방면,좌회전,20,4.51,263.8,466,15
미금역사거리,미금역 방면,좌회전,21,0.43,267.0,466,15
미금역사거리,미금역 방면,좌회전,22,0.64,223.0,466,15
미금역사거리,미금역 방면,좌회전,23,0.21,145.7,466,15
미금역사거리,미금역 방면,직진,0,0.86,181.6,467,15
미금역사거리,미금역 방면,직진,1,0.64,145.4,466,15
미금역사거리,미금역 방면,직진,2,0.86,94.7,467,15
미금역사거리,미금역 방면,직진,3,1.28,69.9,467,15
미금역사거리,미금역 방면,직진,4,1.07,67.9,466,15
미금역사거리,미금역 방면,직진,5,2.57,145.2,467,15
미금역사거리,미금역 방면,직진,6,1.71,406.5,467,15
미금역사거리,미금역 방면,직진,7,30.62,890.9,467,15
미금역사거리,미금역 방면,직진,8,64.03,866.6,467,15
미금역사거리,미금역 방면,직진,9,28.91,838.5,467,15
미금역사거리,미금역 방면,직진,10,31.26,646.6,467,15
미금역사거리,미금역 방면,직진,11,20.99,573.6,467,15
미금역사거리,미금역 방면,직진,12,19.1,549.5,466,15
미금역사거리,미금역 방면,직진,13,32.33,576.1,464,15
미금역사거리,미금역 방면,직진,14,47.63,593.8,464,15
미금역사거리,미금역 방면,직진,15,53.0,587.1,466,15
미금역사거리,미금역 방면,직진,16,33.12,589.7,468,15
미금역사거리,미금역 방면,직진,17,54.06,592.9,468,15
미금역사거리,미금역 방면,직진,18,61.54,493.1,468,15
미금역사거리,미금역 방면,직진,19,20.13,433.4,467,15
미금역사거리,미금역 방면,직진,20,14.78,398.7,467,15
미금역사거리,미금역 방면,직진,21,7.73,449.9,466,15
미금역사거리,미금역 방면,직진,22,2.79,364.5,466,15
미금역사거리,미금역 방면,직진,23,0.64,297.2,466,15
미금역사거리,정자일로 방면,우회전,0,61.86,50.2,472,15
미금역사거리,정자일로 방면,우회전,1,53.19,31.1,455,15
미금역사거리,정자일로 방면,우회전,2,33.41,20.6,437,15
미금역사거리,정자일로 방면,우회전,3,28.94,15.4,349,15
미금역사거리,정자일로 방면,우회전,4,41.47,21.6,422,15
미금역사거리,정자일로 방면,우회전,5,53.19,41.1,470,15
미금역사거리,정자일로 방면,우회전,6,62.16,75.3,473,15
미금역사거리,정자일로 방면,우회전,7,68.55,124.9,477,15
미금역사거리,정자일로 방면,우회전,8,71.1,125.6,474,15
미금역사거리,정자일로 방면,우회전,9,70.65,143.1,477,15
미금역사거리,정자일로 방면,우회전,10,70.65,159.7,477,15
미금역사거리,정자일로 방면,우회전,11,70.86,161.9,477,15
미금역사거리,정자일로 방면,우회전,12,71.01,161.9,476,15
미금역사거리,정자일로 방면,우회전,13,70.95,168.3,475,15
미금역사거리,정자일로 방면,우회전,14,70.95,175.1,475,15
미금역사거리,정자일로 방면,우회전,15,70.95,182.1,475,15
미금역사거리,정자일로 방면,우회전,16,70.65,188.6,477,15
미금역사거리,정자일로 방면,우회전,17,70.65,202.0,477,15
미금역사거리,정자일로 방면,우회전,18,70.65,200.7,477,15
미금역사거리,정자일로 방면,우회전,19,70.8,180.3,476,15
미금역사거리,정자일로 방면,우회전,20,70.8,150.6,476,15
미금역사거리,정자일로 방면,우회전,21,70.95,130.8,475,15
미금역사거리,정자일로 방면,우회전,22,70.53,108.1,475,15
미금역사거리,정자일로 방면,우회전,23,69.89,81.0,475,15
미금역사거리,정자일로 방면,좌회전,0,0.42,75.8,473,15
미금역사거리,정자일로 방면,좌회전,1,3.8,52.9,474,15
미금역사거리,정자일로 방면,좌회전,2,5.52,32.9,471,15
미금역사거리,정자일로 방면,좌회전,3,14.94,23.4,462,15
미금역사거리,정자일로 방면,좌회전,4,2.98,30.4,470,15
미금역사거리,정자일로 방면,좌회전,5,0.84,52.9,475,15
미금역사거리,정자일로 방면,좌회전,6,0.84,144.9,476,15
미금역사거리,정자일로 방면,좌회전,7,0.42,326.0,477,15
미금역사거리,정자일로 방면,좌회전,8,1.68,416.5,477,15
미금역사거리,정자일로 방면,좌회전,9,0.21,399.9,477,15
미금역사거리,정자일로 방면,좌회전,10,0.21,324.4,477,15
미금역사거리,정자일로 방면,좌회전,11,0.21,277.2,477,15
미금역사거리,정자일로 방면,좌회전,12,0.21,256.6,476,15
미금역사거리,정자일로 방면,좌회전,13,0.0,290.3,475,15
미금역사거리,정자일로 방면,좌회전,14,0.42,306.0,475,15
미금역사거리,정자일로 방면,좌회전,15,0.84,321.1,475,15
미금역사거리,정자일로 방면,좌회전,16,4.82,308.2,477,15
미금역사거리,정자일로 방면,좌회전,17,22.43,265.6,477,15
미금역사거리,정자일로 방면,좌회전,18,22.43,217.6,477,15
미금역사거리,정자일로 방면,좌회전,19,1.05,239.0,477,15
미금역사거리,정자일로 방면,좌회전,20,0.21,203.3,477,15
미금역사거리,정자일로 방면,좌회전,21,0.0,198.6,477,15
미금역사거리,정자일로 방면,좌회전,22,0.21,145.0,477,15
미금역사거리,정자일로 방면,좌회전,23,0.63,113.6,476,15
미금역사거리,정자일로 방면,직진,0,1.27,85.6,474,15
미금역사거리,정자일로 방면,직진,1,9.26,62.4,475,15
미금역사거리,정자일로 방면,직진,2,10.97,39.6,474,15
미금역사거리,정자일로 방면,직진,3,17.12,33.9,473,15
미금역사거리,정자일로 방면,직진,4,1.48,47.3,474,15
미금역사거리,정자일로 방면,직진,5,1.89,91.5,477,15
미금역사거리,정자일로 방면,직진,6,2.31,263.5,477,15
미금역사거리,정자일로 방면,직진,7,4.61,390.4,477,15
미금역사거리,정자일로 방면,직진,8,12.79,559.5,477,15
미금역사거리,정자일로 방면,직진,9,9.22,544.6,477,15
미금역사거리,정자일로 방면,직진,10,5.45,532.9,477,15
미금역사거리,정자일로 방면,직진,11,2.52,449.1,477,15
미금역사거리,정자일로 방면,직진,12,4.62,477.7,476,15
미금역사거리,정자일로 방면,직진,13,9.26,547.7,475,15
미금역사거리,정자일로 방면,직진,14,10.32,546.2,475,15
미금역사거리,정자일로 방면,직진,15,13.26,530.9,475,15
미금역사거리,정자일로 방면,직진,16,23.27,538.2,477,15
미금역사거리,정자일로 방면,직진,17,40.46,561.9,477,15
미금역사거리,정자일로 방면,직진,18,45.91,538.9,477,15
미금역사거리,정자일로 방면,직진,19,8.39,469.6,477,15
미금역사거리,정자일로 방면,직진,20,2.73,402.2,477,15
미금역사거리,정자일로 방면,직진,21,3.77,377.9,477,15
미금역사거리,정자일로 방면,직진,22,9.43,265.4,477,15
미금역사거리,정자일로 방면,직진,23,15.93,140.4,477,15
미금역사거리,청송마을 사거리 방면,우회전,0,29.78,52.1,460,15
미금역사거리,청송마을 사거리 방면,우회전,1,9.39,28.8,458,15
미금역사거리,청송마을 사거리 방면,우회전,2,2.1,19.4,428,15
미금역사거리,청송마을 사거리 방면,우회전,3,2.04,15.5,393,15
미금역사거리,청송마을 사거리 방면,우회전,4,6.85,19.0,438,15
미금역사거리,청송마을 사거리 방면,우회전,5,25.6,42.4,461,15
미금역사거리,청송마을 사거리 방면,우회전,6,43.75,97.7,464,15
미금역사거리,청송마을 사거리 방면,우회전,7,26.42,160.8,477,15
미금역사거리,청송마을 사거리 방면,우회전,8,28.09,194.3,477,15
미금역사거리,청송마을 사거리 방면,우회전,9,32.55,187.6,470,15
미금역사거리,청송마을 사거리 방면,우회전,10,60.17,184.6,472,15
미금역사거리,청송마을 사거리 방면,우회전,11,70.04,193.5,474,15
미금역사거리,청송마을 사거리 방면,우회전,12,74.52,187.9,471,15
미금역사거리,청송마을 사거리 방면,우회전,13,75.85,180.2,472,15
미금역사거리,청송마을 사거리 방면,우회전,14,78.27,187.7,474,15
미금역사거리,청송마을 사거리 방면,우회전,15,78.27,202.1,474,15
미금역사거리,청송마을 사거리 방면,우회전,16,68.34,218.5,477,15
미금역사거리,청송마을 사거리 방면,우회전,17,71.49,235.4,477,15
미금역사거리,청송마을 사거리 방면,우회전,18,77.68,227.1,475,15
미금역사거리,청송마을 사거리 방면,우회전,19,69.26,194.9,475,15
미금역사거리,청송마을 사거리 방면,우회전,20,71.31,154.1,474,15
미금역사거리,청송마을 사거리 방면,우회전,21,70.89,140.1,474,15
미금역사거리,청송마을 사거리 방면,우회전,22,63.62,140.8,470,15
미금역사거리,청송마을 사거리 방면,우회전,23,53.56,80.1,463,15
미금역사거리,청송마을 사거리 방면,좌회전,0,3.71,21.8,377,15
미금역사거리,청송마을 사거리 방면,좌회전,1,11.91,16.3,319,15
미금역사거리,청송마을 사거리 방면,좌회전,2,22.22,12.7,216,15
미금역사거리,청송마을 사거리 방면,좌회전,3,34.48,11.7,87,15
미금역사거리,청송마을 사거리 방면,좌회전,4,20.0,11.4,15,15
미금역사거리,청송마을 사거리 방면,좌회전,5,9.84,13.6,254,15
미금역사거리,청송마을 사거리 방면,좌회전,6,1.08,19.8,370,15
미금역사거리,청송마을 사거리 방면,좌회전,7,0.51,37.9,389,15
미금역사거리,청송마을 사거리 방면,좌회전,8,0.26,76.6,390,15
미금역사거리,청송마을 사거리 방면,좌회전,9,0.0,85.1,391,15
미금역사거리,청송마을 사거리 방면,좌회전,10,0.25,87.5,394,15
미금역사거리,청송마을 사거리 방면,좌회전,11,0.0,90.3,394,15
미금역사거리,청송마을 사거리 방면,좌회전,12,0.0,90.2,390,15
미금역사거리,청송마을 사거리 방면,좌회전,13,0.0,88.8,388,15
미금역사거리,청송마을 사거리 방면,좌회전,14,0.0,98.3,389,15
미금역사거리,청송마을 사거리 방면,좌회전,15,0.26,98.2,390,15
미금역사거리,청송마을 사거리 방면,좌회전,16,0.25,96.5,393,15
미금역사거리,청송마을 사거리 방면,좌회전,17,0.51,95.2,392,15
미금역사거리,청송마을 사거리 방면,좌회전,18,0.0,85.7,392,15
미금역사거리,청송마을 사거리 방면,좌회전,19,0.0,80.8,392,15
미금역사거리,청송마을 사거리 방면,좌회전,20,0.0,58.1,390,15
미금역사거리,청송마을 사거리 방면,좌회전,21,0.0,56.8,389,15
미금역사거리,청송마을 사거리 방면,좌회전,22,0.0,45.6,388,15
미금역사거리,청송마을 사거리 방면,좌회전,23,0.77,30.7,389,15
미금역사거리,청송마을 사거리 방면,직진,0,14.77,177.0,474,15
미금역사거리,청송마을 사거리 방면,직진,1,6.99,102.5,472,15
미금역사거리,청송마을 사거리 방면,직진,2,7.46,71.0,469,15
미금역사거리,청송마을 사거리 방면,직진,3,7.11,55.0,464,15
미금역사거리,청송마을 사거리 방면,직진,4,6.71,56.9,462,15
미금역사거리,청송마을 사거리 방면,직진,5,7.48,116.3,468,15
미금역사거리,청송마을 사거리 방면,직진,6,10.48,267.3,477,15
미금역사거리,청송마을 사거리 방면,직진,7,2.31,574.2,477,15
미금역사거리,청송마을 사거리 방면,직진,8,2.1,801.4,477,15
미금역사거리,청송마을 사거리 방면,직진,9,3.98,647.0,477,15
미금역사거리,청송마을 사거리 방면,직진,10,9.85,617.0,477,15
미금역사거리,청송마을 사거리 방면,직진,11,12.16,601.9,477,15
미금역사거리,청송마을 사거리 방면,직진,12,12.18,588.4,476,15
미금역사거리,청송마을 사거리 방면,직진,13,20.0,585.5,475,15
미금역사거리,청송마을 사거리 방면,직진,14,21.26,602.5,475,15
미금역사거리,청송마을 사거리 방면,직진,15,24.0,646.1,475,15
미금역사거리,청송마을 사거리 방면,직진,16,29.14,697.4,477,15
미금역사거리,청송마을 사거리 방면,직진,17,45.49,766.3,477,15
미금역사거리,청송마을 사거리 방면,직진,18,66.67,774.5,477,15
미금역사거리,청송마을 사거리 방면,직진,19,43.19,756.3,477,15
미금역사거리,청송마을 사거리 방면,직진,20,19.29,589.3,477,15
미금역사거리,청송마을 사거리 방면,직진,21,9.85,501.3,477,15
미금역사거리,청송마을 사거리 방면,직진,22,3.98,528.3,477,15
미금역사거리,청송마을 사거리 방면,직진,23,2.73,295.1,476,15
오리삼거리,농수산물센터 방면,우회전,0,16.25,36.1,437,15
오리삼거리,농수산물센터 방면,우회전,1,6.44,25.1,419,15
오리삼거리,농수산물센터 방면,우회전,2,2.85,20.3,386,15
오리삼거리,농수산물센터 방면,우회전,3,1.29,14.8,310,15
오리삼거리,농수산물센터 방면,우회전,4,8.18,22.4,391,15
오리삼거리,농수산물센터 방면,우회전,5,23.36,54.3,428,15
오리삼거리,농수산물센터 방면,우회전,6,0.45,131.8,449,15
오리삼거리,농수산물센터 방면,우회전,7,3.4,282.1,470,15
오리삼거리,농수산물센터 방면,우회전,8,11.89,340.2,471,15
오리삼거리,농수산물센터 방면,우회전,9,6.58,287.2,471,15
오리삼거리,농수산물센터 방면,우회전,10,6.79,211.1,471,15
오리삼거리,농수산물센터 방면,우회전,11,11.02,175.9,472,15
오리삼거리,농수산물센터 방면,우회전,12,18.68,194.2,471,15
오리삼거리,농수산물센터 방면,우회전,13,17.7,220.1,469,15
오리삼거리,농수산물센터 방면,우회전,14,15.29,207.3,471,15
오리삼거리,농수산물센터 방면,우회전,15,11.04,201.8,471,15
오리삼거리,농수산물센터 방면,우회전,16,4.86,195.0,473,15
오리삼거리,농수산물센터 방면,우회전,17,5.08,204.2,472,15
오리삼거리,농수산물센터 방면,우회전,18,8.74,190.4,469,15
오리삼거리,농수산물센터 방면,우회전,19,6.84,155.8,468,15
오리삼거리,농수산물센터 방면,우회전,20,7.56,124.0,463,15
오리삼거리,농수산물센터 방면,우회전,21,3.47,106.1,461,15
오리삼거리,농수산물센터 방면,우회전,22,1.75,84.2,458,15
오리삼거리,농수산물센터 방면,우회전,23,6.68,52.9,449,15
오리삼거리,농수산물센터 방면,직진,0,5.65,189.4,460,15
오리삼거리,농수산물센터 방면,직진,1,9.05,138.6,453,15
오리삼거리,농수산물센터 방면,직진,2,8.19,90.2,452,15
오리삼거리,농수산물센터 방면,직진,3,2.88,71.7,451,15
오리삼거리,농수산물센터 방면,직진,4,4.62,95.6,455,15
오리삼거리,농수산물센터 방면,직진,5,3.27,204.6,459,15
오리삼거리,농수산물센터 방면,직진,6,0.64,589.1,468,15
오리삼거리,농수산물센터 방면,직진,7,13.56,1360.5,472,15
오리삼거리,농수산물센터 방면,직진,8,11.65,1426.8,472,15
오리삼거리,농수산물센터 방면,직진,9,4.87,1197.9,472,15
오리삼거리,농수산물센터 방면,직진,10,1.49,926.8,471,15
오리삼거리,농수산물센터 방면,직진,11,0.85,756.2,472,15
오리삼거리,농수산물센터 방면,직진,12,0.64,700.8,471,15
오리삼거리,농수산물센터 방면,직진,13,0.85,777.3,470,15
오리삼거리,농수산물센터 방면,직진,14,1.27,779.6,471,15
오리삼거리,농수산물센터 방면,직진,15,1.27,777.0,471,15
오리삼거리,농수산물센터 방면,직진,16,1.06,813.4,473,15
오리삼거리,농수산물센터 방면,직진,17,0.85,811.8,472,15
오리삼거리,농수산물센터 방면,직진,18,2.54,706.6,472,15
오리삼거리,농수산물센터 방면,직진,19,0.21,587.3,471,15
오리삼거리,농수산물센터 방면,직진,20,0.42,495.3,472,15
오리삼거리,농수산물센터 방면,직진,21,0.85,502.8,471,15
오리삼거리,농수산물센터 방면,직진,22,0.42,412.8,472,15
오리삼거리,농수산물센터 방면,직진,23,0.43,299.9,470,15
오리삼거리,오리교1사거리 방면,우회전,0,15.35,64.1,430,15
오리삼거리,오리교1사거리 방면,우회전,1,9.91,44.2,424,15
오리삼거리,오리교1사거리 방면,우회전,2,4.56,30.9,417,15
오리삼거리,오리교1사거리 방면,우회전,3,2.2,24.5,409,15
오리삼거리,오리교1사거리 방면,우회전,4,3.08,35.1,422,15
오리삼거리,오리교1사거리 방면,우회전,5,18.12,39.7,447,15
오리삼거리,오리교1사거리 방면,우회전,6,41.79,81.4,457,15
오리삼거리,오리교1사거리 방면,우회전,7,52.52,120.4,457,15
오리삼거리,오리교1사거리 방면,우회전,8,60.49,138.7,453,15
오리삼거리,오리교1사거리 방면,우회전,9,73.92,137.4,464,15
오리삼거리,오리교1사거리 방면,우회전,10,79.87,130.9,467,15
오리삼거리,오리교1사거리 방면,우회전,11,79.01,130.0,467,15
오리삼거리,오리교1사거리 방면,우회전,12,77.25,128.0,466,15
오리삼거리,오리교1사거리 방면,우회전,13,77.73,129.6,467,15
오리삼거리,오리교1사거리 방면,우회전,14,78.37,128.2,467,15
오리삼거리,오리교1사거리 방면,우회전,15,80.47,130.4,466,15
오리삼거리,오리교1사거리 방면,우회전,16,75.43,135.3,468,15
오리삼거리,오리교1사거리 방면,우회전,17,89.53,156.1,468,15
오리삼거리,오리교1사거리 방면,우회전,18,91.22,139.3,467,15
오리삼거리,오리교1사거리 방면,우회전,19,79.48,105.2,463,15
오리삼거리,오리교1사거리 방면,우회전,20,74.45,94.8,454,15
오리삼거리,오리교1사거리 방면,우회전,21,65.13,91.1,456,15
오리삼거리,오리교1사거리 방면,우회전,22,45.13,82.5,452,15
오리삼거리,오리교1사거리 방면,우회전,23,19.15,79.8,449,15
오리삼거리,오리교1사거리 방면,좌회전,0,2.16,40.9,464,15
오리삼거리,오리교1사거리 방면,좌회전,1,5.52,25.6,453,15
오리삼거리,오리교1사거리 방면,좌회전,2,12.12,17.2,396,15
오리삼거리,오리교1사거리 방면,좌회전,3,8.16,14.9,380,15
오리삼거리,오리교1사거리 방면,좌회전,4,1.19,18.3,420,15
오리삼거리,오리교1사거리 방면,좌회전,5,0.88,43.1,457,15
오리삼거리,오리교1사거리 방면,좌회전,6,1.5,104.5,467,15
오리삼거리,오리교1사거리 방면,좌회전,7,1.28,152.9,467,15
오리삼거리,오리교1사거리 방면,좌회전,8,1.28,179.3,467,15
오리삼거리,오리교1사거리 방면,좌회전,9,0.86,194.5,467,15
오리삼거리,오리교1사거리 방면,좌회전,10,0.43,216.5,467,15
오리삼거리,오리교1사거리 방면,좌회전,11,0.43,232.0,467,15
오리삼거리,오리교1사거리 방면,좌회전,12,0.43,213.1,466,15
오리삼거리,오리교1사거리 방면,좌회전,13,0.21,192.5,467,15
오리삼거리,오리교1사거리 방면,좌회전,14,0.86,213.8,467,15
오리삼거리,오리교1사거리 방면,좌회전,15,1.93,226.9,466,15
오리삼거리,오리교1사거리 방면,좌회전,16,2.14,237.9,468,15
오리삼거리,오리교1사거리 방면,좌회전,17,8.55,211.1,468,15
오리삼거리,오리교1사거리 방면,좌회전,18,40.9,155.8,467,15
오리삼거리,오리교1사거리 방면,좌회전,19,5.14,135.6,467,15
오리삼거리,오리교1사거리 방면,좌회전,20,1.07,135.7,467,15
오리삼거리,오리교1사거리 방면,좌회전,21,0.43,124.1,467,15
오리삼거리,오리교1사거리 방면,좌회전,22,1.5,97.8,467,15
오리삼거리,오리교1사거리 방면,좌회전,23,2.57,66.0,467,15
오리삼거리,오리역 방면,좌회전,0,49.51,21.7,103,15
오리삼거리,오리역 방면,좌회전,1,82.14,23.5,28,15
오리삼거리,오리역 방면,좌회전,2,95.24,20.3,21,15
오리삼거리,오리역 방면,좌회전,3,94.44,15.0,18,15
오리삼거리,오리역 방면,좌회전,4,48.86,14.9,264,15
오리삼거리,오리역 방면,좌회전,5,32.08,36.3,371,15
오리삼거리,오리역 방면,좌회전,6,26.09,50.0,368,15
오리삼거리,오리역 방면,좌회전,7,20.72,88.7,391,15
오리삼거리,오리역 방면,좌회전,8,20.2,107.6,391,15
오리삼거리,오리역 방면,좌회전,9,19.9,74.2,382,15
오리삼거리,오리역 방면,좌회전,10,13.25,68.7,385,15
오리삼거리,오리역 방면,좌회전,11,8.25,78.9,388,15
오리삼거리,오리역 방면,좌회전,12,7.93,87.6,391,15
오리삼거리,오리역 방면,좌회전,13,9.37,94.5,395,15
오리삼거리,오리역 방면,좌회전,14,7.32,105.4,396,15
오리삼거리,오리역 방면,좌회전,15,9.21,106.1,391,15
오리삼거리,오리역 방면,좌회전,16,16.1,96.8,385,15
오리삼거리,오리역 방면,좌회전,17,17.18,105.0,390,15
오리삼거리,오리역 방면,좌회전,18,19.79,100.6,389,15
오리삼거리,오리역 방면,좌회전,19,19.95,83.2,391,15
오리삼거리,오리역 방면,좌회전,20,18.54,57.8,383,15
오리삼거리,오리역 방면,좌회전,21,20.86,51.6,374,15
오리삼거리,오리역 방면,좌회전,22,20.49,45.4,371,15
오리삼거리,오리역 방면,좌회전,23,40.88,23.7,296,15
오리삼거리,오리역 방면,직진,0,25.05,210.6,455,15
오리삼거리,오리역 방면,직진,1,16.08,117.4,454,15
오리삼거리,오리역 방면,직진,2,15.04,72.7,452,15
오리삼거리,오리역 방면,직진,3,12.69,56.5,449,15
오리삼거리,오리역 방면,직진,4,11.11,63.3,450,15
오리삼거리,오리역 방면,직진,5,22.2,139.3,455,15
오리삼거리,오리역 방면,직진,6,33.48,355.4,454,15
오리삼거리,오리역 방면,직진,7,47.35,654.6,452,15
오리삼거리,오리역 방면,직진,8,47.79,794.4,452,15
오리삼거리,오리역 방면,직진,9,57.17,736.8,453,15
오리삼거리,오리역 방면,직진,10,66.89,749.4,453,15
오리삼거리,오리역 방면,직진,11,71.65,787.9,455,15
오리삼거리,오리역 방면,직진,12,74.01,807.7,454,15
오리삼거리,오리역 방면,직진,13,75.55,841.1,454,15
오리삼거리,오리역 방면,직진,14,77.09,874.1,454,15
오리삼거리,오리역 방면,직진,15,79.07,917.5,454,15
오리삼거리,오리역 방면,직진,16,81.8,998.1,456,15
오리삼거리,오리역 방면,직진,17,87.47,1064.9,455,15
오리삼거리,오리역 방면,직진,18,96.71,978.5,456,15
오리삼거리,오리역 방면,직진,19,82.86,939.3,455,15
오리삼거리,오리역 방면,직진,20,78.29,775.7,456,15
오리삼거리,오리역 방면,직진,21,76.54,673.1,456,15
오리삼거리,오리역 방면,직진,22,70.11,637.0,455,15
오리삼거리,오리역 방면,직진,23,43.08,354.7,455,15
동막교사거리,경기고속삼거리 방면,우회전,0,1.5,24.3,333,20
동막교사거리,경기고속삼거리 방면,우회전,1,0.74,15.3,269,20
동막교사거리,경기고속삼거리 방면,우회전,2,1.72,12.7,116,20
동막교사거리,경기고속삼거리 방면,우회전,3,0.0,11.8,111,20
동막교사거리,경기고속삼거리 방면,우회전,4,0.0,26.3,347,20
동막교사거리,경기고속삼거리 방면,우회전,5,0.83,53.6,360,20
동막교사거리,경기고속삼거리 방면,우회전,6,0.28,73.3,362,20
동막교사거리,경기고속삼거리 방면,우회전,7,0.0,104.1,376,20
동막교사거리,경기고속삼거리 방면,우회전,8,1.06,101.6,377,20
동막교사거리,경기고속삼거리 방면,우회전,9,0.53,100.9,380,20
동막교사거리,경기고속삼거리 방면,우회전,10,1.84,99.2,380,20
동막교사거리,경기고속삼거리 방면,우회전,11,4.47,104.9,380,20
동막교사거리,경기고속삼거리 방면,우회전,12,9.79,105.0,378,20
동막교사거리,경기고속삼거리 방면,우회전,13,5.85,115.0,376,20
동막교사거리,경기고속삼거리 방면,우회전,14,1.6,111.3,376,20
동막교사거리,경기고속삼거리 방면,우회전,15,3.18,107.1,377,20
동막교사거리,경기고속삼거리 방면,우회전,16,2.91,108.4,378,20
동막교사거리,경기고속삼거리 방면,우회전,17,2.68,118.0,373,20
동막교사거리,경기고속삼거리 방면,우회전,18,6.38,107.2,376,20
동막교사거리,경기고속삼거리 방면,우회전,19,1.34,92.4,374,20
동막교사거리,경기고속삼거리 방면,우회전,20,2.17,86.2,369,20
동막교사거리,경기고속삼거리 방면,우회전,21,2.7,79.9,371,20
동막교사거리,경기고속삼거리 방면,우회전,22,0.81,69.6,369,20
동막교사거리,경기고속삼거리 방면,우회전,23,1.39,39.5,360,20
동막교사거리,경기고속삼거리 방면,좌회전,0,1.19,26.4,335,20
동막교사거리,경기고속삼거리 방면,좌회전,1,4.84,14.4,248,20
동막교사거리,경기고속삼거리 방면,좌회전,2,4.0,12.1,100,20
동막교사거리,경기고속삼거리 방면,좌회전,3,15.56,11.0,45,20
동막교사거리,경기고속삼거리 방면,좌회전,4,13.19,12.7,182,20
동막교사거리,경기고속삼거리 방면,좌회전,5,1.84,20.7,326,20
동막교사거리,경기고속삼거리 방면,좌회전,6,0.0,54.6,358,20
동막교사거리,경기고속삼거리 방면,좌회전,7,1.6,99.4,376,20
동막교사거리,경기고속삼거리 방면,좌회전,8,2.64,120.7,379,20
동막교사거리,경기고속삼거리 방면,좌회전,9,0.0,127.7,380,20
동막교사거리,경기고속삼거리 방면,좌회전,10,0.0,122.8,380,20
동막교사거리,경기고속삼거리 방면,좌회전,11,0.0,133.9,380,20
동막교사거리,경기고속삼거리 방면,좌회전,12,0.0,137.0,379,20
동막교사거리,경기고속삼거리 방면,좌회전,13,0.0,140.8,377,20
동막교사거리,경기고속삼거리 방면,좌회전,14,0.0,149.2,377,20
동막교사거리,경기고속삼거리 방면,좌회전,15,0.0,150.0,379,20
동막교사거리,경기고속삼거리 방면,좌회전,16,0.0,162.4,378,20
동막교사거리,경기고속삼거리 방면,좌회전,17,0.0,174.9,379,20
동막교사거리,경기고속삼거리 방면,좌회전,18,0.0,141.0,377,20
동막교사거리,경기고속삼거리 방면,좌회전,19,0.0,108.3,368,20
동막교사거리,경기고속삼거리 방면,좌회전,20,0.0,87.1,366,20
동막교사거리,경기고속삼거리 방면,좌회전,21,0.0,81.0,363,20
동막교사거리,경기고속삼거리 방면,좌회전,22,0.56,64.8,359,20
동막교사거리,경기고속삼거리 방면,좌회전,23,1.13,45.7,355,20
동막교사거리,경기고속삼거리 방면,직진,0,2.98,28.1,336,20
동막교사거리,경기고속삼거리 방면,직진,1,6.69,16.3,284,20
동막교사거리,경기고속삼거리 방면,직진,2,7.64,12.9,144,20
동막교사거리,경기고속삼거리 방면,직진,3,11.29,12.1,62,20
동막교사거리,경기고속삼거리 방면,직진,4,12.7,13.6,244,20
동막교사거리,경기고속삼거리 방면,직진,5,8.41,32.6,345,20
동막교사거리,경기고속삼거리 방면,직진,6,0.0,62.9,357,20
동막교사거리,경기고속삼거리 방면,직진,7,0.53,108.2,377,20
동막교사거리,경기고속삼거리 방면,직진,8,2.1,150.1,381,20
동막교사거리,경기고속삼거리 방면,직진,9,0.26,108.8,380,20
동막교사거리,경기고속삼거리 방면,직진,10,1.84,112.5,381,20
동막교사거리,경기고속삼거리 방면,직진,11,11.26,123.5,382,20
동막교사거리,경기고속삼거리 방면,직진,12,11.32,127.1,380,20
동막교사거리,경기고속삼거리 방면,직진,13,9.26,136.4,378,20
동막교사거리,경기고속삼거리 방면,직진,14,8.78,146.1,376,20
동막교사거리,경기고속삼거리 방면,직진,15,7.69,166.7,377,20
동막교사거리,경기고속삼거리 방면,직진,16,0.52,181.0,381,20
동막교사거리,경기고속삼거리 방면,직진,17,0.52,204.0,383,20
동막교사거리,경기고속삼거리 방면,직진,18,2.62,184.8,382,20
동막교사거리,경기고속삼거리 방면,직진,19,0.8,160.9,374,20
동막교사거리,경기고속삼거리 방면,직진,20,0.8,125.8,373,20
동막교사거리,경기고속삼거리 방면,직진,21,0.0,111.3,365,20
동막교사거리,경기고속삼거리 방면,직진,22,0.0,95.1,361,20
동막교사거리,경기고속삼거리 방면,직진,23,0.28,57.9,357,20
동막교사거리,동막교삼거리 방면,우회전,0,0.0,18.4,356,20
동막교사거리,동막교삼거리 방면,우회전,1,0.0,13.7,276,20
동막교사거리,동막교삼거리 방면,우회전,2,0.0,11.1,65,20
동막교사거리,동막교삼거리 방면,우회전,3,0.0,12.0,171,20
동막교사거리,동막교삼거리 방면,우회전,4,0.56,19.6,355,20
동막교사거리,동막교삼거리 방면,우회전,5,0.81,43.6,371,20
동막교사거리,동막교삼거리 방면,우회전,6,0.0,70.6,371,20
동막교사거리,동막교삼거리 방면,우회전,7,0.53,123.0,376,20
동막교사거리,동막교삼거리 방면,우회전,8,0.26,224.0,381,20
동막교사거리,동막교삼거리 방면,우회전,9,1.58,228.6,380,20
동막교사거리,동막교삼거리 방면,우회전,10,0.79,221.9,380,20
동막교사거리,동막교삼거리 방면,우회전,11,2.37,205.0,379,20
동막교사거리,동막교삼거리 방면,우회전,12,2.63,211.5,380,20
동막교사거리,동막교삼거리 방면,우회전,13,4.49,222.8,379,20
동막교사거리,동막교삼거리 방면,우회전,14,6.82,213.2,381,20
동막교사거리,동막교삼거리 방면,우회전,15,7.85,214.7,382,20
동막교사거리,동막교삼거리 방면,우회전,16,7.05,223.8,383,20
동막교사거리,동막교삼거리 방면,우회전,17,7.85,232.0,382,20
동막교사거리,동막교삼거리 방면,우회전,18,13.12,227.5,381,20
동막교사거리,동막교삼거리 방면,우회전,19,4.77,163.5,377,20
동막교사거리,동막교삼거리 방면,우회전,20,6.43,116.0,373,20
동막교사거리,동막교삼거리 방면,우회전,21,3.23,88.9,371,20
동막교사거리,동막교삼거리 방면,우회전,22,1.34,62.0,372,20
동막교사거리,동막교삼거리 방면,우회전,23,0.0,35.1,370,20
동막교사거리,동막교삼거리 방면,좌회전,0,0.0,29.8,363,20
동막교사거리,동막교삼거리 방면,좌회전,1,0.3,20.4,333,20
동막교사거리,동막교삼거리 방면,좌회전,2,1.21,14.6,248,20
동막교사거리,동막교삼거리 방면,좌회전,3,0.77,11.8,130,20
동막교사거리,동막교삼거리 방면,좌회전,4,1.96,12.8,204,20
동막교사거리,동막교삼거리 방면,좌회전,5,0.27,29.9,365,20
동막교사거리,동막교삼거리 방면,좌회전,6,0.82,56.1,367,20
동막교사거리,동막교삼거리 방면,좌회전,7,0.0,123.7,378,20
동막교사거리,동막교삼거리 방면,좌회전,8,0.0,176.7,380,20
동막교사거리,동막교삼거리 방면,좌회전,9,0.0,126.7,380,20
동막교사거리,동막교삼거리 방면,좌회전,10,0.0,117.1,380,20
동막교사거리,동막교삼거리 방면,좌회전,11,0.0,117.1,379,20
동막교사거리,동막교삼거리 방면,좌회전,12,0.0,122.5,379,20
동막교사거리,동막교삼거리 방면,좌회전,13,0.0,132.4,376,20
동막교사거리,동막교삼거리 방면,좌회전,14,0.0,139.3,378,20
동막교사거리,동막교삼거리 방면,좌회전,15,0.0,155.2,384,20
동막교사거리,동막교삼거리 방면,좌회전,16,0.0,176.3,381,20
동막교사거리,동막교삼거리 방면,좌회전,17,0.26,204.2,383,20
동막교사거리,동막교삼거리 방면,좌회전,18,0.0,215.3,378,20
동막교사거리,동막교삼거리 방면,좌회전,19,0.0,183.2,377,20
동막교사거리,동막교삼거리 방면,좌회전,20,0.0,122.5,376,20
동막교사거리,동막교삼거리 방면,좌회전,21,0.0,101.9,377,20
동막교사거리,동막교삼거리 방면,좌회전,22,0.0,103.1,371,20
동막교사거리,동막교삼거리 방면,좌회전,23,0.0,51.8,371,20
동막교사거리,동막교삼거리 방면,직진,0,0.26,231.6,378,20
동막교사거리,동막교삼거리 방면,직진,1,1.07,133.3,375,20
동막교사거리,동막교삼거리 방면,직진,2,0.54,87.5,372,20
동막교사거리,동막교삼거리 방면,직진,3,0.54,68.5,372,20
동막교사거리,동막교삼거리 방면,직진,4,0.8,74.6,374,20
동막교사거리,동막교삼거리 방면,직진,5,1.33,162.3,376,20
동막교사거리,동막교삼거리 방면,직진,6,1.32,417.8,380,20
동막교사거리,동막교삼거리 방면,직진,7,2.36,826.0,381,20
동막교사거리,동막교삼거리 방면,직진,8,29.84,1056.3,382,20
동막교사거리,동막교삼거리 방면,직진,9,23.1,930.7,381,20
동막교사거리,동막교삼거리 방면,직진,10,41.25,907.3,383,20
동막교사거리,동막교삼거리 방면,직진,11,47.38,922.8,382,20
동막교사거리,동막교삼거리 방면,직진,12,49.21,942.5,380,20
동막교사거리,동막교삼거리 방면,직진,13,61.78,946.7,382,20
동막교사거리,동막교삼거리 방면,직진,14,78.07,978.9,383,20
동막교사거리,동막교삼거리 방면,직진,15,88.02,1039.9,384,20
동막교사거리,동막교삼거리 방면,직진,16,93.23,1105.0,384,20
동막교사거리,동막교삼거리 방면,직진,17,96.35,1195.1,384,20
동막교사거리,동막교삼거리 방면,직진,18,97.14,1162.7,384,20
동막교사거리,동막교삼거리 방면,직진,19,94.29,1079.9,385,20
동막교사거리,동막교삼거리 방면,직진,20,69.53,841.4,384,20
동막교사거리,동막교삼거리 방면,직진,21,35.75,699.7,386,20
동막교사거리,동막교삼거리 방면,직진,22,25.13,684.1,382,20
동막교사거리,동막교삼거리 방면,직진,23,1.57,384.6,383,20
동막교사거리,오리공원 방면,우회전,0,2.36,17.1,254,20
동막교사거리,오리공원 방면,우회전,1,2.73,14.0,183,20
동막교사거리,오리공원 방면,우회전,2,1.14,12.8,88,20
동막교사거리,오리공원 방면,우회전,3,0.0,12.0,81,20
동막교사거리,오리공원 방면,우회전,4,1.15,16.9,261,20
동막교사거리,오리공원 방면,우회전,5,0.28,34.6,357,20
동막교사거리,오리공원 방면,우회전,6,0.27,91.0,375,20
동막교사거리,오리공원 방면,우회전,7,2.07,257.0,387,20
동막교사거리,오리공원 방면,우회전,8,5.17,264.3,387,20
동막교사거리,오리공원 방면,우회전,9,0.0,197.1,385,20
동막교사거리,오리공원 방면,우회전,10,5.21,138.5,384,20
동막교사거리,오리공원 방면,우회전,11,9.42,110.5,382,20
동막교사거리,오리공원 방면,우회전,12,11.29,102.5,381,20
동막교사거리,오리공원 방면,우회전,13,7.14,114.5,378,20
동막교사거리,오리공원 방면,우회전,14,8.14,119.3,381,20
동막교사거리,오리공원 방면,우회전,15,7.63,126.3,380,20
동막교사거리,오리공원 방면,우회전,16,2.88,134.0,382,20
동막교사거리,오리공원 방면,우회전,17,1.83,142.0,383,20
동막교사거리,오리공원 방면,우회전,18,7.33,130.2,382,20
동막교사거리,오리공원 방면,우회전,19,16.54,77.1,381,20
동막교사거리,오리공원 방면,우회전,20,36.94,49.1,379,20
동막교사거리,오리공원 방면,우회전,21,37.3,56.4,378,20
동막교사거리,오리공원 방면,우회전,22,25.67,34.3,374,20
동막교사거리,오리공원 방면,우회전,23,4.87,24.6,349,20
동막교사거리,오리공원 방면,좌회전,8,0.0,10.3,3,20
동막교사거리,오리공원 방면,좌회전,9,0.0,11.4,8,20
동막교사거리,오리공원 방면,좌회전,10,0.0,11.7,7,20
동막교사거리,오리공원 방면,좌회전,11,0.0,11.0,8,20
동막교사거리,오리공원 방면,좌회전,12,0.0,10.3,13,20
동막교사거리,오리공원 방면,좌회전,13,0.0,10.5,14,20
동막교사거리,오리공원 방면,좌회전,14,0.0,10.6,12,20
동막교사거리,오리공원 방면,좌회전,15,0.0,12.3,16,20
동막교사거리,오리공원 방면,좌회전,16,0.0,11.4,12,20
동막교사거리,오리공원 방면,좌회전,17,0.0,10.9,14,20
동막교사거리,오리공원 방면,좌회전,18,0.0,12.7,56,20
동막교사거리,오리공원 방면,좌회전,19,0.0,11.3,3,20
동막교사거리,오리공원 방면,좌회전,20,0.0,10.5,2,20
동막교사거리,오리공원 방면,직진,0,2.82,14.4,177,20
동막교사거리,오리공원 방면,직진,1,3.85,11.5,52,20
동막교사거리,오리공원 방면,직진,2,2.63,11.0,38,20
동막교사거리,오리공원 방면,직진,3,2.44,11.9,82,20
동막교사거리,오리공원 방면,직진,4,1.09,16.7,276,20
동막교사거리,오리공원 방면,직진,5,0.28,55.7,362,20
동막교사거리,오리공원 방면,직진,6,0.0,100.9,361,20
동막교사거리,오리공원 방면,직진,7,0.28,104.4,356,20
동막교사거리,오리공원 방면,직진,8,0.0,120.2,360,20
동막교사거리,오리공원 방면,직진,9,0.0,101.2,376,20
동막교사거리,오리공원 방면,직진,10,0.0,85.6,379,20
동막교사거리,오리공원 방면,직진,11,0.0,70.8,381,20
동막교사거리,오리공원 방면,직진,12,0.0,71.9,380,20
동막교사거리,오리공원 방면,직진,13,0.0,76.0,377,20
동막교사거리,오리공원 방면,직진,14,0.0,74.7,379,20
동막교사거리,오리공원 방면,직진,15,0.0,78.9,379,20
동막교사거리,오리공원 방면,직진,16,0.27,91.4,373,20
동막교사거리,오리공원 방면,직진,17,0.27,95.9,376,20
동막교사거리,오리공원 방면,직진,18,0.26,98.6,381,20
동막교사거리,오리공원 방면,직진,19,0.0,56.3,380,20
동막교사거리,오리공원 방면,직진,20,1.06,44.0,379,20
동막교사거리,오리공원 방면,직진,21,0.79,40.2,378,20
동막교사거리,오리공원 방면,직진,22,0.55,27.0,363,20
동막교사거리,오리공원 방면,직진,23,1.72,17.6,290,20
동막교사거리,오리역 방면,우회전,0,0.0,10.7,3,20
동막교사거리,오리역 방면,우회전,6,0.0,10.5,8,20
동막교사거리,오리역 방면,우회전,7,2.38,11.4,126,20
동막교사거리,오리역 방면,우회전,8,2.03,14.2,295,20
동막교사거리,오리역 방면,우회전,9,1.87,13.2,268,20
동막교사거리,오리역 방면,우회전,10,1.5,12.8,266,20
동막교사거리,오리역 방면,우회전,11,2.25,12.5,222,20
동막교사거리,오리역 방면,우회전,12,1.42,12.7,211,20
동막교사거리,오리역 방면,우회전,13,0.35,13.6,285,20
동막교사거리,오리역 방면,우회전,14,2.31,12.9,216,20
동막교사거리,오리역 방면,우회전,15,2.44,12.2,164,20
동막교사거리,오리역 방면,우회전,16,3.68,11.6,136,20
동막교사거리,오리역 방면,우회전,17,3.01,12.2,166,20
동막교사거리,오리역 방면,우회전,18,4.63,13.5,259,20
동막교사거리,오리역 방면,우회전,19,11.0,12.6,209,20
동막교사거리,오리역 방면,우회전,20,6.98,10.8,43,20
동막교사거리,오리역 방면,우회전,21,3.57,10.8,28,20
동막교사거리,오리역 방면,우회전,22,9.09,10.8,22,20
동막교사거리,오리역 방면,우회전,23,0.0,10.8,5,20
동막교사거리,오리역 방면,좌회전,0,1.42,20.6,352,20
동막교사거리,오리역 방면,좌회전,1,2.4,16.0,292,20
동막교사거리,오리역 방면,좌회전,2,11.76,12.9,170,20
동막교사거리,오리역 방면,좌회전,3,8.47,11.7,59,20
동막교사거리,오리역 방면,좌회전,4,7.14,12.0,182,20
동막교사거리,오리역 방면,좌회전,5,1.48,15.9,338,20
동막교사거리,오리역 방면,좌회전,6,0.53,29.8,376,20
동막교사거리,오리역 방면,좌회전,7,0.0,43.2,377,20
동막교사거리,오리역 방면,좌회전,8,0.0,79.9,381,20
동막교사거리,오리역 방면,좌회전,9,0.0,82.4,382,20
동막교사거리,오리역 방면,좌회전,10,0.0,75.6,383,20
동막교사거리,오리역 방면,좌회전,11,0.0,66.7,383,20
동막교사거리,오리역 방면,좌회전,12,0.0,66.8,381,20
동막교사거리,오리역 방면,좌회전,13,0.0,73.7,378,20
동막교사거리,오리역 방면,좌회전,14,0.0,67.5,380,20
동막교사거리,오리역 방면,좌회전,15,0.0,73.9,380,20
동막교사거리,오리역 방면,좌회전,16,0.0,76.5,382,20
동막교사거리,오리역 방면,좌회전,17,0.0,85.8,383,20
동막교사거리,오리역 방면,좌회전,18,0.0,83.6,383,20
동막교사거리,오리역 방면,좌회전,19,0.0,57.8,382,20
동막교사거리,오리역 방면,좌회전,20,0.0,54.3,380,20
동막교사거리,오리역 방면,좌회전,21,0.0,45.5,381,20
동막교사거리,오리역 방면,좌회전,22,0.0,38.8,380,20
동막교사거리,오리역 방면,좌회전,23,0.27,29.1,377,20
동막교사거리,오리역 방면,직진,0,0.52,245.7,382,20
동막교사거리,오리역 방면,직진,1,0.79,187.3,382,20
동막교사거리,오리역 방면,직진,2,0.52,127.0,381,20
동막교사거리,오리역 방면,직진,3,0.26,91.9,381,20
동막교사거리,오리역 방면,직진,4,1.04,94.2,384,20
동막교사거리,오리역 방면,직진,5,0.52,215.2,385,20
동막교사거리,오리역 방면,직진,6,0.26,553.0,387,20
동막교사거리,오리역 방면,직진,7,3.07,1315.7,391,20
동막교사거리,오리역 방면,직진,8,6.91,1380.5,391,20
동막교사거리,오리역 방면,직진,9,0.26,1196.3,389,20
동막교사거리,오리역 방면,직진,10,0.51,934.1,389,20
동막교사거리,오리역 방면,직진,11,0.26,822.8,388,20
동막교사거리,오리역 방면,직진,12,0.26,791.3,385,20
동막교사거리,오리역 방면,직진,13,0.52,856.3,383,20
동막교사거리,오리역 방면,직진,14,0.0,852.6,387,20
동막교사거리,오리역 방면,직진,15,0.26,874.0,389,20
동막교사거리,오리역 방면,직진,16,0.0,922.9,389,20
동막교사거리,오리역 방면,직진,17,0.52,1012.5,388,20
동막교사거리,오리역 방면,직진,18,0.77,928.5,389,20
동막교사거리,오리역 방면,직진,19,0.0,730.9,388,20
동막교사거리,오리역 방면,직진,20,0.0,619.7,388,20
동막교사거리,오리역 방면,직진,21,0.26,612.4,389,20
동막교사거리,오리역 방면,직진,22,0.78,502.5,387,20
동막교사거리,오리역 방면,직진,23,0.52,374.8,385,20
미금역사거리,까치마을사거리 방면,우회전,0,56.97,36.0,330,20
미금역사거리,까치마을사거리 방면,우회전,1,39.08,31.7,325,20
미금역사거리,까치마을사거리 방면,우회전,2,24.08,21.9,299,20
미금역사거리,까치마을사거리 방면,우회전,3,13.06,15.4,245,20
미금역사거리,까치마을사거리 방면,우회전,4,14.29,12.8,168,20
미금역사거리,까치마을사거리 방면,우회전,5,59.46,14.7,222,20
미금역사거리,까치마을사거리 방면,우회전,6,71.28,27.3,296,20
미금역사거리,까치마을사거리 방면,우회전,7,67.86,46.2,308,20
미금역사거리,까치마을사거리 방면,우회전,8,64.58,60.4,336,20
미금역사거리,까치마을사거리 방면,우회전,9,65.68,68.7,338,20
미금역사거리,까치마을사거리 방면,우회전,10,66.37,74.4,342,20
미금역사거리,까치마을사거리 방면,우회전,11,66.08,76.3,342,20
미금역사거리,까치마을사거리 방면,우회전,12,66.96,69.9,336,20
미금역사거리,까치마을사거리 방면,우회전,13,67.75,66.4,338,20
미금역사거리,까치마을사거리 방면,우회전,14,67.46,73.5,338,20
미금역사거리,까치마을사거리 방면,우회전,15,65.07,74.5,335,20
미금역사거리,까치마을사거리 방면,우회전,16,68.92,70.8,325,20
미금역사거리,까치마을사거리 방면,우회전,17,68.42,64.4,323,20
미금역사거리,까치마을사거리 방면,우회전,18,69.45,56.2,311,20
미금역사거리,까치마을사거리 방면,우회전,19,66.77,48.1,319,20
미금역사거리,까치마을사거리 방면,우회전,20,67.38,44.0,328,20
미금역사거리,까치마을사거리 방면,우회전,21,64.5,45.6,338,20
미금역사거리,까치마을사거리 방면,우회전,22,63.28,42.5,335,20
미금역사거리,까치마을사거리 방면,우회전,23,64.12,41.4,340,20
미금역사거리,까치마을사거리 방면,좌회전,0,0.63,35.9,319,20
미금역사거리,까치마을사거리 방면,좌회전,1,1.99,23.9,302,20
미금역사거리,까치마을사거리 방면,좌회전,2,2.94,17.1,272,20
미금역사거리,까치마을사거리 방면,좌회전,3,2.33,14.7,257,20
미금역사거리,까치마을사거리 방면,좌회전,4,0.66,22.7,304,20
미금역사거리,까치마을사거리 방면,좌회전,5,0.63,48.5,315,20
미금역사거리,까치마을사거리 방면,좌회전,6,1.86,91.7,322,20
미금역사거리,까치마을사거리 방면,좌회전,7,1.56,186.3,321,20
미금역사거리,까치마을사거리 방면,좌회전,8,0.63,216.7,317,20
미금역사거리,까치마을사거리 방면,좌회전,9,0.93,199.1,322,20
미금역사거리,까치마을사거리 방면,좌회전,10,4.26,164.4,329,20
미금역사거리,까치마을사거리 방면,좌회전,11,5.79,156.0,328,20
미금역사거리,까치마을사거리 방면,좌회전,12,7.41,146.0,324,20
미금역사거리,까치마을사거리 방면,좌회전,13,8.0,144.9,325,20
미금역사거리,까치마을사거리 방면,좌회전,14,7.43,145.4,323,20
미금역사거리,까치마을사거리 방면,좌회전,15,11.42,148.2,324,20
미금역사거리,까치마을사거리 방면,좌회전,16,13.08,154.4,321,20
미금역사거리,까치마을사거리 방면,좌회전,17,20.56,149.6,321,20
미금역사거리,까치마을사거리 방면,좌회전,18,32.29,149.3,319,20
미금역사거리,까치마을사거리 방면,좌회전,19,8.33,145.7,324,20
미금역사거리,까치마을사거리 방면,좌회전,20,2.79,130.5,323,20
미금역사거리,까치마을사거리 방면,좌회전,21,1.23,120.0,325,20
미금역사거리,까치마을사거리 방면,좌회전,22,0.62,113.0,324,20
미금역사거리,까치마을사거리 방면,좌회전,23,4.94,61.9,324,20
미금역사거리,까치마을사거리 방면,직진,0,0.89,101.9,224,20
미금역사거리,까치마을사거리 방면,직진,1,1.36,58.9,220,20
미금역사거리,까치마을사거리 방면,직진,2,1.72,38.1,232,20
미금역사거리,까치마을사거리 방면,직진,3,0.5,41.5,201,20
미금역사거리,까치마을사거리 방면,직진,4,0.54,52.0,186,20
미금역사거리,까치마을사거리 방면,직진,5,0.69,165.3,144,20
미금역사거리,까치마을사거리 방면,직진,6,3.75,341.6,320,20
미금역사거리,까치마을사거리 방면,직진,7,18.29,529.5,339,20
미금역사거리,까치마을사거리 방면,직진,8,29.79,427.9,339,20
미금역사거리,까치마을사거리 방면,직진,9,9.04,498.3,332,20
미금역사거리,까치마을사거리 방면,직진,10,10.61,451.4,330,20
미금역사거리,까치마을사거리 방면,직진,11,18.05,464.0,338,20
미금역사거리,까치마을사거리 방면,직진,12,16.42,433.6,335,20
미금역사거리,까치마을사거리 방면,직진,13,16.67,408.2,330,20
미금역사거리,까치마을사거리 방면,직진,14,17.42,447.4,333,20
미금역사거리,까치마을사거리 방면,직진,15,38.87,464.8,337,20
미금역사거리,까치마을사거리 방면,직진,16,66.76,422.5,343,20
미금역사거리,까치마을사거리 방면,직진,17,81.1,317.3,344,20
미금역사거리,까치마을사거리 방면,직진,18,74.28,298.0,346,20
미금역사거리,까치마을사거리 방면,직진,19,25.98,335.8,331,20
미금역사거리,까치마을사거리 방면,직진,20,8.54,352.1,328,20
미금역사거리,까치마을사거리 방면,직진,21,4.63,334.6,324,20
미금역사거리,까치마을사거리 방면,직진,22,6.4,285.5,328,20
미금역사거리,까치마을사거리 방면,직진,23,24.16,150.9,327,20
미금역사거리,미금역 방면,우회전,0,0.88,52.2,457,20
미금역사거리,미금역 방면,우회전,1,0.89,35.7,448,20
미금역사거리,미금역 방면,우회전,2,0.97,24.6,413,20
미금역사거리,미금역 방면,우회전,3,1.08,17.8,371,20
미금역사거리,미금역 방면,우회전,4,0.99,19.1,403,20
미금역사거리,미금역 방면,우회전,5,2.49,47.9,441,20
미금역사거리,미금역 방면,우회전,6,1.29,123.4,464,20
미금역사거리,미금역 방면,우회전,7,6.28,234.5,462,20
미금역사거리,미금역 방면,우회전,8,8.33,233.8,444,20
미금역사거리,미금역 방면,우회전,9,10.09,241.3,466,20
미금역사거리,미금역 방면,우회전,10,12.63,182.8,467,20
미금역사거리,미금역 방면,우회전,11,12.63,167.8,467,20
미금역사거리,미금역 방면,우회전,12,13.95,165.8,466,20
미금역사거리,미금역 방면,우회전,13,15.52,177.0,464,20
미금역사거리,미금역 방면,우회전,14,15.52,179.8,464,20
미금역사거리,미금역 방면,우회전,15,20.65,181.1,465,20
미금역사거리,미금역 방면,우회전,16,18.92,193.0,465,20
미금역사거리,미금역 방면,우회전,17,16.2,208.5,432,20
미금역사거리,미금역 방면,우회전,18,20.8,187.2,423,20
미금역사거리,미금역 방면,우회전,19,16.45,167.8,462,20
미금역사거리,미금역 방면,우회전,20,12.26,154.1,465,20
미금역사거리,미금역 방면,우회전,21,9.87,157.7,466,20
미금역사거리,미금역 방면,우회전,22,6.47,126.8,464,20
미금역사거리,미금역 방면,우회전,23,2.59,84.0,464,20
미금역사거리,미금역 방면,좌회전,0,0.0,92.2,467,20
미금역사거리,미금역 방면,좌회전,1,1.5,60.3,467,20
미금역사거리,미금역 방면,좌회전,2,3.23,42.0,465,20
미금역사거리,미금역 방면,좌회전,3,4.09,34.2,464,20
미금역사거리,미금역 방면,좌회전,4,0.65,51.1,463,20
미금역사거리,미금역 방면,좌회전,5,0.0,147.1,467,20
미금역사거리,미금역 방면,좌회전,6,0.0,313.1,467,20
미금역사거리,미금역 방면,좌회전,7,0.21,376.7,467,20
미금역사거리,미금역 방면,좌회전,8,0.66,285.1,458,20
미금역사거리,미금역 방면,좌회전,9,0.0,382.4,467,20
미금역사거리,미금역 방면,좌회전,10,0.21,352.9,467,20
미금역사거리,미금역 방면,좌회전,11,0.64,351.4,467,20
미금역사거리,미금역 방면,좌회전,12,0.64,356.3,466,20
미금역사거리,미금역 방면,좌회전,13,0.65,354.4,464,20
미금역사거리,미금역 방면,좌회전,14,0.65,341.7,465,20
미금역사거리,미금역 방면,좌회전,15,4.08,333.9,466,20
미금역사거리,미금역 방면,좌회전,16,3.43,339.2,467,20
미금역사거리,미금역 방면,좌회전,17,7.04,301.6,426,20
미금역사거리,미금역 방면,좌회전,18,6.8,239.4,412,20
미금역사거리,미금역 방면,좌회전,19,8.41,253.5,464,20
미금역사거리,미금역 방면,좌회전,20,2.15,263.8,466,20
미금역사거리,미금역 방면,좌회전,21,0.0,267.0,466,20
미금역사거리,미금역 방면,좌회전,22,0.21,223.0,466,20
미금역사거리,미금역 방면,좌회전,23,0.0,145.7,466,20
미금역사거리,미금역 방면,직진,0,0.86,181.6,467,20
미금역사거리,미금역 방면,직진,1,0.43,145.4,466,20
미금역사거리,미금역 방면,직진,2,0.64,94.7,467,20
미금역사거리,미금역 방면,직진,3,0.86,69.9,467,20
미금역사거리,미금역 방면,직진,4,0.86,67.9,466,20
미금역사거리,미금역 방면,직진,5,1.28,145.2,467,20
미금역사거리,미금역 방면,직진,6,0.86,406.5,467,20
미금역사거리,미금역 방면,직진,7,10.71,890.9,467,20
미금역사거리,미금역 방면,직진,8,35.55,866.6,467,20
미금역사거리,미금역 방면,직진,9,11.56,838.5,467,20
미금역사거리,미금역 방면,직진,10,10.49,646.6,467,20
미금역사거리,미금역 방면,직진,11,5.57,573.6,467,20
미금역사거리,미금역 방면,직진,12,5.79,549.5,466,20
미금역사거리,미금역 방면,직진,13,10.13,576.1,464,20
미금역사거리,미금역 방면,직진,14,15.3,593.8,464,20
미금역사거리,미금역 방면,직진,15,24.68,587.1,466,20
미금역사거리,미금역 방면,직진,16,20.09,589.7,468,20
미금역사거리,미금역 방면,직진,17,32.91,592.9,468,20
미금역사거리,미금역 방면,직진,18,41.45,493.1,468,20
미금역사거리,미금역 방면,직진,19,15.63,433.4,467,20
미금역사거리,미금역 방면,직진,20,8.35,398.7,467,20
미금역사거리,미금역 방면,직진,21,1.93,449.9,466,20
미금역사거리,미금역 방면,직진,22,0.21,364.5,466,20
미금역사거리,미금역 방면,직진,23,0.64,297.2,466,20
미금역사거리,정자일로 방면,우회전,0,48.31,50.2,472,20
미금역사거리,정자일로 방면,우회전,1,29.67,31.1,455,20
미금역사거리,정자일로 방면,우회전,2,15.33,20.6,437,20
미금역사거리,정자일로 방면,우회전,3,14.04,15.4,349,20
미금역사거리,정자일로 방면,우회전,4,18.01,21.6,422,20
미금역사거리,정자일로 방면,우회전,5,31.91,41.1,470,20
미금역사거리,정자일로 방면,우회전,6,48.41,75.3,473,20
미금역사거리,정자일로 방면,우회전,7,65.2,124.9,477,20
미금역사거리,정자일로 방면,우회전,8,68.99,125.6,474,20
미금역사거리,정자일로 방면,우회전,9,69.81,143.1,477,20
미금역사거리,정자일로 방면,우회전,10,70.02,159.7,477,20
미금역사거리,정자일로 방면,우회전,11,70.65,161.9,477,20
미금역사거리,정자일로 방면,우회전,12,70.17,161.9,476,20
미금역사거리,정자일로 방면,우회전,13,70.53,168.3,475,20
미금역사거리,정자일로 방면,우회전,14,70.74,175.1,475,20
미금역사거리,정자일로 방면,우회전,15,70.95,182.1,475,20
미금역사거리,정자일로 방면,우회전,16,70.65,188.6,477,20
미금역사거리,정자일로 방면,우회전,17,70.65,202.0,477,20
미금역사거리,정자일로 방면,우회전,18,70.65,200.7,477,20
미금역사거리,정자일로 방면,우회전,19,70.8,180.3,476,20
미금역사거리,정자일로 방면,우회전,20,70.59,150.6,476,20
미금역사거리,정자일로 방면,우회전,21,70.74,130.8,475,20
미금역사거리,정자일로 방면,우회전,22,69.89,108.1,475,20
미금역사거리,정자일로 방면,우회전,23,64.21,81.0,475,20
미금역사거리,정자일로 방면,좌회전,0,0.0,75.8,473,20
미금역사거리,정자일로 방면,좌회전,1,1.27,52.9,474,20
미금역사거리,정자일로 방면,좌회전,2,2.34,32.9,471,20
미금역사거리,정자일로 방면,좌회전,3,5.41,23.4,462,20
미금역사거리,정자일로 방면,좌회전,4,1.49,30.4,470,20
미금역사거리,정자일로 방면,좌회전,5,0.21,52.9,475,20
미금역사거리,정자일로 방면,좌회전,6,0.42,144.9,476,20
미금역사거리,정자일로 방면,좌회전,7,0.21,326.0,477,20
미금역사거리,정자일로 방면,좌회전,8,0.21,416.5,477,20
미금역사거리,정자일로 방면,좌회전,9,0.21,399.9,477,20
미금역사거리,정자일로 방면,좌회전,10,0.21,324.4,477,20
미금역사거리,정자일로 방면,좌회전,11,0.21,277.2,477,20
미금역사거리,정자일로 방면,좌회전,12,0.0,256.6,476,20
미금역사거리,정자일로 방면,좌회전,13,0.0,290.3,475,20
미금역사거리,정자일로 방면,좌회전,14,0.21,306.0,475,20
미금역사거리,정자일로 방면,좌회전,15,0.63,321.1,475,20
미금역사거리,정자일로 방면,좌회전,16,2.73,308.2,477,20
미금역사거리,정자일로 방면,좌회전,17,15.51,265.6,477,20
미금역사거리,정자일로 방면,좌회전,18,17.4,217.6,477,20
미금역사거리,정자일로 방면,좌회전,19,0.0,239.0,477,20
미금역사거리,정자일로 방면,좌회전,20,0.21,203.3,477,20
미금역사거리,정자일로 방면,좌회전,21,0.0,198.6,477,20
미금역사거리,정자일로 방면,좌회전,22,0.0,145.0,477,20
미금역사거리,정자일로 방면,좌회전,23,0.21,113.6,476,20
미금역사거리,정자일로 방면,직진,0,0.0,85.6,474,20
미금역사거리,정자일로 방면,직진,1,2.11,62.4,475,20
미금역사거리,정자일로 방면,직진,2,4.01,39.6,474,20
미금역사거리,정자일로 방면,직진,3,7.4,33.9,473,20
미금역사거리,정자일로 방면,직진,4,0.42,47.3,474,20
미금역사거리,정자일로 방면,직진,5,0.63,91.5,477,20
미금역사거리,정자일로 방면,직진,6,1.26,263.5,477,20
미금역사거리,정자일로 방면,직진,7,1.68,390.4,477,20
미금역사거리,정자일로 방면,직진,8,3.98,559.5,477,20
미금역사거리,정자일로 방면,직진,9,1.89,544.6,477,20
미금역사거리,정자일로 방면,직진,10,1.47,532.9,477,20
미금역사거리,정자일로 방면,직진,11,1.05,449.1,477,20
미금역사거리,정자일로 방면,직진,12,0.84,477.7,476,20
미금역사거리,정자일로 방면,직진,13,1.47,547.7,475,20
미금역사거리,정자일로 방면,직진,14,1.68,546.2,475,20
미금역사거리,정자일로 방면,직진,15,2.74,530.9,475,20
미금역사거리,정자일로 방면,직진,16,8.6,538.2,477,20
미금역사거리,정자일로 방면,직진,17,27.46,561.9,477,20
미금역사거리,정자일로 방면,직진,18,32.91,538.9,477,20
미금역사거리,정자일로 방면,직진,19,1.89,469.6,477,20
미금역사거리,정자일로 방면,직진,20,0.63,402.2,477,20
미금역사거리,정자일로 방면,직진,21,0.42,377.9,477,20
미금역사거리,정자일로 방면,직진,22,1.47,265.4,477,20
미금역사거리,정자일로 방면,직진,23,1.89,140.4,477,20
미금역사거리,청송마을 사거리 방면,우회전,0,11.52,52.1,460,20
미금역사거리,청송마을 사거리 방면,우회전,1,3.28,28.8,458,20
미금역사거리,청송마을 사거리 방면,우회전,2,0.23,19.4,428,20
미금역사거리,청송마을 사거리 방면,우회전,3,1.53,15.5,393,20
미금역사거리,청송마을 사거리 방면,우회전,4,2.74,19.0,438,20
미금역사거리,청송마을 사거리 방면,우회전,5,9.76,42.4,461,20
미금역사거리,청송마을 사거리 방면,우회전,6,24.14,97.7,464,20
미금역사거리,청송마을 사거리 방면,우회전,7,7.76,160.8,477,20
미금역사거리,청송마을 사거리 방면,우회전,8,7.13,194.3,477,20
미금역사거리,청송마을 사거리 방면,우회전,9,8.72,187.6,470,20
미금역사거리,청송마을 사거리 방면,우회전,10,30.72,184.6,472,20
미금역사거리,청송마을 사거리 방면,우회전,11,40.93,193.5,474,20
미금역사거리,청송마을 사거리 방면,우회전,12,50.96,187.9,471,20
미금역사거리,청송마을 사거리 방면,우회전,13,52.33,180.2,472,20
미금역사거리,청송마을 사거리 방면,우회전,14,54.01,187.7,474,20
미금역사거리,청송마을 사거리 방면,우회전,15,55.49,202.1,474,20
미금역사거리,청송마을 사거리 방면,우회전,16,37.95,218.5,477,20
미금역사거리,청송마을 사거리 방면,우회전,17,45.91,235.4,477,20
미금역사거리,청송마을 사거리 방면,우회전,18,57.26,227.1,475,20
미금역사거리,청송마을 사거리 방면,우회전,19,38.11,194.9,475,20
미금역사거리,청송마을 사거리 방면,우회전,20,43.67,154.1,474,20
미금역사거리,청송마을 사거리 방면,우회전,21,41.14,140.1,474,20
미금역사거리,청송마을 사거리 방면,우회전,22,34.68,140.8,470,20
미금역사거리,청송마을 사거리 방면,우회전,23,29.37,80.1,463,20
미금역사거리,청송마을 사거리 방면,좌회전,0,0.8,21.8,377,20
미금역사거리,청송마을 사거리 방면,좌회전,1,4.7,16.3,319,20
미금역사거리,청송마을 사거리 방면,좌회전,2,8.8,12.7,216,20
미금역사거리,청송마을 사거리 방면,좌회전,3,18.39,11.7,87,20
미금역사거리,청송마을 사거리 방면,좌회전,4,6.67,11.4,15,20
미금역사거리,청송마을 사거리 방면,좌회전,5,4.72,13.6,254,20
미금역사거리,청송마을 사거리 방면,좌회전,6,0.54,19.8,370,20
미금역사거리,청송마을 사거리 방면,좌회전,7,0.26,37.9,389,20
미금역사거리,청송마을 사거리 방면,좌회전,8,0.26,76.6,390,20
미금역사거리,청송마을 사거리 방면,좌회전,9,0.0,85.1,391,20
미금역사거리,청송마을 사거리 방면,좌회전,10,0.0,87.5,394,20
미금역사거리,청송마을 사거리 방면,좌회전,11,0.0,90.3,394,20
미금역사거리,청송마을 사거리 방면,좌회전,12,0.0,90.2,390,20
미금역사거리,청송마을 사거리 방면,좌회전,13,0.0,88.8,388,20
미금역사거리,청송마을 사거리 방면,좌회전,14,0.0,98.3,389,20
미금역사거리,청송마을 사거리 방면,좌회전,15,0.0,98.2,390,20
미금역사거리,청송마을 사거리 방면,좌회전,16,0.0,96.5,393,20
미금역사거리,청송마을 사거리 방면,좌회전,17,0.0,95.2,392,20
미금역사거리,청송마을 사거리 방면,좌회전,18,0.0,85.7,392,20
미금역사거리,청송마을 사거리 방면,좌회전,19,0.0,80.8,392,20
미금역사거리,청송마을 사거리 방면,좌회전,20,0.0,58.1,390,20
미금역사거리,청송마을 사거리 방면,좌회전,21,0.0,56.8,389,20
미금역사거리,청송마을 사거리 방면,좌회전,22,0.0,45.6,388,20
미금역사거리,청송마을 사거리 방면,좌회전,23,0.51,30.7,389,20
미금역사거리,청송마을 사거리 방면,직진,0,7.17,177.0,474,20
미금역사거리,청송마을 사거리 방면,직진,1,5.93,102.5,472,20
미금역사거리,청송마을 사거리 방면,직진,2,6.18,71.0,469,20
미금역사거리,청송마을 사거리 방면,직진,3,5.39,55.0,464,20
미금역사거리,청송마을 사거리 방면,직진,4,5.63,56.9,462,20
미금역사거리,청송마을 사거리 방면,직진,5,5.56,116.3,468,20
미금역사거리,청송마을 사거리 방면,직진,6,3.56,267.3,477,20
미금역사거리,청송마을 사거리 방면,직진,7,0.21,574.2,477,20
미금역사거리,청송마을 사거리 방면,직진,8,0.63,801.4,477,20
미금역사거리,청송마을 사거리 방면,직진,9,1.05,647.0,477,20
미금역사거리,청송마을 사거리 방면,직진,10,1.26,617.0,477,20
미금역사거리,청송마을 사거리 방면,직진,11,2.94,601.9,477,20
미금역사거리,청송마을 사거리 방면,직진,12,2.31,588.4,476,20
미금역사거리,청송마을 사거리 방면,직진,13,5.05,585.5,475,20
미금역사거리,청송마을 사거리 방면,직진,14,7.58,602.5,475,20
미금역사거리,청송마을 사거리 방면,직진,15,8.84,646.1,475,20
미금역사거리,청송마을 사거리 방면,직진,16,14.26,697.4,477,20
미금역사거리,청송마을 사거리 방면,직진,17,30.82,766.3,477,20
미금역사거리,청송마을 사거리 방면,직진,18,49.06,774.5,477,20
미금역사거리,청송마을 사거리 방면,직진,19,21.38,756.3,477,20
미금역사거리,청송마을 사거리 방면,직진,20,3.77,589.3,477,20
미금역사거리,청송마을 사거리 방면,직진,21,1.47,501.3,477,20
미금역사거리,청송마을 사거리 방면,직진,22,0.84,528.3,477,20
미금역사거리,청송마을 사거리 방면,직진,23,0.63,295.1,476,20
오리삼거리,농수산물센터 방면,우회전,0,5.49,36.1,437,20
오리삼거리,농수산물센터 방면,우회전,1,1.19,25.1,419,20
오리삼거리,농수산물센터 방면,우회전,2,0.26,20.3,386,20
오리삼거리,농수산물센터 방면,우회전,3,0.0,14.8,310,20
오리삼거리,농수산물센터 방면,우회전,4,2.3,22.4,391,20
오리삼거리,농수산물센터 방면,우회전,5,8.64,54.3,428,20
오리삼거리,농수산물센터 방면,우회전,6,0.22,131.8,449,20
오리삼거리,농수산물센터 방면,우회전,7,0.43,282.1,470,20
오리삼거리,농수산물센터 방면,우회전,8,1.49,340.2,471,20
오리삼거리,농수산물센터 방면,우회전,9,1.49,287.2,471,20
오리삼거리,농수산물센터 방면,우회전,10,0.85,211.1,471,20
오리삼거리,농수산물센터 방면,우회전,11,1.06,175.9,472,20
오리삼거리,농수산물센터 방면,우회전,12,3.4,194.2,471,20
오리삼거리,농수산물센터 방면,우회전,13,2.35,220.1,469,20
오리삼거리,농수산물센터 방면,우회전,14,2.55,207.3,471,20
오리삼거리,농수산물센터 방면,우회전,15,2.12,201.8,471,20
오리삼거리,농수산물센터 방면,우회전,16,0.63,195.0,473,20
오리삼거리,농수산물센터 방면,우회전,17,1.27,204.2,472,20
오리삼거리,농수산물센터 방면,우회전,18,1.92,190.4,469,20
오리삼거리,농수산물센터 방면,우회전,19,0.43,155.8,468,20
오리삼거리,농수산물센터 방면,우회전,20,1.3,124.0,463,20
오리삼거리,농수산물센터 방면,우회전,21,0.87,106.1,461,20
오리삼거리,농수산물센터 방면,우회전,22,0.44,84.2,458,20
오리삼거리,농수산물센터 방면,우회전,23,1.78,52.9,449,20
오리삼거리,농수산물센터 방면,직진,0,1.96,189.4,460,20
오리삼거리,농수산물센터 방면,직진,1,3.75,138.6,453,20
오리삼거리,농수산물센터 방면,직진,2,3.54,90.2,452,20
오리삼거리,농수산물센터 방면,직진,3,1.55,71.7,451,20
오리삼거리,농수산물센터 방면,직진,4,2.42,95.6,455,20
오리삼거리,농수산물센터 방면,직진,5,1.31,204.6,459,20
오리삼거리,농수산물센터 방면,직진,6,0.43,589.1,468,20
오리삼거리,농수산물센터 방면,직진,7,9.32,1360.5,472,20
오리삼거리,농수산물센터 방면,직진,8,8.05,1426.8,472,20
오리삼거리,농수산물센터 방면,직진,9,2.54,1197.9,472,20
오리삼거리,농수산물센터 방면,직진,10,0.85,926.8,471,20
오리삼거리,농수산물센터 방면,직진,11,0.42,756.2,472,20
오리삼거리,농수산물센터 방면,직진,12,0.21,700.8,471,20
오리삼거리,농수산물센터 방면,직진,13,0.43,777.3,470,20
오리삼거리,농수산물센터 방면,직진,14,0.64,779.6,471,20
오리삼거리,농수산물센터 방면,직진,15,0.64,777.0,471,20
오리삼거리,농수산물센터 방면,직진,16,0.42,813.4,473,20
오리삼거리,농수산물센터 방면,직진,17,0.42,811.8,472,20
오리삼거리,농수산물센터 방면,직진,18,0.42,706.6,472,20
오리삼거리,농수산물센터 방면,직진,19,0.21,587.3,471,20
오리삼거리,농수산물센터 방면,직진,20,0.21,495.3,472,20
오리삼거리,농수산물센터 방면,직진,21,0.21,502.8,471,20
오리삼거리,농수산물센터 방면,직진,22,0.21,412.8,472,20
오리삼거리,농수산물센터 방면,직진,23,0.43,299.9,470,20
오리삼거리,오리교1사거리 방면,우회전,0,7.91,64.1,430,20
오리삼거리,오리교1사거리 방면,우회전,1,2.83,44.2,424,20
오리삼거리,오리교1사거리 방면,우회전,2,1.92,30.9,417,20
오리삼거리,오리교1사거리 방면,우회전,3,1.47,24.5,409,20
오리삼거리,오리교1사거리 방면,우회전,4,1.66,35.1,422,20
오리삼거리,오리교1사거리 방면,우회전,5,10.74,39.7,447,20
오리삼거리,오리교1사거리 방면,우회전,6,19.91,81.4,457,20
오리삼거리,오리교1사거리 방면,우회전,7,28.45,120.4,457,20
오리삼거리,오리교1사거리 방면,우회전,8,36.42,138.7,453,20
오리삼거리,오리교1사거리 방면,우회전,9,49.57,137.4,464,20
오리삼거리,오리교1사거리 방면,우회전,10,56.96,130.9,467,20
오리삼거리,오리교1사거리 방면,우회전,11,59.74,130.0,467,20
오리삼거리,오리교1사거리 방면,우회전,12,57.51,128.0,466,20
오리삼거리,오리교1사거리 방면,우회전,13,55.03,129.6,467,20
오리삼거리,오리교1사거리 방면,우회전,14,54.82,128.2,467,20
오리삼거리,오리교1사거리 방면,우회전,15,62.23,130.4,466,20
오리삼거리,오리교1사거리 방면,우회전,16,53.63,135.3,468,20
오리삼거리,오리교1사거리 방면,우회전,17,80.13,156.1,468,20
오리삼거리,오리교1사거리 방면,우회전,18,79.66,139.3,467,20
오리삼거리,오리교1사거리 방면,우회전,19,60.26,105.2,463,20
오리삼거리,오리교1사거리 방면,우회전,20,54.41,94.8,454,20
오리삼거리,오리교1사거리 방면,우회전,21,42.76,91.1,456,20
오리삼거리,오리교1사거리 방면,우회전,22,25.66,82.5,452,20
오리삼거리,오리교1사거리 방면,우회전,23,7.57,79.8,449,20
오리삼거리,오리교1사거리 방면,좌회전,0,0.65,40.9,464,20
오리삼거리,오리교1사거리 방면,좌회전,1,0.66,25.6,453,20
오리삼거리,오리교1사거리 방면,좌회전,2,4.55,17.2,396,20
오리삼거리,오리교1사거리 방면,좌회전,3,2.11,14.9,380,20
오리삼거리,오리교1사거리 방면,좌회전,4,0.71,18.3,420,20
오리삼거리,오리교1사거리 방면,좌회전,5,0.66,43.1,457,20
오리삼거리,오리교1사거리 방면,좌회전,6,0.64,104.5,467,20
오리삼거리,오리교1사거리 방면,좌회전,7,0.86,152.9,467,20
오리삼거리,오리교1사거리 방면,좌회전,8,0.86,179.3,467,20
오리삼거리,오리교1사거리 방면,좌회전,9,0.43,194.5,467,20
오리삼거리,오리교1사거리 방면,좌회전,10,0.21,216.5,467,20
오리삼거리,오리교1사거리 방면,좌회전,11,0.21,232.0,467,20
오리삼거리,오리교1사거리 방면,좌회전,12,0.0,213.1,466,20
오리삼거리,오리교1사거리 방면,좌회전,13,0.0,192.5,467,20
오리삼거리,오리교1사거리 방면,좌회전,14,0.43,213.8,467,20
오리삼거리,오리교1사거리 방면,좌회전,15,0.86,226.9,466,20
오리삼거리,오리교1사거리 방면,좌회전,16,1.07,237.9,468,20
오리삼거리,오리교1사거리 방면,좌회전,17,5.77,211.1,468,20
오리삼거리,오리교1사거리 방면,좌회전,18,27.19,155.8,467,20
오리삼거리,오리교1사거리 방면,좌회전,19,2.57,135.6,467,20
오리삼거리,오리교1사거리 방면,좌회전,20,0.0,135.7,467,20
오리삼거리,오리교1사거리 방면,좌회전,21,0.0,124.1,467,20
오리삼거리,오리교1사거리 방면,좌회전,22,0.43,97.8,467,20
오리삼거리,오리교1사거리 방면,좌회전,23,0.64,66.0,467,20
오리삼거리,오리역 방면,좌회전,0,33.01,21.7,103,20
오리삼거리,오리역 방면,좌회전,1,71.43,23.5,28,20
오리삼거리,오리역 방면,좌회전,2,90.48,20.3,21,20
오리삼거리,오리역 방면,좌회전,3,83.33,15.0,18,20
오리삼거리,오리역 방면,좌회전,4,33.33,14.9,264,20
오리삼거리,오리역 방면,좌회전,5,20.22,36.3,371,20
오리삼거리,오리역 방면,좌회전,6,20.65,50.0,368,20
오리삼거리,오리역 방면,좌회전,7,16.11,88.7,391,20
오리삼거리,오리역 방면,좌회전,8,10.74,107.6,391,20
오리삼거리,오리역 방면,좌회전,9,10.73,74.2,382,20
오리삼거리,오리역 방면,좌회전,10,6.49,68.7,385,20
오리삼거리,오리역 방면,좌회전,11,4.38,78.9,388,20
오리삼거리,오리역 방면,좌회전,12,4.35,87.6,391,20
오리삼거리,오리역 방면,좌회전,13,4.05,94.5,395,20
오리삼거리,오리역 방면,좌회전,14,5.05,105.4,396,20
오리삼거리,오리역 방면,좌회전,15,5.37,106.1,391,20
오리삼거리,오리역 방면,좌회전,16,8.05,96.8,385,20
오리삼거리,오리역 방면,좌회전,17,10.77,105.0,390,20
오리삼거리,오리역 방면,좌회전,18,15.94,100.6,389,20
오리삼거리,오리역 방면,좌회전,19,15.35,83.2,391,20
오리삼거리,오리역 방면,좌회전,20,13.84,57.8,383,20
오리삼거리,오리역 방면,좌회전,21,15.78,51.6,374,20
오리삼거리,오리역 방면,좌회전,22,14.82,45.4,371,20
오리삼거리,오리역 방면,좌회전,23,24.32,23.7,296,20
오리삼거리,오리역 방면,직진,0,10.33,210.6,455,20
오리삼거리,오리역 방면,직진,1,5.07,117.4,454,20
오리삼거리,오리역 방면,직진,2,3.76,72.7,452,20
오리삼거리,오리역 방면,직진,3,6.01,56.5,449,20
오리삼거리,오리역 방면,직진,4,3.11,63.3,450,20
오리삼거리,오리역 방면,직진,5,8.13,139.3,455,20
오리삼거리,오리역 방면,직진,6,23.13,355.4,454,20
오리삼거리,오리역 방면,직진,7,25.66,654.6,452,20
오리삼거리,오리역 방면,직진,8,31.42,794.4,452,20
오리삼거리,오리역 방면,직진,9,28.92,736.8,453,20
오리삼거리,오리역 방면,직진,10,37.97,749.4,453,20
오리삼거리,오리역 방면,직진,11,48.13,787.9,455,20
오리삼거리,오리역 방면,직진,12,58.81,807.7,454,20
오리삼거리,오리역 방면,직진,13,66.96,841.1,454,20
오리삼거리,오리역 방면,직진,14,71.81,874.1,454,20
오리삼거리,오리역 방면,직진,15,75.99,917.5,454,20
오리삼거리,오리역 방면,직진,16,76.97,998.1,456,20
오리삼거리,오리역 방면,직진,17,84.18,1064.9,455,20
오리삼거리,오리역 방면,직진,18,94.96,978.5,456,20
오리삼거리,오리역 방면,직진,19,77.8,939.3,455,20
오리삼거리,오리역 방면,직진,20,69.3,775.7,456,20
오리삼거리,오리역 방면,직진,21,64.25,673.1,456,20
오리삼거리,오리역 방면,직진,22,43.08,637.0,455,20
오리삼거리,오리역 방면,직진,23,25.27,354.7,455,20
동막교사거리,경기고속삼거리 방면,우회전,0,0.0,24.3,333,25
동막교사거리,경기고속삼거리 방면,우회전,1,0.0,15.3,269,25
동막교사거리,경기고속삼거리 방면,우회전,2,0.0,12.7,116,25
동막교사거리,경기고속삼거리 방면,우회전,3,0.0,11.8,111,25
동막교사거리,경기고속삼거리 방면,우회전,4,0.0,26.3,347,25
동막교사거리,경기고속삼거리 방면,우회전,5,0.0,53.6,360,25
동막교사거리,경기고속삼거리 방면,우회전,6,0.28,73.3,362,25
동막교사거리,경기고속삼거리 방면,우회전,7,0.0,104.1,376,25
동막교사거리,경기고속삼거리 방면,우회전,8,0.0,101.6,377,25
동막교사거리,경기고속삼거리 방면,우회전,9,0.26,100.9,380,25
동막교사거리,경기고속삼거리 방면,우회전,10,0.0,99.2,380,25
동막교사거리,경기고속삼거리 방면,우회전,11,0.26,104.9,380,25
동막교사거리,경기고속삼거리 방면,우회전,12,0.79,105.0,378,25
동막교사거리,경기고속삼거리 방면,우회전,13,0.27,115.0,376,25
동막교사거리,경기고속삼거리 방면,우회전,14,0.0,111.3,376,25
동막교사거리,경기고속삼거리 방면,우회전,15,0.0,107.1,377,25
동막교사거리,경기고속삼거리 방면,우회전,16,0.53,108.4,378,25
동막교사거리,경기고속삼거리 방면,우회전,17,0.27,118.0,373,25
동막교사거리,경기고속삼거리 방면,우회전,18,1.33,107.2,376,25
동막교사거리,경기고속삼거리 방면,우회전,19,0.53,92.4,374,25
동막교사거리,경기고속삼거리 방면,우회전,20,0.0,86.2,369,25
동막교사거리,경기고속삼거리 방면,우회전,21,0.0,79.9,371,25
동막교사거리,경기고속삼거리 방면,우회전,22,0.0,69.6,369,25
동막교사거리,경기고속삼거리 방면,우회전,23,0.0,39.5,360,25
동막교사거리,경기고속삼거리 방면,좌회전,0,0.6,26.4,335,25
동막교사거리,경기고속삼거리 방면,좌회전,1,2.02,14.4,248,25
동막교사거리,경기고속삼거리 방면,좌회전,2,2.0,12.1,100,25
동막교사거리,경기고속삼거리 방면,좌회전,3,6.67,11.0,45,25
동막교사거리,경기고속삼거리 방면,좌회전,4,2.75,12.7,182,25
동막교사거리,경기고속삼거리 방면,좌회전,5,0.31,20.7,326,25
동막교사거리,경기고속삼거리 방면,좌회전,6,0.0,54.6,358,25
동막교사거리,경기고속삼거리 방면,좌회전,7,0.0,99.4,376,25
동막교사거리,경기고속삼거리 방면,좌회전,8,2.11,120.7,379,25
동막교사거리,경기고속삼거리 방면,좌회전,9,0.0,127.7,380,25
동막교사거리,경기고속삼거리 방면,좌회전,10,0.0,122.8,380,25
동막교사거리,경기고속삼거리 방면,좌회전,11,0.0,133.9,380,25
동막교사거리,경기고속삼거리 방면,좌회전,12,0.0,137.0,379,25
동막교사거리,경기고속삼거리 방면,좌회전,13,0.0,140.8,377,25
동막교사거리,경기고속삼거리 방면,좌회전,14,0.0,149.2,377,25
동막교사거리,경기고속삼거리 방면,좌회전,15,0.0,150.0,379,25
동막교사거리,경기고속삼거리 방면,좌회전,16,0.0,162.4,378,25
동막교사거리,경기고속삼거리 방면,좌회전,17,0.0,174.9,379,25
동막교사거리,경기고속삼거리 방면,좌회전,18,0.0,141.0,377,25
동막교사거리,경기고속삼거리 방면,좌회전,19,0.0,108.3,368,25
동막교사거리,경기고속삼거리 방면,좌회전,20,0.0,87.1,366,25
동막교사거리,경기고속삼거리 방면,좌회전,21,0.0,81.0,363,25
동막교사거리,경기고속삼거리 방면,좌회전,22,0.56,64.8,359,25
동막교사거리,경기고속삼거리 방면,좌회전,23,0.56,45.7,355,25
동막교사거리,경기고속삼거리 방면,직진,0,1.49,28.1,336,25
동막교사거리,경기고속삼거리 방면,직진,1,1.76,16.3,284,25
동막교사거리,경기고속삼거리 방면,직진,2,4.86,12.9,144,25
동막교사거리,경기고속삼거리 방면,직진,3,4.84,12.1,62,25
동막교사거리,경기고속삼거리 방면,직진,4,5.74,13.6,244,25
동막교사거리,경기고속삼거리 방면,직진,5,2.61,32.6,345,25
동막교사거리,경기고속삼거리 방면,직진,6,0.0,62.9,357,25
동막교사거리,경기고속삼거리 방면,직진,7,0.0,108.2,377,25
동막교사거리,경기고속삼거리 방면,직진,8,1.31,150.1,381,25
동막교사거리,경기고속삼거리 방면,직진,9,0.0,108.8,380,25
동막교사거리,경기고속삼거리 방면,직진,10,0.0,112.5,381,25
동막교사거리,경기고속삼거리 방면,직진,11,1.57,123.5,382,25
동막교사거리,경기고속삼거리 방면,직진,12,1.58,127.1,380,25
동막교사거리,경기고속삼거리 방면,직진,13,0.79,136.4,378,25
동막교사거리,경기고속삼거리 방면,직진,14,1.06,146.1,376,25
동막교사거리,경기고속삼거리 방면,직진,15,0.53,166.7,377,25
동막교사거리,경기고속삼거리 방면,직진,16,0.26,181.0,381,25
동막교사거리,경기고속삼거리 방면,직진,17,0.52,204.0,383,25
동막교사거리,경기고속삼거리 방면,직진,18,2.36,184.8,382,25
동막교사거리,경기고속삼거리 방면,직진,19,0.53,160.9,374,25
동막교사거리,경기고속삼거리 방면,직진,20,0.27,125.8,373,25
동막교사거리,경기고속삼거리 방면,직진,21,0.0,111.3,365,25
동막교사거리,경기고속삼거리 방면,직진,22,0.0,95.1,361,25
동막교사거리,경기고속삼거리 방면,직진,23,0.28,57.9,357,25
동막교사거리,동막교삼거리 방면,우회전,0,0.0,18.4,356,25
동막교사거리,동막교삼거리 방면,우회전,1,0.0,13.7,276,25
동막교사거리,동막교삼거리 방면,우회전,2,0.0,11.1,65,25
동막교사거리,동막교삼거리 방면,우회전,3,0.0,12.0,171,25
동막교사거리,동막교삼거리 방면,우회전,4,0.28,19.6,355,25
동막교사거리,동막교삼거리 방면,우회전,5,0.54,43.6,371,25
동막교사거리,동막교삼거리 방면,우회전,6,0.0,70.6,371,25
동막교사거리,동막교삼거리 방면,우회전,7,0.27,123.0,376,25
동막교사거리,동막교삼거리 방면,우회전,8,0.26,224.0,381,25
동막교사거리,동막교삼거리 방면,우회전,9,0.0,228.6,380,25
동막교사거리,동막교삼거리 방면,우회전,10,0.0,221.9,380,25
동막교사거리,동막교삼거리 방면,우회전,11,0.53,205.0,379,25
동막교사거리,동막교삼거리 방면,우회전,12,0.53,211.5,380,25
동막교사거리,동막교삼거리 방면,우회전,13,0.0,222.8,379,25
동막교사거리,동막교삼거리 방면,우회전,14,0.52,213.2,381,25
동막교사거리,동막교삼거리 방면,우회전,15,1.05,214.7,382,25
동막교사거리,동막교삼거리 방면,우회전,16,0.26,223.8,383,25
동막교사거리,동막교삼거리 방면,우회전,17,0.79,232.0,382,25
동막교사거리,동막교삼거리 방면,우회전,18,1.31,227.5,381,25
동막교사거리,동막교삼거리 방면,우회전,19,0.27,163.5,377,25
동막교사거리,동막교삼거리 방면,우회전,20,0.27,116.0,373,25
동막교사거리,동막교삼거리 방면,우회전,21,0.27,88.9,371,25
동막교사거리,동막교삼거리 방면,우회전,22,0.0,62.0,372,25
동막교사거리,동막교삼거리 방면,우회전,23,0.0,35.1,370,25
동막교사거리,동막교삼거리 방면,좌회전,0,0.0,29.8,363,25
동막교사거리,동막교삼거리 방면,좌회전,1,0.0,20.4,333,25
동막교사거리,동막교삼거리 방면,좌회전,2,0.4,14.6,248,25
동막교사거리,동막교삼거리 방면,좌회전,3,0.0,11.8,130,25
동막교사거리,동막교삼거리 방면,좌회전,4,0.49,12.8,204,25
동막교사거리,동막교삼거리 방면,좌회전,5,0.0,29.9,365,25
동막교사거리,동막교삼거리 방면,좌회전,6,0.27,56.1,367,25
동막교사거리,동막교삼거리 방면,좌회전,7,0.0,123.7,378,25
동막교사거리,동막교삼거리 방면,좌회전,8,0.0,176.7,380,25
동막교사거리,동막교삼거리 방면,좌회전,9,0.0,126.7,380,25
동막교사거리,동막교삼거리 방면,좌회전,10,0.0,117.1,380,25
동막교사거리,동막교삼거리 방면,좌회전,11,0.0,117.1,379,25
동막교사거리,동막교삼거리 방면,좌회전,12,0.0,122.5,379,25
동막교사거리,동막교삼거리 방면,좌회전,13,0.0,132.4,376,25
동막교사거리,동막교삼거리 방면,좌회전,14,0.0,139.3,378,25
동막교사거리,동막교삼거리 방면,좌회전,15,0.0,155.2,384,25
동막교사거리,동막교삼거리 방면,좌회전,16,0.0,176.3,381,25
동막교사거리,동막교삼거리 방면,좌회전,17,0.0,204.2,383,25
동막교사거리,동막교삼거리 방면,좌회전,18,0.0,215.3,378,25
동막교사거리,동막교삼거리 방면,좌회전,19,0.0,183.2,377,25
동막교사거리,동막교삼거리 방면,좌회전,20,0.0,122.5,376,25
동막교사거리,동막교삼거리 방면,좌회전,21,0.0,101.9,377,25
동막교사거리,동막교삼거리 방면,좌회전,22,0.0,103.1,371,25
동막교사거리,동막교삼거리 방면,좌회전,23,0.0,51.8,371,25
동막교사거리,동막교삼거리 방면,직진,0,0.26,231.6,378,25
동막교사거리,동막교삼거리 방면,직진,1,0.8,133.3,375,25
동막교사거리,동막교삼거리 방면,직진,2,0.27,87.5,372,25
동막교사거리,동막교삼거리 방면,직진,3,0.54,68.5,372,25
동막교사거리,동막교삼거리 방면,직진,4,0.8,74.6,374,25
동막교사거리,동막교삼거리 방면,직진,5,1.06,162.3,376,25
동막교사거리,동막교삼거리 방면,직진,6,0.79,417.8,380,25
동막교사거리,동막교삼거리 방면,직진,7,0.52,826.0,381,25
동막교사거리,동막교삼거리 방면,직진,8,6.28,1056.3,382,25
동막교사거리,동막교삼거리 방면,직진,9,2.89,930.7,381,25
동막교사거리,동막교삼거리 방면,직진,10,6.53,907.3,383,25
동막교사거리,동막교삼거리 방면,직진,11,9.69,922.8,382,25
동막교사거리,동막교삼거리 방면,직진,12,9.21,942.5,380,25
동막교사거리,동막교삼거리 방면,직진,13,15.97,946.7,382,25
동막교사거리,동막교삼거리 방면,직진,14,19.84,978.9,383,25
동막교사거리,동막교삼거리 방면,직진,15,30.73,1039.9,384,25
동막교사거리,동막교삼거리 방면,직진,16,45.83,1105.0,384,25
동막교사거리,동막교삼거리 방면,직진,17,69.53,1195.1,384,25
동막교사거리,동막교삼거리 방면,직진,18,86.46,1162.7,384,25
동막교사거리,동막교삼거리 방면,직진,19,61.82,1079.9,385,25
동막교사거리,동막교삼거리 방면,직진,20,11.98,841.4,384,25
동막교사거리,동막교삼거리 방면,직진,21,3.37,699.7,386,25
동막교사거리,동막교삼거리 방면,직진,22,3.66,684.1,382,25
동막교사거리,동막교삼거리 방면,직진,23,0.78,384.6,383,25
동막교사거리,오리공원 방면,우회전,0,0.39,17.1,254,25
동막교사거리,오리공원 방면,우회전,1,1.09,14.0,183,25
동막교사거리,오리공원 방면,우회전,2,0.0,12.8,88,25
동막교사거리,오리공원 방면,우회전,3,0.0,12.0,81,25
동막교사거리,오리공원 방면,우회전,4,0.77,16.9,261,25
동막교사거리,오리공원 방면,우회전,5,0.0,34.6,357,25
동막교사거리,오리공원 방면,우회전,6,0.0,91.0,375,25
동막교사거리,오리공원 방면,우회전,7,1.55,257.0,387,25
동막교사거리,오리공원 방면,우회전,8,3.1,264.3,387,25
동막교사거리,오리공원 방면,우회전,9,0.0,197.1,385,25
동막교사거리,오리공원 방면,우회전,10,0.52,138.5,384,25
동막교사거리,오리공원 방면,우회전,11,0.79,110.5,382,25
동막교사거리,오리공원 방면,우회전,12,2.62,102.5,381,25
동막교사거리,오리공원 방면,우회전,13,0.79,114.5,378,25
동막교사거리,오리공원 방면,우회전,14,0.79,119.3,381,25
동막교사거리,오리공원 방면,우회전,15,0.79,126.3,380,25
동막교사거리,오리공원 방면,우회전,16,0.26,134.0,382,25
동막교사거리,오리공원 방면,우회전,17,0.26,142.0,383,25
동막교사거리,오리공원 방면,우회전,18,0.26,130.2,382,25
동막교사거리,오리공원 방면,우회전,19,2.89,77.1,381,25
동막교사거리,오리공원 방면,우회전,20,13.19,49.1,379,25
동막교사거리,오리공원 방면,우회전,21,13.23,56.4,378,25
동막교사거리,오리공원 방면,우회전,22,8.02,34.3,374,25
동막교사거리,오리공원 방면,우회전,23,1.15,24.6,349,25
동막교사거리,오리공원 방면,좌회전,8,0.0,10.3,3,25
동막교사거리,오리공원 방면,좌회전,9,0.0,11.4,8,25
동막교사거리,오리공원 방면,좌회전,10,0.0,11.7,7,25
동막교사거리,오리공원 방면,좌회전,11,0.0,11.0,8,25
동막교사거리,오리공원 방면,좌회전,12,0.0,10.3,13,25
동막교사거리,오리공원 방면,좌회전,13,0.0,10.5,14,25
동막교사거리,오리공원 방면,좌회전,14,0.0,10.6,12,25
동막교사거리,오리공원 방면,좌회전,15,0.0,12.3,16,25
동막교사거리,오리공원 방면,좌회전,16,0.0,11.4,12,25
동막교사거리,오리공원 방면,좌회전,17,0.0,10.9,14,25
동막교사거리,오리공원 방면,좌회전,18,0.0,12.7,56,25
동막교사거리,오리공원 방면,좌회전,19,0.0,11.3,3,25
동막교사거리,오리공원 방면,좌회전,20,0.0,10.5,2,25
동막교사거리,오리공원 방면,직진,0,0.0,14.4,177,25
동막교사거리,오리공원 방면,직진,1,0.0,11.5,52,25
동막교사거리,오리공원 방면,직진,2,0.0,11.0,38,25
동막교사거리,오리공원 방면,직진,3,0.0,11.9,82,25
동막교사거리,오리공원 방면,직진,4,0.36,16.7,276,25
동막교사거리,오리공원 방면,직진,5,0.28,55.7,362,25
동막교사거리,오리공원 방면,직진,6,0.0,100.9,361,25
동막교사거리,오리공원 방면,직진,7,0.28,104.4,356,25
동막교사거리,오리공원 방면,직진,8,0.0,120.2,360,25
동막교사거리,오리공원 방면,직진,9,0.0,101.2,376,25
동막교사거리,오리공원 방면,직진,10,0.0,85.6,379,25
동막교사거리,오리공원 방면,직진,11,0.0,70.8,381,25
동막교사거리,오리공원 방면,직진,12,0.0,71.9,380,25
동막교사거리,오리공원 방면,직진,13,0.0,76.0,377,25
동막교사거리,오리공원 방면,직진,14,0.0,74.7,379,25
동막교사거리,오리공원 방면,직진,15,0.0,78.9,379,25
동막교사거리,오리공원 방면,직진,16,0.0,91.4,373,25
동막교사거리,오리공원 방면,직진,17,0.27,95.9,376,25
동막교사거리,오리공원 방면,직진,18,0.26,98.6,381,25
동막교사거리,오리공원 방면,직진,19,0.0,56.3,380,25
동막교사거리,오리공원 방면,직진,20,0.0,44.0,379,25
동막교사거리,오리공원 방면,직진,21,0.53,40.2,378,25
동막교사거리,오리공원 방면,직진,22,0.55,27.0,363,25
동막교사거리,오리공원 방면,직진,23,0.34,17.6,290,25
동막교사거리,오리역 방면,우회전,0,0.0,10.7,3,25
동막교사거리,오리역 방면,우회전,6,0.0,10.5,8,25
동막교사거리,오리역 방면,우회전,7,0.79,11.4,126,25
동막교사거리,오리역 방면,우회전,8,0.68,14.2,295,25
동막교사거리,오리역 방면,우회전,9,0.75,13.2,268,25
동막교사거리,오리역 방면,우회전,10,0.0,12.8,266,25
동막교사거리,오리역 방면,우회전,11,0.9,12.5,222,25
동막교사거리,오리역 방면,우회전,12,0.47,12.7,211,25
동막교사거리,오리역 방면,우회전,13,0.0,13.6,285,25
동막교사거리,오리역 방면,우회전,14,1.39,12.9,216,25
동막교사거리,오리역 방면,우회전,15,0.61,12.2,164,25
동막교사거리,오리역 방면,우회전,16,0.74,11.6,136,25
동막교사거리,오리역 방면,우회전,17,0.6,12.2,166,25
동막교사거리,오리역 방면,우회전,18,1.54,13.5,259,25
동막교사거리,오리역 방면,우회전,19,5.26,12.6,209,25
동막교사거리,오리역 방면,우회전,20,2.33,10.8,43,25
동막교사거리,오리역 방면,우회전,21,0.0,10.8,28,25
동막교사거리,오리역 방면,우회전,22,4.55,10.8,22,25
동막교사거리,오리역 방면,우회전,23,0.0,10.8,5,25
동막교사거리,오리역 방면,좌회전,0,0.28,20.6,352,25
동막교사거리,오리역 방면,좌회전,1,0.0,16.0,292,25
동막교사거리,오리역 방면,좌회전,2,1.18,12.9,170,25
동막교사거리,오리역 방면,좌회전,3,5.08,11.7,59,25
동막교사거리,오리역 방면,좌회전,4,2.2,12.0,182,25
동막교사거리,오리역 방면,좌회전,5,0.89,15.9,338,25
동막교사거리,오리역 방면,좌회전,6,0.53,29.8,376,25
동막교사거리,오리역 방면,좌회전,7,0.0,43.2,377,25
동막교사거리,오리역 방면,좌회전,8,0.0,79.9,381,25
동막교사거리,오리역 방면,좌회전,9,0.0,82.4,382,25
동막교사거리,오리역 방면,좌회전,10,0.0,75.6,383,25
동막교사거리,오리역 방면,좌회전,11,0.0,66.7,383,25
동막교사거리,오리역 방면,좌회전,12,0.0,66.8,381,25
동막교사거리,오리역 방면,좌회전,13,0.0,73.7,378,25
동막교사거리,오리역 방면,좌회전,14,0.0,67.5,380,25
동막교사거리,오리역 방면,좌회전,15,0.0,73.9,380,25
동막교사거리,오리역 방면,좌회전,16,0.0,76.5,382,25
동막교사거리,오리역 방면,좌회전,17,0.0,85.8,383,25
동막교사거리,오리역 방면,좌회전,18,0.0,83.6,383,25
동막교사거리,오리역 방면,좌회전,19,0.0,57.8,382,25
동막교사거리,오리역 방면,좌회전,20,0.0,54.3,380,25
동막교사거리,오리역 방면,좌회전,21,0.0,45.5,381,25
동막교사거리,오리역 방면,좌회전,22,0.0,38.8,380,25
동막교사거리,오리역 방면,좌회전,23,0.0,29.1,377,25
동막교사거리,오리역 방면,직진,0,0.52,245.7,382,25
동막교사거리,오리역 방면,직진,1,0.26,187.3,382,25
동막교사거리,오리역 방면,직진,2,0.26,127.0,381,25
동막교사거리,오리역 방면,직진,3,0.26,91.9,381,25
동막교사거리,오리역 방면,직진,4,0.52,94.2,384,25
동막교사거리,오리역 방면,직진,5,0.26,215.2,385,25
동막교사거리,오리역 방면,직진,6,0.26,553.0,387,25
동막교사거리,오리역 방면,직진,7,1.53,1315.7,391,25
동막교사거리,오리역 방면,직진,8,4.86,1380.5,391,25
동막교사거리,오리역 방면,직진,9,0.0,1196.3,389,25
동막교사거리,오리역 방면,직진,10,0.51,934.1,389,25
동막교사거리,오리역 방면,직진,11,0.26,822.8,388,25
동막교사거리,오리역 방면,직진,12,0.26,791.3,385,25
동막교사거리,오리역 방면,직진,13,0.26,856.3,383,25
동막교사거리,오리역 방면,직진,14,0.0,852.6,387,25
동막교사거리,오리역 방면,직진,15,0.0,874.0,389,25
동막교사거리,오리역 방면,직진,16,0.0,922.9,389,25
동막교사거리,오리역 방면,직진,17,0.52,1012.5,388,25
동막교사거리,오리역 방면,직진,18,0.77,928.5,389,25
동막교사거리,오리역 방면,직진,19,0.0,730.9,388,25
동막교사거리,오리역 방면,직진,20,0.0,619.7,388,25
동막교사거리,오리역 방면,직진,21,0.26,612.4,389,25
동막교사거리,오리역 방면,직진,22,0.78,502.5,387,25
동막교사거리,오리역 방면,직진,23,0.52,374.8,385,25
미금역사거리,까치마을사거리 방면,우회전,0,48.79,36.0,330,25
미금역사거리,까치마을사거리 방면,우회전,1,24.62,31.7,325,25
미금역사거리,까치마을사거리 방면,우회전,2,14.72,21.9,299,25
미금역사거리,까치마을사거리 방면,우회전,3,8.57,15.4,245,25
미금역사거리,까치마을사거리 방면,우회전,4,8.33,12.8,168,25
미금역사거리,까치마을사거리 방면,우회전,5,40.99,14.7,222,25
미금역사거리,까치마을사거리 방면,우회전,6,60.81,27.3,296,25
미금역사거리,까치마을사거리 방면,우회전,7,61.36,46.2,308,25
미금역사거리,까치마을사거리 방면,우회전,8,61.01,60.4,336,25
미금역사거리,까치마을사거리 방면,우회전,9,63.61,68.7,338,25
미금역사거리,까치마을사거리 방면,우회전,10,64.04,74.4,342,25
미금역사거리,까치마을사거리 방면,우회전,11,63.45,76.3,342,25
미금역사거리,까치마을사거리 방면,우회전,12,63.39,69.9,336,25
미금역사거리,까치마을사거리 방면,우회전,13,61.24,66.4,338,25
미금역사거리,까치마을사거리 방면,우회전,14,64.2,73.5,338,25
미금역사거리,까치마을사거리 방면,우회전,15,63.28,74.5,335,25
미금역사거리,까치마을사거리 방면,우회전,16,66.46,70.8,325,25
미금역사거리,까치마을사거리 방면,우회전,17,67.18,64.4,323,25
미금역사거리,까치마을사거리 방면,우회전,18,68.81,56.2,311,25
미금역사거리,까치마을사거리 방면,우회전,19,65.83,48.1,319,25
미금역사거리,까치마을사거리 방면,우회전,20,64.94,44.0,328,25
미금역사거리,까치마을사거리 방면,우회전,21,62.13,45.6,338,25
미금역사거리,까치마을사거리 방면,우회전,22,60.0,42.5,335,25
미금역사거리,까치마을사거리 방면,우회전,23,59.71,41.4,340,25
미금역사거리,까치마을사거리 방면,좌회전,0,0.31,35.9,319,25
미금역사거리,까치마을사거리 방면,좌회전,1,0.66,23.9,302,25
미금역사거리,까치마을사거리 방면,좌회전,2,0.0,17.1,272,25
미금역사거리,까치마을사거리 방면,좌회전,3,0.39,14.7,257,25
미금역사거리,까치마을사거리 방면,좌회전,4,0.33,22.7,304,25
미금역사거리,까치마을사거리 방면,좌회전,5,0.32,48.5,315,25
미금역사거리,까치마을사거리 방면,좌회전,6,0.93,91.7,322,25
미금역사거리,까치마을사거리 방면,좌회전,7,0.62,186.3,321,25
미금역사거리,까치마을사거리 방면,좌회전,8,0.0,216.7,317,25
미금역사거리,까치마을사거리 방면,좌회전,9,0.62,199.1,322,25
미금역사거리,까치마을사거리 방면,좌회전,10,2.43,164.4,329,25
미금역사거리,까치마을사거리 방면,좌회전,11,3.35,156.0,328,25
미금역사거리,까치마을사거리 방면,좌회전,12,4.63,146.0,324,25
미금역사거리,까치마을사거리 방면,좌회전,13,4.92,144.9,325,25
미금역사거리,까치마을사거리 방면,좌회전,14,4.33,145.4,323,25
미금역사거리,까치마을사거리 방면,좌회전,15,8.64,148.2,324,25
미금역사거리,까치마을사거리 방면,좌회전,16,9.03,154.4,321,25
미금역사거리,까치마을사거리 방면,좌회전,17,14.33,149.6,321,25
미금역사거리,까치마을사거리 방면,좌회전,18,21.0,149.3,319,25
미금역사거리,까치마을사거리 방면,좌회전,19,4.94,145.7,324,25
미금역사거리,까치마을사거리 방면,좌회전,20,1.86,130.5,323,25
미금역사거리,까치마을사거리 방면,좌회전,21,0.62,120.0,325,25
미금역사거리,까치마을사거리 방면,좌회전,22,0.0,113.0,324,25
미금역사거리,까치마을사거리 방면,좌회전,23,1.23,61.9,324,25
미금역사거리,까치마을사거리 방면,직진,0,0.45,101.9,224,25
미금역사거리,까치마을사거리 방면,직진,1,0.91,58.9,220,25
미금역사거리,까치마을사거리 방면,직진,2,0.86,38.1,232,25
미금역사거리,까치마을사거리 방면,직진,3,0.5,41.5,201,25
미금역사거리,까치마을사거리 방면,직진,4,0.54,52.0,186,25
미금역사거리,까치마을사거리 방면,직진,5,0.69,165.3,144,25
미금역사거리,까치마을사거리 방면,직진,6,0.94,341.6,320,25
미금역사거리,까치마을사거리 방면,직진,7,8.85,529.5,339,25
미금역사거리,까치마을사거리 방면,직진,8,20.94,427.9,339,25
미금역사거리,까치마을사거리 방면,직진,9,3.01,498.3,332,25
미금역사거리,까치마을사거리 방면,직진,10,5.15,451.4,330,25
미금역사거리,까치마을사거리 방면,직진,11,10.95,464.0,338,25
미금역사거리,까치마을사거리 방면,직진,12,10.15,433.6,335,25
미금역사거리,까치마을사거리 방면,직진,13,10.91,408.2,330,25
미금역사거리,까치마을사거리 방면,직진,14,12.91,447.4,333,25
미금역사거리,까치마을사거리 방면,직진,15,24.93,464.8,337,25
미금역사거리,까치마을사거리 방면,직진,16,52.19,422.5,343,25
미금역사거리,까치마을사거리 방면,직진,17,75.58,317.3,344,25
미금역사거리,까치마을사거리 방면,직진,18,70.81,298.0,346,25
미금역사거리,까치마을사거리 방면,직진,19,14.5,335.8,331,25
미금역사거리,까치마을사거리 방면,직진,20,3.05,352.1,328,25
미금역사거리,까치마을사거리 방면,직진,21,2.78,334.6,324,25
미금역사거리,까치마을사거리 방면,직진,22,2.44,285.5,328,25
미금역사거리,까치마을사거리 방면,직진,23,6.12,150.9,327,25
미금역사거리,미금역 방면,우회전,0,0.22,52.2,457,25
미금역사거리,미금역 방면,우회전,1,0.22,35.7,448,25
미금역사거리,미금역 방면,우회전,2,0.48,24.6,413,25
미금역사거리,미금역 방면,우회전,3,0.0,17.8,371,25
미금역사거리,미금역 방면,우회전,4,0.5,19.1,403,25
미금역사거리,미금역 방면,우회전,5,1.13,47.9,441,25
미금역사거리,미금역 방면,우회전,6,0.43,123.4,464,25
미금역사거리,미금역 방면,우회전,7,2.6,234.5,462,25
미금역사거리,미금역 방면,우회전,8,5.63,233.8,444,25
미금역사거리,미금역 방면,우회전,9,7.08,241.3,466,25
미금역사거리,미금역 방면,우회전,10,7.92,182.8,467,25
미금역사거리,미금역 방면,우회전,11,8.57,167.8,467,25
미금역사거리,미금역 방면,우회전,12,9.66,165.8,466,25
미금역사거리,미금역 방면,우회전,13,10.56,177.0,464,25
미금역사거리,미금역 방면,우회전,14,10.34,179.8,464,25
미금역사거리,미금역 방면,우회전,15,14.84,181.1,465,25
미금역사거리,미금역 방면,우회전,16,13.76,193.0,465,25
미금역사거리,미금역 방면,우회전,17,10.42,208.5,432,25
미금역사거리,미금역 방면,우회전,18,14.42,187.2,423,25
미금역사거리,미금역 방면,우회전,19,12.55,167.8,462,25
미금역사거리,미금역 방면,우회전,20,9.25,154.1,465,25
미금역사거리,미금역 방면,우회전,21,7.73,157.7,466,25
미금역사거리,미금역 방면,우회전,22,4.53,126.8,464,25
미금역사거리,미금역 방면,우회전,23,0.86,84.0,464,25
미금역사거리,미금역 방면,좌회전,0,0.0,92.2,467,25
미금역사거리,미금역 방면,좌회전,1,0.43,60.3,467,25
미금역사거리,미금역 방면,좌회전,2,1.29,42.0,465,25
미금역사거리,미금역 방면,좌회전,3,1.08,34.2,464,25
미금역사거리,미금역 방면,좌회전,4,0.22,51.1,463,25
미금역사거리,미금역 방면,좌회전,5,0.0,147.1,467,25
미금역사거리,미금역 방면,좌회전,6,0.0,313.1,467,25
미금역사거리,미금역 방면,좌회전,7,0.21,376.7,467,25
미금역사거리,미금역 방면,좌회전,8,0.22,285.1,458,25
미금역사거리,미금역 방면,좌회전,9,0.0,382.4,467,25
미금역사거리,미금역 방면,좌회전,10,0.21,352.9,467,25
미금역사거리,미금역 방면,좌회전,11,0.43,351.4,467,25
미금역사거리,미금역 방면,좌회전,12,0.43,356.3,466,25
미금역사거리,미금역 방면,좌회전,13,0.65,354.4,464,25
미금역사거리,미금역 방면,좌회전,14,0.43,341.7,465,25
미금역사거리,미금역 방면,좌회전,15,2.79,333.9,466,25
미금역사거리,미금역 방면,좌회전,16,2.78,339.2,467,25
미금역사거리,미금역 방면,좌회전,17,5.63,301.6,426,25
미금역사거리,미금역 방면,좌회전,18,4.13,239.4,412,25
미금역사거리,미금역 방면,좌회전,19,5.39,253.5,464,25
미금역사거리,미금역 방면,좌회전,20,0.86,263.8,466,25
미금역사거리,미금역 방면,좌회전,21,0.0,267.0,466,25
미금역사거리,미금역 방면,좌회전,22,0.0,223.0,466,25
미금역사거리,미금역 방면,좌회전,23,0.0,145.7,466,25
미금역사거리,미금역 방면,직진,0,0.43,181.6,467,25
미금역사거리,미금역 방면,직진,1,0.43,145.4,466,25
미금역사거리,미금역 방면,직진,2,0.43,94.7,467,25
미금역사거리,미금역 방면,직진,3,0.64,69.9,467,25
미금역사거리,미금역 방면,직진,4,0.64,67.9,466,25
미금역사거리,미금역 방면,직진,5,0.86,145.2,467,25
미금역사거리,미금역 방면,직진,6,0.43,406.5,467,25
미금역사거리,미금역 방면,직진,7,2.57,890.9,467,25
미금역사거리,미금역 방면,직진,8,17.13,866.6,467,25
미금역사거리,미금역 방면,직진,9,3.43,838.5,467,25
미금역사거리,미금역 방면,직진,10,2.57,646.6,467,25
미금역사거리,미금역 방면,직진,11,1.93,573.6,467,25
미금역사거리,미금역 방면,직진,12,2.79,549.5,466,25
미금역사거리,미금역 방면,직진,13,2.16,576.1,464,25
미금역사거리,미금역 방면,직진,14,4.74,593.8,464,25
미금역사거리,미금역 방면,직진,15,12.02,587.1,466,25
미금역사거리,미금역 방면,직진,16,11.32,589.7,468,25
미금역사거리,미금역 방면,직진,17,24.36,592.9,468,25
미금역사거리,미금역 방면,직진,18,28.63,493.1,468,25
미금역사거리,미금역 방면,직진,19,12.21,433.4,467,25
미금역사거리,미금역 방면,직진,20,2.78,398.7,467,25
미금역사거리,미금역 방면,직진,21,0.43,449.9,466,25
미금역사거리,미금역 방면,직진,22,0.0,364.5,466,25
미금역사거리,미금역 방면,직진,23,0.43,297.2,466,25
미금역사거리,정자일로 방면,우회전,0,29.66,50.2,472,25
미금역사거리,정자일로 방면,우회전,1,11.65,31.1,455,25
미금역사거리,정자일로 방면,우회전,2,4.35,20.6,437,25
미금역사거리,정자일로 방면,우회전,3,4.01,15.4,349,25
미금역사거리,정자일로 방면,우회전,4,5.69,21.6,422,25
미금역사거리,정자일로 방면,우회전,5,12.34,41.1,470,25
미금역사거리,정자일로 방면,우회전,6,25.37,75.3,473,25
미금역사거리,정자일로 방면,우회전,7,52.62,124.9,477,25
미금역사거리,정자일로 방면,우회전,8,63.29,125.6,474,25
미금역사거리,정자일로 방면,우회전,9,66.67,143.1,477,25
미금역사거리,정자일로 방면,우회전,10,67.51,159.7,477,25
미금역사거리,정자일로 방면,우회전,11,68.13,161.9,477,25
미금역사거리,정자일로 방면,우회전,12,68.07,161.9,476,25
미금역사거리,정자일로 방면,우회전,13,69.68,168.3,475,25
미금역사거리,정자일로 방면,우회전,14,70.53,175.1,475,25
미금역사거리,정자일로 방면,우회전,15,70.74,182.1,475,25
미금역사거리,정자일로 방면,우회전,16,70.44,188.6,477,25
미금역사거리,정자일로 방면,우회전,17,70.65,202.0,477,25
미금역사거리,정자일로 방면,우회전,18,70.44,200.7,477,25
미금역사거리,정자일로 방면,우회전,19,70.59,180.3,476,25
미금역사거리,정자일로 방면,우회전,20,70.17,150.6,476,25
미금역사거리,정자일로 방면,우회전,21,69.47,130.8,475,25
미금역사거리,정자일로 방면,우회전,22,65.47,108.1,475,25
미금역사거리,정자일로 방면,우회전,23,53.05,81.0,475,25
미금역사거리,정자일로 방면,좌회전,0,0.0,75.8,473,25
미금역사거리,정자일로 방면,좌회전,1,0.63,52.9,474,25
미금역사거리,정자일로 방면,좌회전,2,0.21,32.9,471,25
미금역사거리,정자일로 방면,좌회전,3,0.87,23.4,462,25
미금역사거리,정자일로 방면,좌회전,4,0.43,30.4,470,25
미금역사거리,정자일로 방면,좌회전,5,0.21,52.9,475,25
미금역사거리,정자일로 방면,좌회전,6,0.21,144.9,476,25
미금역사거리,정자일로 방면,좌회전,7,0.21,326.0,477,25
미금역사거리,정자일로 방면,좌회전,8,0.21,416.5,477,25
미금역사거리,정자일로 방면,좌회전,9,0.21,399.9,477,25
미금역사거리,정자일로 방면,좌회전,10,0.0,324.4,477,25
미금역사거리,정자일로 방면,좌회전,11,0.0,277.2,477,25
미금역사거리,정자일로 방면,좌회전,12,0.0,256.6,476,25
미금역사거리,정자일로 방면,좌회전,13,0.0,290.3,475,25
미금역사거리,정자일로 방면,좌회전,14,0.0,306.0,475,25
미금역사거리,정자일로 방면,좌회전,15,0.63,321.1,475,25
미금역사거리,정자일로 방면,좌회전,16,1.68,308.2,477,25
미금역사거리,정자일로 방면,좌회전,17,11.32,265.6,477,25
미금역사거리,정자일로 방면,좌회전,18,11.95,217.6,477,25
미금역사거리,정자일로 방면,좌회전,19,0.0,239.0,477,25
미금역사거리,정자일로 방면,좌회전,20,0.21,203.3,477,25
미금역사거리,정자일로 방면,좌회전,21,0.0,198.6,477,25
미금역사거리,정자일로 방면,좌회전,22,0.0,145.0,477,25
미금역사거리,정자일로 방면,좌회전,23,0.21,113.6,476,25
미금역사거리,정자일로 방면,직진,0,0.0,85.6,474,25
미금역사거리,정자일로 방면,직진,1,0.63,62.4,475,25
미금역사거리,정자일로 방면,직진,2,0.84,39.6,474,25
미금역사거리,정자일로 방면,직진,3,3.38,33.9,473,25
미금역사거리,정자일로 방면,직진,4,0.42,47.3,474,25
미금역사거리,정자일로 방면,직진,5,0.21,91.5,477,25
미금역사거리,정자일로 방면,직진,6,0.84,263.5,477,25
미금역사거리,정자일로 방면,직진,7,0.42,390.4,477,25
미금역사거리,정자일로 방면,직진,8,1.68,559.5,477,25
미금역사거리,정자일로 방면,직진,9,0.63,544.6,477,25
미금역사거리,정자일로 방면,직진,10,0.63,532.9,477,25
미금역사거리,정자일로 방면,직진,11,0.63,449.1,477,25
미금역사거리,정자일로 방면,직진,12,0.21,477.7,476,25
미금역사거리,정자일로 방면,직진,13,0.21,547.7,475,25
미금역사거리,정자일로 방면,직진,14,0.42,546.2,475,25
미금역사거리,정자일로 방면,직진,15,1.05,530.9,475,25
미금역사거리,정자일로 방면,직진,16,2.94,538.2,477,25
미금역사거리,정자일로 방면,직진,17,16.98,561.9,477,25
미금역사거리,정자일로 방면,직진,18,23.69,538.9,477,25
미금역사거리,정자일로 방면,직진,19,0.63,469.6,477,25
미금역사거리,정자일로 방면,직진,20,0.21,402.2,477,25
미금역사거리,정자일로 방면,직진,21,0.0,377.9,477,25
미금역사거리,정자일로 방면,직진,22,0.63,265.4,477,25
미금역사거리,정자일로 방면,직진,23,0.42,140.4,477,25
미금역사거리,청송마을 사거리 방면,우회전,0,2.83,52.1,460,25
미금역사거리,청송마을 사거리 방면,우회전,1,0.87,28.8,458,25
미금역사거리,청송마을 사거리 방면,우회전,2,0.23,19.4,428,25
미금역사거리,청송마을 사거리 방면,우회전,3,0.76,15.5,393,25
미금역사거리,청송마을 사거리 방면,우회전,4,0.68,19.0,438,25
미금역사거리,청송마을 사거리 방면,우회전,5,3.04,42.4,461,25
미금역사거리,청송마을 사거리 방면,우회전,6,8.62,97.7,464,25
미금역사거리,청송마을 사거리 방면,우회전,7,2.1,160.8,477,25
미금역사거리,청송마을 사거리 방면,우회전,8,1.05,194.3,477,25
미금역사거리,청송마을 사거리 방면,우회전,9,2.13,187.6,470,25
미금역사거리,청송마을 사거리 방면,우회전,10,8.47,184.6,472,25
미금역사거리,청송마을 사거리 방면,우회전,11,14.77,193.5,474,25
미금역사거리,청송마을 사거리 방면,우회전,12,22.72,187.9,471,25
미금역사거리,청송마을 사거리 방면,우회전,13,22.88,180.2,472,25
미금역사거리,청송마을 사거리 방면,우회전,14,20.25,187.7,474,25
미금역사거리,청송마을 사거리 방면,우회전,15,24.26,202.1,474,25
미금역사거리,청송마을 사거리 방면,우회전,16,16.35,218.5,477,25
미금역사거리,청송마을 사거리 방면,우회전,17,24.74,235.4,477,25
미금역사거리,청송마을 사거리 방면,우회전,18,34.95,227.1,475,25
미금역사거리,청송마을 사거리 방면,우회전,19,14.53,194.9,475,25
미금역사거리,청송마을 사거리 방면,우회전,20,15.4,154.1,474,25
미금역사거리,청송마을 사거리 방면,우회전,21,12.66,140.1,474,25
미금역사거리,청송마을 사거리 방면,우회전,22,10.21,140.8,470,25
미금역사거리,청송마을 사거리 방면,우회전,23,12.74,80.1,463,25
미금역사거리,청송마을 사거리 방면,좌회전,0,0.0,21.8,377,25
미금역사거리,청송마을 사거리 방면,좌회전,1,0.63,16.3,319,25
미금역사거리,청송마을 사거리 방면,좌회전,2,3.7,12.7,216,25
미금역사거리,청송마을 사거리 방면,좌회전,3,2.3,11.7,87,25
미금역사거리,청송마을 사거리 방면,좌회전,4,0.0,11.4,15,25
미금역사거리,청송마을 사거리 방면,좌회전,5,0.79,13.6,254,25
미금역사거리,청송마을 사거리 방면,좌회전,6,0.54,19.8,370,25
미금역사거리,청송마을 사거리 방면,좌회전,7,0.26,37.9,389,25
미금역사거리,청송마을 사거리 방면,좌회전,8,0.26,76.6,390,25
미금역사거리,청송마을 사거리 방면,좌회전,9,0.0,85.1,391,25
미금역사거리,청송마을 사거리 방면,좌회전,10,0.0,87.5,394,25
미금역사거리,청송마을 사거리 방면,좌회전,11,0.0,90.3,394,25
미금역사거리,청송마을 사거리 방면,좌회전,12,0.0,90.2,390,25
미금역사거리,청송마을 사거리 방면,좌회전,13,0.0,88.8,388,25
미금역사거리,청송마을 사거리 방면,좌회전,14,0.0,98.3,389,25
미금역사거리,청송마을 사거리 방면,좌회전,15,0.0,98.2,390,25
미금역사거리,청송마을 사거리 방면,좌회전,16,0.0,96.5,393,25
미금역사거리,청송마을 사거리 방면,좌회전,17,0.0,95.2,392,25
미금역사거리,청송마을 사거리 방면,좌회전,18,0.0,85.7,392,25
미금역사거리,청송마을 사거리 방면,좌회전,19,0.0,80.8,392,25
미금역사거리,청송마을 사거리 방면,좌회전,20,0.0,58.1,390,25
미금역사거리,청송마을 사거리 방면,좌회전,21,0.0,56.8,389,25
미금역사거리,청송마을 사거리 방면,좌회전,22,0.0,45.6,388,25
미금역사거리,청송마을 사거리 방면,좌회전,23,0.0,30.7,389,25
미금역사거리,청송마을 사거리 방면,직진,0,5.49,177.0,474,25
미금역사거리,청송마을 사거리 방면,직진,1,5.08,102.5,472,25
미금역사거리,청송마을 사거리 방면,직진,2,4.9,71.0,469,25
미금역사거리,청송마을 사거리 방면,직진,3,4.74,55.0,464,25
미금역사거리,청송마을 사거리 방면,직진,4,5.19,56.9,462,25
미금역사거리,청송마을 사거리 방면,직진,5,3.85,116.3,468,25
미금역사거리,청송마을 사거리 방면,직진,6,1.05,267.3,477,25
미금역사거리,청송마을 사거리 방면,직진,7,0.21,574.2,477,25
미금역사거리,청송마을 사거리 방면,직진,8,0.42,801.4,477,25
미금역사거리,청송마을 사거리 방면,직진,9,0.21,647.0,477,25
미금역사거리,청송마을 사거리 방면,직진,10,0.21,617.0,477,25
미금역사거리,청송마을 사거리 방면,직진,11,0.21,601.9,477,25
미금역사거리,청송마을 사거리 방면,직진,12,0.63,588.4,476,25
미금역사거리,청송마을 사거리 방면,직진,13,2.32,585.5,475,25
미금역사거리,청송마을 사거리 방면,직진,14,2.32,602.5,475,25
미금역사거리,청송마을 사거리 방면,직진,15,4.42,646.1,475,25
미금역사거리,청송마을 사거리 방면,직진,16,7.55,697.4,477,25
미금역사거리,청송마을 사거리 방면,직진,17,18.45,766.3,477,25
미금역사거리,청송마을 사거리 방면,직진,18,36.9,774.5,477,25
미금역사거리,청송마을 사거리 방면,직진,19,10.27,756.3,477,25
미금역사거리,청송마을 사거리 방면,직진,20,0.63,589.3,477,25
미금역사거리,청송마을 사거리 방면,직진,21,0.63,501.3,477,25
미금역사거리,청송마을 사거리 방면,직진,22,0.42,528.3,477,25
미금역사거리,청송마을 사거리 방면,직진,23,0.63,295.1,476,25
오리삼거리,농수산물센터 방면,우회전,0,0.92,36.1,437,25
오리삼거리,농수산물센터 방면,우회전,1,0.0,25.1,419,25
오리삼거리,농수산물센터 방면,우회전,2,0.0,20.3,386,25
오리삼거리,농수산물센터 방면,우회전,3,0.0,14.8,310,25
오리삼거리,농수산물센터 방면,우회전,4,0.51,22.4,391,25
오리삼거리,농수산물센터 방면,우회전,5,1.64,54.3,428,25
오리삼거리,농수산물센터 방면,우회전,6,0.22,131.8,449,25
오리삼거리,농수산물센터 방면,우회전,7,0.21,282.1,470,25
오리삼거리,농수산물센터 방면,우회전,8,0.21,340.2,471,25
오리삼거리,농수산물센터 방면,우회전,9,0.21,287.2,471,25
오리삼거리,농수산물센터 방면,우회전,10,0.21,211.1,471,25
오리삼거리,농수산물센터 방면,우회전,11,0.0,175.9,472,25
오리삼거리,농수산물센터 방면,우회전,12,0.64,194.2,471,25
오리삼거리,농수산물센터 방면,우회전,13,0.21,220.1,469,25
오리삼거리,농수산물센터 방면,우회전,14,0.64,207.3,471,25
오리삼거리,농수산물센터 방면,우회전,15,0.64,201.8,471,25
오리삼거리,농수산물센터 방면,우회전,16,0.21,195.0,473,25
오리삼거리,농수산물센터 방면,우회전,17,0.42,204.2,472,25
오리삼거리,농수산물센터 방면,우회전,18,0.85,190.4,469,25
오리삼거리,농수산물센터 방면,우회전,19,0.0,155.8,468,25
오리삼거리,농수산물센터 방면,우회전,20,0.0,124.0,463,25
오리삼거리,농수산물센터 방면,우회전,21,0.43,106.1,461,25
오리삼거리,농수산물센터 방면,우회전,22,0.22,84.2,458,25
오리삼거리,농수산물센터 방면,우회전,23,0.22,52.9,449,25
오리삼거리,농수산물센터 방면,직진,0,0.87,189.4,460,25
오리삼거리,농수산물센터 방면,직진,1,1.99,138.6,453,25
오리삼거리,농수산물센터 방면,직진,2,1.55,90.2,452,25
오리삼거리,농수산물센터 방면,직진,3,1.33,71.7,451,25
오리삼거리,농수산물센터 방면,직진,4,0.88,95.6,455,25
오리삼거리,농수산물센터 방면,직진,5,0.87,204.6,459,25
오리삼거리,농수산물센터 방면,직진,6,0.43,589.1,468,25
오리삼거리,농수산물센터 방면,직진,7,6.14,1360.5,472,25
오리삼거리,농수산물센터 방면,직진,8,5.51,1426.8,472,25
오리삼거리,농수산물센터 방면,직진,9,0.64,1197.9,472,25
오리삼거리,농수산물센터 방면,직진,10,0.21,926.8,471,25
오리삼거리,농수산물센터 방면,직진,11,0.21,756.2,472,25
오리삼거리,농수산물센터 방면,직진,12,0.21,700.8,471,25
오리삼거리,농수산물센터 방면,직진,13,0.21,777.3,470,25
오리삼거리,농수산물센터 방면,직진,14,0.21,779.6,471,25
오리삼거리,농수산물센터 방면,직진,15,0.42,777.0,471,25
오리삼거리,농수산물센터 방면,직진,16,0.21,813.4,473,25
오리삼거리,농수산물센터 방면,직진,17,0.0,811.8,472,25
오리삼거리,농수산물센터 방면,직진,18,0.21,706.6,472,25
오리삼거리,농수산물센터 방면,직진,19,0.0,587.3,471,25
오리삼거리,농수산물센터 방면,직진,20,0.0,495.3,472,25
오리삼거리,농수산물센터 방면,직진,21,0.0,502.8,471,25
오리삼거리,농수산물센터 방면,직진,22,0.0,412.8,472,25
오리삼거리,농수산물센터 방면,직진,23,0.21,299.9,470,25
오리삼거리,오리교1사거리 방면,우회전,0,2.79,64.1,430,25
오리삼거리,오리교1사거리 방면,우회전,1,0.94,44.2,424,25
오리삼거리,오리교1사거리 방면,우회전,2,0.96,30.9,417,25
오리삼거리,오리교1사거리 방면,우회전,3,0.0,24.5,409,25
오리삼거리,오리교1사거리 방면,우회전,4,0.47,35.1,422,25
오리삼거리,오리교1사거리 방면,우회전,5,4.47,39.7,447,25
오리삼거리,오리교1사거리 방면,우회전,6,7.66,81.4,457,25
오리삼거리,오리교1사거리 방면,우회전,7,10.72,120.4,457,25
오리삼거리,오리교1사거리 방면,우회전,8,14.35,138.7,453,25
오리삼거리,오리교1사거리 방면,우회전,9,25.0,137.4,464,25
오리삼거리,오리교1사거리 방면,우회전,10,28.91,130.9,467,25
오리삼거리,오리교1사거리 방면,우회전,11,27.84,130.0,467,25
오리삼거리,오리교1사거리 방면,우회전,12,26.39,128.0,466,25
오리삼거리,오리교1사거리 방면,우회전,13,25.27,129.6,467,25
오리삼거리,오리교1사거리 방면,우회전,14,27.41,128.2,467,25
오리삼거리,오리교1사거리 방면,우회전,15,32.62,130.4,466,25
오리삼거리,오리교1사거리 방면,우회전,16,28.63,135.3,468,25
오리삼거리,오리교1사거리 방면,우회전,17,52.35,156.1,468,25
오리삼거리,오리교1사거리 방면,우회전,18,55.67,139.3,467,25
오리삼거리,오리교1사거리 방면,우회전,19,34.13,105.2,463,25
오리삼거리,오리교1사거리 방면,우회전,20,30.18,94.8,454,25
오리삼거리,오리교1사거리 방면,우회전,21,23.03,91.1,456,25
오리삼거리,오리교1사거리 방면,우회전,22,13.5,82.5,452,25
오리삼거리,오리교1사거리 방면,우회전,23,2.9,79.8,449,25
오리삼거리,오리교1사거리 방면,좌회전,0,0.43,40.9,464,25
오리삼거리,오리교1사거리 방면,좌회전,1,0.0,25.6,453,25
오리삼거리,오리교1사거리 방면,좌회전,2,0.51,17.2,396,25
오리삼거리,오리교1사거리 방면,좌회전,3,0.26,14.9,380,25
오리삼거리,오리교1사거리 방면,좌회전,4,0.48,18.3,420,25
오리삼거리,오리교1사거리 방면,좌회전,5,0.22,43.1,457,25
오리삼거리,오리교1사거리 방면,좌회전,6,0.21,104.5,467,25
오리삼거리,오리교1사거리 방면,좌회전,7,0.64,152.9,467,25
오리삼거리,오리교1사거리 방면,좌회전,8,0.64,179.3,467,25
오리삼거리,오리교1사거리 방면,좌회전,9,0.21,194.5,467,25
오리삼거리,오리교1사거리 방면,좌회전,10,0.21,216.5,467,25
오리삼거리,오리교1사거리 방면,좌회전,11,0.0,232.0,467,25
오리삼거리,오리교1사거리 방면,좌회전,12,0.0,213.1,466,25
오리삼거리,오리교1사거리 방면,좌회전,13,0.0,192.5,467,25
오리삼거리,오리교1사거리 방면,좌회전,14,0.0,213.8,467,25
오리삼거리,오리교1사거리 방면,좌회전,15,0.86,226.9,466,25
오리삼거리,오리교1사거리 방면,좌회전,16,0.85,237.9,468,25
오리삼거리,오리교1사거리 방면,좌회전,17,4.49,211.1,468,25
오리삼거리,오리교1사거리 방면,좌회전,18,17.13,155.8,467,25
오리삼거리,오리교1사거리 방면,좌회전,19,1.5,135.6,467,25
오리삼거리,오리교1사거리 방면,좌회전,20,0.0,135.7,467,25
오리삼거리,오리교1사거리 방면,좌회전,21,0.0,124.1,467,25
오리삼거리,오리교1사거리 방면,좌회전,22,0.0,97.8,467,25
오리삼거리,오리교1사거리 방면,좌회전,23,0.21,66.0,467,25
오리삼거리,오리역 방면,좌회전,0,16.5,21.7,103,25
오리삼거리,오리역 방면,좌회전,1,57.14,23.5,28,25
오리삼거리,오리역 방면,좌회전,2,52.38,20.3,21,25
오리삼거리,오리역 방면,좌회전,3,55.56,15.0,18,25
오리삼거리,오리역 방면,좌회전,4,18.94,14.9,264,25
오리삼거리,오리역 방면,좌회전,5,12.94,36.3,371,25
오리삼거리,오리역 방면,좌회전,6,11.96,50.0,368,25
오리삼거리,오리역 방면,좌회전,7,6.39,88.7,391,25
오리삼거리,오리역 방면,좌회전,8,3.07,107.6,391,25
오리삼거리,오리역 방면,좌회전,9,2.88,74.2,382,25
오리삼거리,오리역 방면,좌회전,10,2.86,68.7,385,25
오리삼거리,오리역 방면,좌회전,11,0.77,78.9,388,25
오리삼거리,오리역 방면,좌회전,12,1.53,87.6,391,25
오리삼거리,오리역 방면,좌회전,13,1.01,94.5,395,25
오리삼거리,오리역 방면,좌회전,14,1.77,105.4,396,25
오리삼거리,오리역 방면,좌회전,15,1.02,106.1,391,25
오리삼거리,오리역 방면,좌회전,16,2.34,96.8,385,25
오리삼거리,오리역 방면,좌회전,17,3.08,105.0,390,25
오리삼거리,오리역 방면,좌회전,18,6.68,100.6,389,25
오리삼거리,오리역 방면,좌회전,19,5.88,83.2,391,25
오리삼거리,오리역 방면,좌회전,20,5.22,57.8,383,25
오리삼거리,오리역 방면,좌회전,21,6.95,51.6,374,25
오리삼거리,오리역 방면,좌회전,22,7.55,45.4,371,25
오리삼거리,오리역 방면,좌회전,23,17.23,23.7,296,25
오리삼거리,오리역 방면,직진,0,2.86,210.6,455,25
오리삼거리,오리역 방면,직진,1,1.32,117.4,454,25
오리삼거리,오리역 방면,직진,2,0.88,72.7,452,25
오리삼거리,오리역 방면,직진,3,1.56,56.5,449,25
오리삼거리,오리역 방면,직진,4,1.11,63.3,450,25
오리삼거리,오리역 방면,직진,5,1.32,139.3,455,25
오리삼거리,오리역 방면,직진,6,11.67,355.4,454,25
오리삼거리,오리역 방면,직진,7,17.92,654.6,452,25
오리삼거리,오리역 방면,직진,8,23.01,794.4,452,25
오리삼거리,오리역 방면,직진,9,21.19,736.8,453,25
오리삼거리,오리역 방면,직진,10,26.49,749.4,453,25
오리삼거리,오리역 방면,직진,11,29.67,787.9,455,25
오리삼거리,오리역 방면,직진,12,33.48,807.7,454,25
오리삼거리,오리역 방면,직진,13,38.33,841.1,454,25
오리삼거리,오리역 방면,직진,14,47.8,874.1,454,25
오리삼거리,오리역 방면,직진,15,62.56,917.5,454,25
오리삼거리,오리역 방면,직진,16,66.01,998.1,456,25
오리삼거리,오리역 방면,직진,17,77.8,1064.9,455,25
오리삼거리,오리역 방면,직진,18,91.67,978.5,456,25
오리삼거리,오리역 방면,직진,19,66.15,939.3,455,25
오리삼거리,오리역 방면,직진,20,39.91,775.7,456,25
오리삼거리,오리역 방면,직진,21,30.7,673.1,456,25
오리삼거리,오리역 방면,직진,22,23.74,637.0,455,25
오리삼거리,오리역 방면,직진,23,18.68,354.7,455,25
동막교사거리,경기고속삼거리 방면,우회전,0,0.0,24.3,333,30
동막교사거리,경기고속삼거리 방면,우회전,1,0.0,15.3,269,30
동막교사거리,경기고속삼거리 방면,우회전,2,0.0,12.7,116,30
동막교사거리,경기고속삼거리 방면,우회전,3,0.0,11.8,111,30
동막교사거리,경기고속삼거리 방면,우회전,4,0.0,26.3,347,30
동막교사거리,경기고속삼거리 방면,우회전,5,0.0,53.6,360,30
동막교사거리,경기고속삼거리 방면,우회전,6,0.0,73.3,362,30
동막교사거리,경기고속삼거리 방면,우회전,7,0.0,104.1,376,30
동막교사거리,경기고속삼거리 방면,우회전,8,0.0,101.6,377,30
동막교사거리,경기고속삼거리 방면,우회전,9,0.0,100.9,380,30
동막교사거리,경기고속삼거리 방면,우회전,10,0.0,99.2,380,30
동막교사거리,경기고속삼거리 방면,우회전,11,0.0,104.9,380,30
동막교사거리,경기고속삼거리 방면,우회전,12,0.26,105.0,378,30
동막교사거리,경기고속삼거리 방면,우회전,13,0.0,115.0,376,30
동막교사거리,경기고속삼거리 방면,우회전,14,0.0,111.3,376,30
동막교사거리,경기고속삼거리 방면,우회전,15,0.0,107.1,377,30
동막교사거리,경기고속삼거리 방면,우회전,16,0.26,108.4,378,30
동막교사거리,경기고속삼거리 방면,우회전,17,0.0,118.0,373,30
동막교사거리,경기고속삼거리 방면,우회전,18,0.0,107.2,376,30
동막교사거리,경기고속삼거리 방면,우회전,19,0.0,92.4,374,30
동막교사거리,경기고속삼거리 방면,우회전,20,0.0,86.2,369,30
동막교사거리,경기고속삼거리 방면,우회전,21,0.0,79.9,371,30
동막교사거리,경기고속삼거리 방면,우회전,22,0.0,69.6,369,30
동막교사거리,경기고속삼거리 방면,우회전,23,0.0,39.5,360,30
동막교사거리,경기고속삼거리 방면,좌회전,0,0.3,26.4,335,30
동막교사거리,경기고속삼거리 방면,좌회전,1,0.4,14.4,248,30
동막교사거리,경기고속삼거리 방면,좌회전,2,1.0,12.1,100,30
동막교사거리,경기고속삼거리 방면,좌회전,3,2.22,11.0,45,30
동막교사거리,경기고속삼거리 방면,좌회전,4,0.55,12.7,182,30
동막교사거리,경기고속삼거리 방면,좌회전,5,0.31,20.7,326,30
동막교사거리,경기고속삼거리 방면,좌회전,6,0.0,54.6,358,30
동막교사거리,경기고속삼거리 방면,좌회전,7,0.0,99.4,376,30
동막교사거리,경기고속삼거리 방면,좌회전,8,1.32,120.7,379,30
동막교사거리,경기고속삼거리 방면,좌회전,9,0.0,127.7,380,30
동막교사거리,경기고속삼거리 방면,좌회전,10,0.0,122.8,380,30
동막교사거리,경기고속삼거리 방면,좌회전,11,0.0,133.9,380,30
동막교사거리,경기고속삼거리 방면,좌회전,12,0.0,137.0,379,30
동막교사거리,경기고속삼거리 방면,좌회전,13,0.0,140.8,377,30
동막교사거리,경기고속삼거리 방면,좌회전,14,0.0,149.2,377,30
동막교사거리,경기고속삼거리 방면,좌회전,15,0.0,150.0,379,30
동막교사거리,경기고속삼거리 방면,좌회전,16,0.0,162.4,378,30
동막교사거리,경기고속삼거리 방면,좌회전,17,0.0,174.9,379,30
동막교사거리,경기고속삼거리 방면,좌회전,18,0.0,141.0,377,30
동막교사거리,경기고속삼거리 방면,좌회전,19,0.0,108.3,368,30
동막교사거리,경기고속삼거리 방면,좌회전,20,0.0,87.1,366,30
동막교사거리,경기고속삼거리 방면,좌회전,21,0.0,81.0,363,30
동막교사거리,경기고속삼거리 방면,좌회전,22,0.56,64.8,359,30
동막교사거리,경기고속삼거리 방면,좌회전,23,0.28,45.7,355,30
동막교사거리,경기고속삼거리 방면,직진,0,0.0,28.1,336,30
동막교사거리,경기고속삼거리 방면,직진,1,0.35,16.3,284,30
동막교사거리,경기고속삼거리 방면,직진,2,0.69,12.9,144,30
동막교사거리,경기고속삼거리 방면,직진,3,1.61,12.1,62,30
동막교사거리,경기고속삼거리 방면,직진,4,2.05,13.6,244,30
동막교사거리,경기고속삼거리 방면,직진,5,0.0,32.6,345,30
동막교사거리,경기고속삼거리 방면,직진,6,0.0,62.9,357,30
동막교사거리,경기고속삼거리 방면,직진,7,0.0,108.2,377,30
동막교사거리,경기고속삼거리 방면,직진,8,0.52,150.1,381,30
동막교사거리,경기고속삼거리 방면,직진,9,0.0,108.8,380,30
동막교사거리,경기고속삼거리 방면,직진,10,0.0,112.5,381,30
동막교사거리,경기고속삼거리 방면,직진,11,0.26,123.5,382,30
동막교사거리,경기고속삼거리 방면,직진,12,0.0,127.1,380,30
동막교사거리,경기고속삼거리 방면,직진,13,0.0,136.4,378,30
동막교사거리,경기고속삼거리 방면,직진,14,0.0,146.1,376,30
동막교사거리,경기고속삼거리 방면,직진,15,0.0,166.7,377,30
동막교사거리,경기고속삼거리 방면,직진,16,0.26,181.0,381,30
동막교사거리,경기고속삼거리 방면,직진,17,0.52,204.0,383,30
동막교사거리,경기고속삼거리 방면,직진,18,1.57,184.8,382,30
동막교사거리,경기고속삼거리 방면,직진,19,0.27,160.9,374,30
동막교사거리,경기고속삼거리 방면,직진,20,0.0,125.8,373,30
동막교사거리,경기고속삼거리 방면,직진,21,0.0,111.3,365,30
동막교사거리,경기고속삼거리 방면,직진,22,0.0,95.1,361,30
동막교사거리,경기고속삼거리 방면,직진,23,0.0,57.9,357,30
동막교사거리,동막교삼거리 방면,우회전,0,0.0,18.4,356,30
동막교사거리,동막교삼거리 방면,우회전,1,0.0,13.7,276,30
동막교사거리,동막교삼거리 방면,우회전,2,0.0,11.1,65,30
동막교사거리,동막교삼거리 방면,우회전,3,0.0,12.0,171,30
동막교사거리,동막교삼거리 방면,우회전,4,0.0,19.6,355,30
동막교사거리,동막교삼거리 방면,우회전,5,0.27,43.6,371,30
동막교사거리,동막교삼거리 방면,우회전,6,0.0,70.6,371,30
동막교사거리,동막교삼거리 방면,우회전,7,0.0,123.0,376,30
동막교사거리,동막교삼거리 방면,우회전,8,0.0,224.0,381,30
동막교사거리,동막교삼거리 방면,우회전,9,0.0,228.6,380,30
동막교사거리,동막교삼거리 방면,우회전,10,0.0,221.9,380,30
동막교사거리,동막교삼거리 방면,우회전,11,0.0,205.0,379,30
동막교사거리,동막교삼거리 방면,우회전,12,0.0,211.5,380,30
동막교사거리,동막교삼거리 방면,우회전,13,0.0,222.8,379,30
동막교사거리,동막교삼거리 방면,우회전,14,0.0,213.2,381,30
동막교사거리,동막교삼거리 방면,우회전,15,0.0,214.7,382,30
동막교사거리,동막교삼거리 방면,우회전,16,0.0,223.8,383,30
동막교사거리,동막교삼거리 방면,우회전,17,0.52,232.0,382,30
동막교사거리,동막교삼거리 방면,우회전,18,0.26,227.5,381,30
동막교사거리,동막교삼거리 방면,우회전,19,0.0,163.5,377,30
동막교사거리,동막교삼거리 방면,우회전,20,0.0,116.0,373,30
동막교사거리,동막교삼거리 방면,우회전,21,0.0,88.9,371,30
동막교사거리,동막교삼거리 방면,우회전,22,0.0,62.0,372,30
동막교사거리,동막교삼거리 방면,우회전,23,0.0,35.1,370,30
동막교사거리,동막교삼거리 방면,좌회전,0,0.0,29.8,363,30
동막교사거리,동막교삼거리 방면,좌회전,1,0.0,20.4,333,30
동막교사거리,동막교삼거리 방면,좌회전,2,0.0,14.6,248,30
동막교사거리,동막교삼거리 방면,좌회전,3,0.0,11.8,130,30
동막교사거리,동막교삼거리 방면,좌회전,4,0.49,12.8,204,30
동막교사거리,동막교삼거리 방면,좌회전,5,0.0,29.9,365,30
동막교사거리,동막교삼거리 방면,좌회전,6,0.0,56.1,367,30
동막교사거리,동막교삼거리 방면,좌회전,7,0.0,123.7,378,30
동막교사거리,동막교삼거리 방면,좌회전,8,0.0,176.7,380,30
동막교사거리,동막교삼거리 방면,좌회전,9,0.0,126.7,380,30
동막교사거리,동막교삼거리 방면,좌회전,10,0.0,117.1,380,30
동막교사거리,동막교삼거리 방면,좌회전,11,0.0,117.1,379,30
동막교사거리,동막교삼거리 방면,좌회전,12,0.0,122.5,379,30
동막교사거리,동막교삼거리 방면,좌회전,13,0.0,132.4,376,30
동막교사거리,동막교삼거리 방면,좌회전,14,0.0,139.3,378,30
동막교사거리,동막교삼거리 방면,좌회전,15,0.0,155.2,384,30
동막교사거리,동막교삼거리 방면,좌회전,16,0.0,176.3,381,30
동막교사거리,동막교삼거리 방면,좌회전,17,0.0,204.2,383,30
동막교사거리,동막교삼거리 방면,좌회전,18,0.0,215.3,378,30
동막교사거리,동막교삼거리 방면,좌회전,19,0.0,183.2,377,30
동막교사거리,동막교삼거리 방면,좌회전,20,0.0,122.5,376,30
동막교사거리,동막교삼거리 방면,좌회전,21,0.0,101.9,377,30
동막교사거리,동막교삼거리 방면,좌회전,22,0.0,103.1,371,30
동막교사거리,동막교삼거리 방면,좌회전,23,0.0,51.8,371,30
동막교사거리,동막교삼거리 방면,직진,0,0.0,231.6,378,30
동막교사거리,동막교삼거리 방면,직진,1,0.53,133.3,375,30
동막교사거리,동막교삼거리 방면,직진,2,0.27,87.5,372,30
동막교사거리,동막교삼거리 방면,직진,3,0.54,68.5,372,30
동막교사거리,동막교삼거리 방면,직진,4,0.53,74.6,374,30
동막교사거리,동막교삼거리 방면,직진,5,1.06,162.3,376,30
동막교사거리,동막교삼거리 방면,직진,6,0.0,417.8,380,30
동막교사거리,동막교삼거리 방면,직진,7,0.0,826.0,381,30
동막교사거리,동막교삼거리 방면,직진,8,0.52,1056.3,382,30
동막교사거리,동막교삼거리 방면,직진,9,0.26,930.7,381,30
동막교사거리,동막교삼거리 방면,직진,10,0.78,907.3,383,30
동막교사거리,동막교삼거리 방면,직진,11,0.79,922.8,382,30
동막교사거리,동막교삼거리 방면,직진,12,0.53,942.5,380,30
동막교사거리,동막교삼거리 방면,직진,13,3.14,946.7,382,30
동막교사거리,동막교삼거리 방면,직진,14,2.35,978.9,383,30
동막교사거리,동막교삼거리 방면,직진,15,3.39,1039.9,384,30
동막교사거리,동막교삼거리 방면,직진,16,5.47,1105.0,384,30
동막교사거리,동막교삼거리 방면,직진,17,15.89,1195.1,384,30
동막교사거리,동막교삼거리 방면,직진,18,41.15,1162.7,384,30
동막교사거리,동막교삼거리 방면,직진,19,11.43,1079.9,385,30
동막교사거리,동막교삼거리 방면,직진,20,1.04,841.4,384,30
동막교사거리,동막교삼거리 방면,직진,21,0.52,699.7,386,30
동막교사거리,동막교삼거리 방면,직진,22,0.79,684.1,382,30
동막교사거리,동막교삼거리 방면,직진,23,0.78,384.6,383,30
동막교사거리,오리공원 방면,우회전,0,0.0,17.1,254,30
동막교사거리,오리공원 방면,우회전,1,0.55,14.0,183,30
동막교사거리,오리공원 방면,우회전,2,0.0,12.8,88,30
동막교사거리,오리공원 방면,우회전,3,0.0,12.0,81,30
동막교사거리,오리공원 방면,우회전,4,0.38,16.9,261,30
동막교사거리,오리공원 방면,우회전,5,0.0,34.6,357,30
동막교사거리,오리공원 방면,우회전,6,0.0,91.0,375,30
동막교사거리,오리공원 방면,우회전,7,0.52,257.0,387,30
동막교사거리,오리공원 방면,우회전,8,1.29,264.3,387,30
동막교사거리,오리공원 방면,우회전,9,0.0,197.1,385,30
동막교사거리,오리공원 방면,우회전,10,0.26,138.5,384,30
동막교사거리,오리공원 방면,우회전,11,0.0,110.5,382,30
동막교사거리,오리공원 방면,우회전,12,0.52,102.5,381,30
동막교사거리,오리공원 방면,우회전,13,0.0,114.5,378,30
동막교사거리,오리공원 방면,우회전,14,0.0,119.3,381,30
동막교사거리,오리공원 방면,우회전,15,0.0,126.3,380,30
동막교사거리,오리공원 방면,우회전,16,0.0,134.0,382,30
동막교사거리,오리공원 방면,우회전,17,0.26,142.0,383,30
동막교사거리,오리공원 방면,우회전,18,0.0,130.2,382,30
동막교사거리,오리공원 방면,우회전,19,0.26,77.1,381,30
동막교사거리,오리공원 방면,우회전,20,3.96,49.1,379,30
동막교사거리,오리공원 방면,우회전,21,2.65,56.4,378,30
동막교사거리,오리공원 방면,우회전,22,2.14,34.3,374,30
동막교사거리,오리공원 방면,우회전,23,0.0,24.6,349,30
동막교사거리,오리공원 방면,좌회전,8,0.0,10.3,3,30
동막교사거리,오리공원 방면,좌회전,9,0.0,11.4,8,30
동막교사거리,오리공원 방면,좌회전,10,0.0,11.7,7,30
동막교사거리,오리공원 방면,좌회전,11,0.0,11.0,8,30
동막교사거리,오리공원 방면,좌회전,12,0.0,10.3,13,30
동막교사거리,오리공원 방면,좌회전,13,0.0,10.5,14,30
동막교사거리,오리공원 방면,좌회전,14,0.0,10.6,12,30
동막교사거리,오리공원 방면,좌회전,15,0.0,12.3,16,30
동막교사거리,오리공원 방면,좌회전,16,0.0,11.4,12,30
동막교사거리,오리공원 방면,좌회전,17,0.0,10.9,14,30
동막교사거리,오리공원 방면,좌회전,18,0.0,12.7,56,30
동막교사거리,오리공원 방면,좌회전,19,0.0,11.3,3,30
동막교사거리,오리공원 방면,좌회전,20,0.0,10.5,2,30
동막교사거리,오리공원 방면,직진,0,0.0,14.4,177,30
동막교사거리,오리공원 방면,직진,1,0.0,11.5,52,30
동막교사거리,오리공원 방면,직진,2,0.0,11.0,38,30
동막교사거리,오리공원 방면,직진,3,0.0,11.9,82,30
동막교사거리,오리공원 방면,직진,4,0.36,16.7,276,30
동막교사거리,오리공원 방면,직진,5,0.0,55.7,362,30
동막교사거리,오리공원 방면,직진,6,0.0,100.9,361,30
동막교사거리,오리공원 방면,직진,7,0.28,104.4,356,30
동막교사거리,오리공원 방면,직진,8,0.0,120.2,360,30
동막교사거리,오리공원 방면,직진,9,0.0,101.2,376,30
동막교사거리,오리공원 방면,직진,10,0.0,85.6,379,30
동막교사거리,오리공원 방면,직진,11,0.0,70.8,381,30
동막교사거리,오리공원 방면,직진,12,0.0,71.9,380,30
동막교사거리,오리공원 방면,직진,13,0.0,76.0,377,30
동막교사거리,오리공원 방면,직진,14,0.0,74.7,379,30
동막교사거리,오리공원 방면,직진,15,0.0,78.9,379,30
동막교사거리,오리공원 방면,직진,16,0.0,91.4,373,30
동막교사거리,오리공원 방면,직진,17,0.0,95.9,376,30
동막교사거리,오리공원 방면,직진,18,0.26,98.6,381,30
동막교사거리,오리공원 방면,직진,19,0.0,56.3,380,30
동막교사거리,오리공원 방면,직진,20,0.0,44.0,379,30
동막교사거리,오리공원 방면,직진,21,0.0,40.2,378,30
동막교사거리,오리공원 방면,직진,22,0.0,27.0,363,30
동막교사거리,오리공원 방면,직진,23,0.0,17.6,290,30
동막교사거리,오리역 방면,우회전,0,0.0,10.7,3,30
동막교사거리,오리역 방면,우회전,6,0.0,10.5,8,30
동막교사거리,오리역 방면,우회전,7,0.79,11.4,126,30
동막교사거리,오리역 방면,우회전,8,0.34,14.2,295,30
동막교사거리,오리역 방면,우회전,9,0.37,13.2,268,30
동막교사거리,오리역 방면,우회전,10,0.0,12.8,266,30
동막교사거리,오리역 방면,우회전,11,0.0,12.5,222,30
동막교사거리,오리역 방면,우회전,12,0.47,12.7,211,30
동막교사거리,오리역 방면,우회전,13,0.0,13.6,285,30
동막교사거리,오리역 방면,우회전,14,0.46,12.9,216,30
동막교사거리,오리역 방면,우회전,15,0.0,12.2,164,30
동막교사거리,오리역 방면,우회전,16,0.74,11.6,136,30
동막교사거리,오리역 방면,우회전,17,0.0,12.2,166,30
동막교사거리,오리역 방면,우회전,18,0.77,13.5,259,30
동막교사거리,오리역 방면,우회전,19,1.91,12.6,209,30
동막교사거리,오리역 방면,우회전,20,2.33,10.8,43,30
동막교사거리,오리역 방면,우회전,21,0.0,10.8,28,30
동막교사거리,오리역 방면,우회전,22,0.0,10.8,22,30
동막교사거리,오리역 방면,우회전,23,0.0,10.8,5,30
동막교사거리,오리역 방면,좌회전,0,0.0,20.6,352,30
동막교사거리,오리역 방면,좌회전,1,0.0,16.0,292,30
동막교사거리,오리역 방면,좌회전,2,0.59,12.9,170,30
동막교사거리,오리역 방면,좌회전,3,0.0,11.7,59,30
동막교사거리,오리역 방면,좌회전,4,0.55,12.0,182,30
동막교사거리,오리역 방면,좌회전,5,0.59,15.9,338,30
동막교사거리,오리역 방면,좌회전,6,0.0,29.8,376,30
동막교사거리,오리역 방면,좌회전,7,0.0,43.2,377,30
동막교사거리,오리역 방면,좌회전,8,0.0,79.9,381,30
동막교사거리,오리역 방면,좌회전,9,0.0,82.4,382,30
동막교사거리,오리역 방면,좌회전,10,0.0,75.6,383,30
동막교사거리,오리역 방면,좌회전,11,0.0,66.7,383,30
동막교사거리,오리역 방면,좌회전,12,0.0,66.8,381,30
동막교사거리,오리역 방면,좌회전,13,0.0,73.7,378,30
동막교사거리,오리역 방면,좌회전,14,0.0,67.5,380,30
동막교사거리,오리역 방면,좌회전,15,0.0,73.9,380,30
동막교사거리,오리역 방면,좌회전,16,0.0,76.5,382,30
동막교사거리,오리역 방면,좌회전,17,0.0,85.8,383,30
동막교사거리,오리역 방면,좌회전,18,0.0,83.6,383,30
동막교사거리,오리역 방면,좌회전,19,0.0,57.8,382,30
동막교사거리,오리역 방면,좌회전,20,0.0,54.3,380,30
동막교사거리,오리역 방면,좌회전,21,0.0,45.5,381,30
동막교사거리,오리역 방면,좌회전,22,0.0,38.8,380,30
동막교사거리,오리역 방면,좌회전,23,0.0,29.1,377,30
동막교사거리,오리역 방면,직진,0,0.26,245.7,382,30
동막교사거리,오리역 방면,직진,1,0.26,187.3,382,30
동막교사거리,오리역 방면,직진,2,0.26,127.0,381,30
동막교사거리,오리역 방면,직진,3,0.0,91.9,381,30
동막교사거리,오리역 방면,직진,4,0.0,94.2,384,30
동막교사거리,오리역 방면,직진,5,0.26,215.2,385,30
동막교사거리,오리역 방면,직진,6,0.26,553.0,387,30
동막교사거리,오리역 방면,직진,7,0.77,1315.7,391,30
동막교사거리,오리역 방면,직진,8,2.56,1380.5,391,30
동막교사거리,오리역 방면,직진,9,0.0,1196.3,389,30
동막교사거리,오리역 방면,직진,10,0.0,934.1,389,30
동막교사거리,오리역 방면,직진,11,0.26,822.8,388,30
동막교사거리,오리역 방면,직진,12,0.26,791.3,385,30
동막교사거리,오리역 방면,직진,13,0.26,856.3,383,30
동막교사거리,오리역 방면,직진,14,0.0,852.6,387,30
동막교사거리,오리역 방면,직진,15,0.0,874.0,389,30
동막교사거리,오리역 방면,직진,16,0.0,922.9,389,30
동막교사거리,오리역 방면,직진,17,0.26,1012.5,388,30
동막교사거리,오리역 방면,직진,18,0.26,928.5,389,30
동막교사거리,오리역 방면,직진,19,0.0,730.9,388,30
동막교사거리,오리역 방면,직진,20,0.0,619.7,388,30
동막교사거리,오리역 방면,직진,21,0.0,612.4,389,30
동막교사거리,오리역 방면,직진,22,0.78,502.5,387,30
동막교사거리,오리역 방면,직진,23,0.52,374.8,385,30
미금역사거리,까치마을사거리 방면,우회전,0,32.73,36.0,330,30
미금역사거리,까치마을사거리 방면,우회전,1,13.54,31.7,325,30
미금역사거리,까치마을사거리 방면,우회전,2,6.35,21.9,299,30
미금역사거리,까치마을사거리 방면,우회전,3,2.86,15.4,245,30
미금역사거리,까치마을사거리 방면,우회전,4,3.57,12.8,168,30
미금역사거리,까치마을사거리 방면,우회전,5,24.77,14.7,222,30
미금역사거리,까치마을사거리 방면,우회전,6,40.54,27.3,296,30
미금역사거리,까치마을사거리 방면,우회전,7,47.4,46.2,308,30
미금역사거리,까치마을사거리 방면,우회전,8,47.62,60.4,336,30
미금역사거리,까치마을사거리 방면,우회전,9,53.25,68.7,338,30
미금역사거리,까치마을사거리 방면,우회전,10,54.97,74.4,342,30
미금역사거리,까치마을사거리 방면,우회전,11,58.19,76.3,342,30
미금역사거리,까치마을사거리 방면,우회전,12,52.08,69.9,336,30
미금역사거리,까치마을사거리 방면,우회전,13,52.96,66.4,338,30
미금역사거리,까치마을사거리 방면,우회전,14,54.73,73.5,338,30
미금역사거리,까치마을사거리 방면,우회전,15,55.82,74.5,335,30
미금역사거리,까치마을사거리 방면,우회전,16,57.85,70.8,325,30
미금역사거리,까치마을사거리 방면,우회전,17,61.61,64.4,323,30
미금역사거리,까치마을사거리 방면,우회전,18,66.56,56.2,311,30
미금역사거리,까치마을사거리 방면,우회전,19,58.93,48.1,319,30
미금역사거리,까치마을사거리 방면,우회전,20,57.01,44.0,328,30
미금역사거리,까치마을사거리 방면,우회전,21,56.21,45.6,338,30
미금역사거리,까치마을사거리 방면,우회전,22,51.64,42.5,335,30
미금역사거리,까치마을사거리 방면,우회전,23,47.06,41.4,340,30
미금역사거리,까치마을사거리 방면,좌회전,0,0.31,35.9,319,30
미금역사거리,까치마을사거리 방면,좌회전,1,0.33,23.9,302,30
미금역사거리,까치마을사거리 방면,좌회전,2,0.0,17.1,272,30
미금역사거리,까치마을사거리 방면,좌회전,3,0.39,14.7,257,30
미금역사거리,까치마을사거리 방면,좌회전,4,0.33,22.7,304,30
미금역사거리,까치마을사거리 방면,좌회전,5,0.32,48.5,315,30
미금역사거리,까치마을사거리 방면,좌회전,6,0.31,91.7,322,30
미금역사거리,까치마을사거리 방면,좌회전,7,0.31,186.3,321,30
미금역사거리,까치마을사거리 방면,좌회전,8,0.0,216.7,317,30
미금역사거리,까치마을사거리 방면,좌회전,9,0.0,199.1,322,30
미금역사거리,까치마을사거리 방면,좌회전,10,1.22,164.4,329,30
미금역사거리,까치마을사거리 방면,좌회전,11,1.22,156.0,328,30
미금역사거리,까치마을사거리 방면,좌회전,12,2.47,146.0,324,30
미금역사거리,까치마을사거리 방면,좌회전,13,2.77,144.9,325,30
미금역사거리,까치마을사거리 방면,좌회전,14,3.41,145.4,323,30
미금역사거리,까치마을사거리 방면,좌회전,15,5.25,148.2,324,30
미금역사거리,까치마을사거리 방면,좌회전,16,5.61,154.4,321,30
미금역사거리,까치마을사거리 방면,좌회전,17,7.48,149.6,321,30
미금역사거리,까치마을사거리 방면,좌회전,18,10.66,149.3,319,30
미금역사거리,까치마을사거리 방면,좌회전,19,3.4,145.7,324,30
미금역사거리,까치마을사거리 방면,좌회전,20,0.93,130.5,323,30
미금역사거리,까치마을사거리 방면,좌회전,21,0.31,120.0,325,30
미금역사거리,까치마을사거리 방면,좌회전,22,0.0,113.0,324,30
미금역사거리,까치마을사거리 방면,좌회전,23,0.31,61.9,324,30
미금역사거리,까치마을사거리 방면,직진,0,0.45,101.9,224,30
미금역사거리,까치마을사거리 방면,직진,1,0.45,58.9,220,30
미금역사거리,까치마을사거리 방면,직진,2,0.43,38.1,232,30
미금역사거리,까치마을사거리 방면,직진,3,0.5,41.5,201,30
미금역사거리,까치마을사거리 방면,직진,4,0.54,52.0,186,30
미금역사거리,까치마을사거리 방면,직진,5,0.69,165.3,144,30
미금역사거리,까치마을사거리 방면,직진,6,0.31,341.6,320,30
미금역사거리,까치마을사거리 방면,직진,7,3.24,529.5,339,30
미금역사거리,까치마을사거리 방면,직진,8,12.09,427.9,339,30
미금역사거리,까치마을사거리 방면,직진,9,0.6,498.3,332,30
미금역사거리,까치마을사거리 방면,직진,10,2.42,451.4,330,30
미금역사거리,까치마을사거리 방면,직진,11,6.51,464.0,338,30
미금역사거리,까치마을사거리 방면,직진,12,6.57,433.6,335,30
미금역사거리,까치마을사거리 방면,직진,13,7.27,408.2,330,30
미금역사거리,까치마을사거리 방면,직진,14,8.41,447.4,333,30
미금역사거리,까치마을사거리 방면,직진,15,15.73,464.8,337,30
미금역사거리,까치마을사거리 방면,직진,16,39.94,422.5,343,30
미금역사거리,까치마을사거리 방면,직진,17,64.53,317.3,344,30
미금역사거리,까치마을사거리 방면,직진,18,65.61,298.0,346,30
미금역사거리,까치마을사거리 방면,직진,19,8.76,335.8,331,30
미금역사거리,까치마을사거리 방면,직진,20,1.83,352.1,328,30
미금역사거리,까치마을사거리 방면,직진,21,1.54,334.6,324,30
미금역사거리,까치마을사거리 방면,직진,22,0.0,285.5,328,30
미금역사거리,까치마을사거리 방면,직진,23,0.92,150.9,327,30
미금역사거리,미금역 방면,우회전,0,0.22,52.2,457,30
미금역사거리,미금역 방면,우회전,1,0.22,35.7,448,30
미금역사거리,미금역 방면,우회전,2,0.24,24.6,413,30
미금역사거리,미금역 방면,우회전,3,0.0,17.8,371,30
미금역사거리,미금역 방면,우회전,4,0.25,19.1,403,30
미금역사거리,미금역 방면,우회전,5,0.45,47.9,441,30
미금역사거리,미금역 방면,우회전,6,0.0,123.4,464,30
미금역사거리,미금역 방면,우회전,7,1.3,234.5,462,30
미금역사거리,미금역 방면,우회전,8,4.05,233.8,444,30
미금역사거리,미금역 방면,우회전,9,4.94,241.3,466,30
미금역사거리,미금역 방면,우회전,10,4.28,182.8,467,30
미금역사거리,미금역 방면,우회전,11,4.71,167.8,467,30
미금역사거리,미금역 방면,우회전,12,6.01,165.8,466,30
미금역사거리,미금역 방면,우회전,13,7.11,177.0,464,30
미금역사거리,미금역 방면,우회전,14,5.6,179.8,464,30
미금역사거리,미금역 방면,우회전,15,9.25,181.1,465,30
미금역사거리,미금역 방면,우회전,16,9.68,193.0,465,30
미금역사거리,미금역 방면,우회전,17,8.1,208.5,432,30
미금역사거리,미금역 방면,우회전,18,8.98,187.2,423,30
미금역사거리,미금역 방면,우회전,19,9.52,167.8,462,30
미금역사거리,미금역 방면,우회전,20,6.24,154.1,465,30
미금역사거리,미금역 방면,우회전,21,6.01,157.7,466,30
미금역사거리,미금역 방면,우회전,22,1.72,126.8,464,30
미금역사거리,미금역 방면,우회전,23,0.65,84.0,464,30
미금역사거리,미금역 방면,좌회전,0,0.0,92.2,467,30
미금역사거리,미금역 방면,좌회전,1,0.0,60.3,467,30
미금역사거리,미금역 방면,좌회전,2,0.0,42.0,465,30
미금역사거리,미금역 방면,좌회전,3,0.43,34.2,464,30
미금역사거리,미금역 방면,좌회전,4,0.22,51.1,463,30
미금역사거리,미금역 방면,좌회전,5,0.0,147.1,467,30
미금역사거리,미금역 방면,좌회전,6,0.0,313.1,467,30
미금역사거리,미금역 방면,좌회전,7,0.0,376.7,467,30
미금역사거리,미금역 방면,좌회전,8,0.22,285.1,458,30
미금역사거리,미금역 방면,좌회전,9,0.0,382.4,467,30
미금역사거리,미금역 방면,좌회전,10,0.21,352.9,467,30
미금역사거리,미금역 방면,좌회전,11,0.43,351.4,467,30
미금역사거리,미금역 방면,좌회전,12,0.43,356.3,466,30
미금역사거리,미금역 방면,좌회전,13,0.65,354.4,464,30
미금역사거리,미금역 방면,좌회전,14,0.43,341.7,465,30
미금역사거리,미금역 방면,좌회전,15,2.15,333.9,466,30
미금역사거리,미금역 방면,좌회전,16,1.93,339.2,467,30
미금역사거리,미금역 방면,좌회전,17,4.93,301.6,426,30
미금역사거리,미금역 방면,좌회전,18,3.4,239.4,412,30
미금역사거리,미금역 방면,좌회전,19,4.31,253.5,464,30
미금역사거리,미금역 방면,좌회전,20,0.43,263.8,466,30
미금역사거리,미금역 방면,좌회전,21,0.0,267.0,466,30
미금역사거리,미금역 방면,좌회전,22,0.0,223.0,466,30
미금역사거리,미금역 방면,좌회전,23,0.0,145.7,466,30
미금역사거리,미금역 방면,직진,0,0.21,181.6,467,30
미금역사거리,미금역 방면,직진,1,0.43,145.4,466,30
미금역사거리,미금역 방면,직진,2,0.21,94.7,467,30
미금역사거리,미금역 방면,직진,3,0.43,69.9,467,30
미금역사거리,미금역 방면,직진,4,0.64,67.9,466,30
미금역사거리,미금역 방면,직진,5,0.64,145.2,467,30
미금역사거리,미금역 방면,직진,6,0.21,406.5,467,30
미금역사거리,미금역 방면,직진,7,0.64,890.9,467,30
미금역사거리,미금역 방면,직진,8,7.07,866.6,467,30
미금역사거리,미금역 방면,직진,9,1.07,838.5,467,30
미금역사거리,미금역 방면,직진,10,1.5,646.6,467,30
미금역사거리,미금역 방면,직진,11,1.07,573.6,467,30
미금역사거리,미금역 방면,직진,12,1.29,549.5,466,30
미금역사거리,미금역 방면,직진,13,1.51,576.1,464,30
미금역사거리,미금역 방면,직진,14,1.72,593.8,464,30
미금역사거리,미금역 방면,직진,15,3.65,587.1,466,30
미금역사거리,미금역 방면,직진,16,5.98,589.7,468,30
미금역사거리,미금역 방면,직진,17,19.23,592.9,468,30
미금역사거리,미금역 방면,직진,18,20.73,493.1,468,30
미금역사거리,미금역 방면,직진,19,8.35,433.4,467,30
미금역사거리,미금역 방면,직진,20,1.07,398.7,467,30
미금역사거리,미금역 방면,직진,21,0.21,449.9,466,30
미금역사거리,미금역 방면,직진,22,0.0,364.5,466,30
미금역사거리,미금역 방면,직진,23,0.43,297.2,466,30
미금역사거리,정자일로 방면,우회전,0,11.44,50.2,472,30
미금역사거리,정자일로 방면,우회전,1,2.42,31.1,455,30
미금역사거리,정자일로 방면,우회전,2,0.46,20.6,437,30
미금역사거리,정자일로 방면,우회전,3,1.72,15.4,349,30
미금역사거리,정자일로 방면,우회전,4,1.18,21.6,422,30
미금역사거리,정자일로 방면,우회전,5,2.77,41.1,470,30
미금역사거리,정자일로 방면,우회전,6,11.21,75.3,473,30
미금역사거리,정자일로 방면,우회전,7,30.4,124.9,477,30
미금역사거리,정자일로 방면,우회전,8,46.62,125.6,474,30
미금역사거리,정자일로 방면,우회전,9,56.18,143.1,477,30
미금역사거리,정자일로 방면,우회전,10,54.09,159.7,477,30
미금역사거리,정자일로 방면,우회전,11,58.49,161.9,477,30
미금역사거리,정자일로 방면,우회전,12,60.5,161.9,476,30
미금역사거리,정자일로 방면,우회전,13,65.05,168.3,475,30
미금역사거리,정자일로 방면,우회전,14,64.21,175.1,475,30
미금역사거리,정자일로 방면,우회전,15,66.32,182.1,475,30
미금역사거리,정자일로 방면,우회전,16,67.51,188.6,477,30
미금역사거리,정자일로 방면,우회전,17,67.71,202.0,477,30
미금역사거리,정자일로 방면,우회전,18,67.92,200.7,477,30
미금역사거리,정자일로 방면,우회전,19,69.75,180.3,476,30
미금역사거리,정자일로 방면,우회전,20,68.07,150.6,476,30
미금역사거리,정자일로 방면,우회전,21,63.16,130.8,475,30
미금역사거리,정자일로 방면,우회전,22,52.21,108.1,475,30
미금역사거리,정자일로 방면,우회전,23,28.42,81.0,475,30
미금역사거리,정자일로 방면,좌회전,0,0.0,75.8,473,30
미금역사거리,정자일로 방면,좌회전,1,0.21,52.9,474,30
미금역사거리,정자일로 방면,좌회전,2,0.21,32.9,471,30
미금역사거리,정자일로 방면,좌회전,3,0.22,23.4,462,30
미금역사거리,정자일로 방면,좌회전,4,0.0,30.4,470,30
미금역사거리,정자일로 방면,좌회전,5,0.21,52.9,475,30
미금역사거리,정자일로 방면,좌회전,6,0.21,144.9,476,30
미금역사거리,정자일로 방면,좌회전,7,0.21,326.0,477,30
미금역사거리,정자일로 방면,좌회전,8,0.21,416.5,477,30
미금역사거리,정자일로 방면,좌회전,9,0.21,399.9,477,30
미금역사거리,정자일로 방면,좌회전,10,0.0,324.4,477,30
미금역사거리,정자일로 방면,좌회전,11,0.0,277.2,477,30
미금역사거리,정자일로 방면,좌회전,12,0.0,256.6,476,30
미금역사거리,정자일로 방면,좌회전,13,0.0,290.3,475,30
미금역사거리,정자일로 방면,좌회전,14,0.0,306.0,475,30
미금역사거리,정자일로 방면,좌회전,15,0.21,321.1,475,30
미금역사거리,정자일로 방면,좌회전,16,0.63,308.2,477,30
미금역사거리,정자일로 방면,좌회전,17,9.43,265.6,477,30
미금역사거리,정자일로 방면,좌회전,18,9.01,217.6,477,30
미금역사거리,정자일로 방면,좌회전,19,0.0,239.0,477,30
미금역사거리,정자일로 방면,좌회전,20,0.21,203.3,477,30
미금역사거리,정자일로 방면,좌회전,21,0.0,198.6,477,30
미금역사거리,정자일로 방면,좌회전,22,0.0,145.0,477,30
미금역사거리,정자일로 방면,좌회전,23,0.21,113.6,476,30
미금역사거리,정자일로 방면,직진,0,0.0,85.6,474,30
미금역사거리,정자일로 방면,직진,1,0.21,62.4,475,30
미금역사거리,정자일로 방면,직진,2,0.42,39.6,474,30
미금역사거리,정자일로 방면,직진,3,0.85,33.9,473,30
미금역사거리,정자일로 방면,직진,4,0.21,47.3,474,30
미금역사거리,정자일로 방면,직진,5,0.21,91.5,477,30
미금역사거리,정자일로 방면,직진,6,0.42,263.5,477,30
미금역사거리,정자일로 방면,직진,7,0.21,390.4,477,30
미금역사거리,정자일로 방면,직진,8,0.42,559.5,477,30
미금역사거리,정자일로 방면,직진,9,0.42,544.6,477,30
미금역사거리,정자일로 방면,직진,10,0.42,532.9,477,30
미금역사거리,정자일로 방면,직진,11,0.21,449.1,477,30
미금역사거리,정자일로 방면,직진,12,0.0,477.7,476,30
미금역사거리,정자일로 방면,직진,13,0.0,547.7,475,30
미금역사거리,정자일로 방면,직진,14,0.42,546.2,475,30
미금역사거리,정자일로 방면,직진,15,0.84,530.9,475,30
미금역사거리,정자일로 방면,직진,16,1.68,538.2,477,30
미금역사거리,정자일로 방면,직진,17,9.85,561.9,477,30
미금역사거리,정자일로 방면,직진,18,15.51,538.9,477,30
미금역사거리,정자일로 방면,직진,19,0.21,469.6,477,30
미금역사거리,정자일로 방면,직진,20,0.21,402.2,477,30
미금역사거리,정자일로 방면,직진,21,0.0,377.9,477,30
미금역사거리,정자일로 방면,직진,22,0.0,265.4,477,30
미금역사거리,정자일로 방면,직진,23,0.42,140.4,477,30
미금역사거리,청송마을 사거리 방면,우회전,0,0.22,52.1,460,30
미금역사거리,청송마을 사거리 방면,우회전,1,0.0,28.8,458,30
미금역사거리,청송마을 사거리 방면,우회전,2,0.23,19.4,428,30
미금역사거리,청송마을 사거리 방면,우회전,3,0.51,15.5,393,30
미금역사거리,청송마을 사거리 방면,우회전,4,0.0,19.0,438,30
미금역사거리,청송마을 사거리 방면,우회전,5,0.87,42.4,461,30
미금역사거리,청송마을 사거리 방면,우회전,6,1.29,97.7,464,30
미금역사거리,청송마을 사거리 방면,우회전,7,0.21,160.8,477,30
미금역사거리,청송마을 사거리 방면,우회전,8,0.21,194.3,477,30
미금역사거리,청송마을 사거리 방면,우회전,9,0.21,187.6,470,30
미금역사거리,청송마을 사거리 방면,우회전,10,1.06,184.6,472,30
미금역사거리,청송마을 사거리 방면,우회전,11,2.95,193.5,474,30
미금역사거리,청송마을 사거리 방면,우회전,12,4.46,187.9,471,30
미금역사거리,청송마을 사거리 방면,우회전,13,5.93,180.2,472,30
미금역사거리,청송마을 사거리 방면,우회전,14,5.06,187.7,474,30
미금역사거리,청송마을 사거리 방면,우회전,15,7.17,202.1,474,30
미금역사거리,청송마을 사거리 방면,우회전,16,6.08,218.5,477,30
미금역사거리,청송마을 사거리 방면,우회전,17,14.05,235.4,477,30
미금역사거리,청송마을 사거리 방면,우회전,18,22.74,227.1,475,30
미금역사거리,청송마을 사거리 방면,우회전,19,3.16,194.9,475,30
미금역사거리,청송마을 사거리 방면,우회전,20,2.53,154.1,474,30
미금역사거리,청송마을 사거리 방면,우회전,21,0.42,140.1,474,30
미금역사거리,청송마을 사거리 방면,우회전,22,0.64,140.8,470,30
미금역사거리,청송마을 사거리 방면,우회전,23,2.81,80.1,463,30
미금역사거리,청송마을 사거리 방면,좌회전,0,0.0,21.8,377,30
미금역사거리,청송마을 사거리 방면,좌회전,1,0.31,16.3,319,30
미금역사거리,청송마을 사거리 방면,좌회전,2,0.46,12.7,216,30
미금역사거리,청송마을 사거리 방면,좌회전,3,2.3,11.7,87,30
미금역사거리,청송마을 사거리 방면,좌회전,4,0.0,11.4,15,30
미금역사거리,청송마을 사거리 방면,좌회전,5,0.39,13.6,254,30
미금역사거리,청송마을 사거리 방면,좌회전,6,0.54,19.8,370,30
미금역사거리,청송마을 사거리 방면,좌회전,7,0.0,37.9,389,30
미금역사거리,청송마을 사거리 방면,좌회전,8,0.26,76.6,390,30
미금역사거리,청송마을 사거리 방면,좌회전,9,0.0,85.1,391,30
미금역사거리,청송마을 사거리 방면,좌회전,10,0.0,87.5,394,30
미금역사거리,청송마을 사거리 방면,좌회전,11,0.0,90.3,394,30
미금역사거리,청송마을 사거리 방면,좌회전,12,0.0,90.2,390,30
미금역사거리,청송마을 사거리 방면,좌회전,13,0.0,88.8,388,30
미금역사거리,청송마을 사거리 방면,좌회전,14,0.0,98.3,389,30
미금역사거리,청송마을 사거리 방면,좌회전,15,0.0,98.2,390,30
미금역사거리,청송마을 사거리 방면,좌회전,16,0.0,96.5,393,30
미금역사거리,청송마을 사거리 방면,좌회전,17,0.0,95.2,392,30
미금역사거리,청송마을 사거리 방면,좌회전,18,0.0,85.7,392,30
미금역사거리,청송마을 사거리 방면,좌회전,19,0.0,80.8,392,30
미금역사거리,청송마을 사거리 방면,좌회전,20,0.0,58.1,390,30
미금역사거리,청송마을 사거리 방면,좌회전,21,0.0,56.8,389,30
미금역사거리,청송마을 사거리 방면,좌회전,22,0.0,45.6,388,30
미금역사거리,청송마을 사거리 방면,좌회전,23,0.0,30.7,389,30
미금역사거리,청송마을 사거리 방면,직진,0,3.59,177.0,474,30
미금역사거리,청송마을 사거리 방면,직진,1,4.45,102.5,472,30
미금역사거리,청송마을 사거리 방면,직진,2,4.69,71.0,469,30
미금역사거리,청송마을 사거리 방면,직진,3,3.45,55.0,464,30
미금역사거리,청송마을 사거리 방면,직진,4,3.68,56.9,462,30
미금역사거리,청송마을 사거리 방면,직진,5,2.14,116.3,468,30
미금역사거리,청송마을 사거리 방면,직진,6,0.21,267.3,477,30
미금역사거리,청송마을 사거리 방면,직진,7,0.21,574.2,477,30
미금역사거리,청송마을 사거리 방면,직진,8,0.21,801.4,477,30
미금역사거리,청송마을 사거리 방면,직진,9,0.21,647.0,477,30
미금역사거리,청송마을 사거리 방면,직진,10,0.0,617.0,477,30
미금역사거리,청송마을 사거리 방면,직진,11,0.0,601.9,477,30
미금역사거리,청송마을 사거리 방면,직진,12,0.21,588.4,476,30
미금역사거리,청송마을 사거리 방면,직진,13,0.84,585.5,475,30
미금역사거리,청송마을 사거리 방면,직진,14,0.63,602.5,475,30
미금역사거리,청송마을 사거리 방면,직진,15,1.68,646.1,475,30
미금역사거리,청송마을 사거리 방면,직진,16,3.56,697.4,477,30
미금역사거리,청송마을 사거리 방면,직진,17,11.95,766.3,477,30
미금역사거리,청송마을 사거리 방면,직진,18,25.37,774.5,477,30
미금역사거리,청송마을 사거리 방면,직진,19,4.4,756.3,477,30
미금역사거리,청송마을 사거리 방면,직진,20,0.42,589.3,477,30
미금역사거리,청송마을 사거리 방면,직진,21,0.42,501.3,477,30
미금역사거리,청송마을 사거리 방면,직진,22,0.21,528.3,477,30
미금역사거리,청송마을 사거리 방면,직진,23,0.21,295.1,476,30
오리삼거리,농수산물센터 방면,우회전,0,0.46,36.1,437,30
오리삼거리,농수산물센터 방면,우회전,1,0.0,25.1,419,30
오리삼거리,농수산물센터 방면,우회전,2,0.0,20.3,386,30
오리삼거리,농수산물센터 방면,우회전,3,0.0,14.8,310,30
오리삼거리,농수산물센터 방면,우회전,4,0.0,22.4,391,30
오리삼거리,농수산물센터 방면,우회전,5,0.23,54.3,428,30
오리삼거리,농수산물센터 방면,우회전,6,0.0,131.8,449,30
오리삼거리,농수산물센터 방면,우회전,7,0.0,282.1,470,30
오리삼거리,농수산물센터 방면,우회전,8,0.0,340.2,471,30
오리삼거리,농수산물센터 방면,우회전,9,0.0,287.2,471,30
오리삼거리,농수산물센터 방면,우회전,10,0.0,211.1,471,30
오리삼거리,농수산물센터 방면,우회전,11,0.0,175.9,472,30
오리삼거리,농수산물센터 방면,우회전,12,0.0,194.2,471,30
오리삼거리,농수산물센터 방면,우회전,13,0.0,220.1,469,30
오리삼거리,농수산물센터 방면,우회전,14,0.0,207.3,471,30
오리삼거리,농수산물센터 방면,우회전,15,0.21,201.8,471,30
오리삼거리,농수산물센터 방면,우회전,16,0.0,195.0,473,30
오리삼거리,농수산물센터 방면,우회전,17,0.0,204.2,472,30
오리삼거리,농수산물센터 방면,우회전,18,0.43,190.4,469,30
오리삼거리,농수산물센터 방면,우회전,19,0.0,155.8,468,30
오리삼거리,농수산물센터 방면,우회전,20,0.0,124.0,463,30
오리삼거리,농수산물센터 방면,우회전,21,0.22,106.1,461,30
오리삼거리,농수산물센터 방면,우회전,22,0.22,84.2,458,30
오리삼거리,농수산물센터 방면,우회전,23,0.0,52.9,449,30
오리삼거리,농수산물센터 방면,직진,0,0.43,189.4,460,30
오리삼거리,농수산물센터 방면,직진,1,1.1,138.6,453,30
오리삼거리,농수산물센터 방면,직진,2,1.11,90.2,452,30
오리삼거리,농수산물센터 방면,직진,3,0.89,71.7,451,30
오리삼거리,농수산물센터 방면,직진,4,0.44,95.6,455,30
오리삼거리,농수산물센터 방면,직진,5,0.87,204.6,459,30
오리삼거리,농수산물센터 방면,직진,6,0.0,589.1,468,30
오리삼거리,농수산물센터 방면,직진,7,2.97,1360.5,472,30
오리삼거리,농수산물센터 방면,직진,8,3.6,1426.8,472,30
오리삼거리,농수산물센터 방면,직진,9,0.21,1197.9,472,30
오리삼거리,농수산물센터 방면,직진,10,0.21,926.8,471,30
오리삼거리,농수산물센터 방면,직진,11,0.0,756.2,472,30
오리삼거리,농수산물센터 방면,직진,12,0.21,700.8,471,30
오리삼거리,농수산물센터 방면,직진,13,0.21,777.3,470,30
오리삼거리,농수산물센터 방면,직진,14,0.21,779.6,471,30
오리삼거리,농수산물센터 방면,직진,15,0.42,777.0,471,30
오리삼거리,농수산물센터 방면,직진,16,0.0,813.4,473,30
오리삼거리,농수산물센터 방면,직진,17,0.0,811.8,472,30
오리삼거리,농수산물센터 방면,직진,18,0.0,706.6,472,30
오리삼거리,농수산물센터 방면,직진,19,0.0,587.3,471,30
오리삼거리,농수산물센터 방면,직진,20,0.0,495.3,472,30
오리삼거리,농수산물센터 방면,직진,21,0.0,502.8,471,30
오리삼거리,농수산물센터 방면,직진,22,0.0,412.8,472,30
오리삼거리,농수산물센터 방면,직진,23,0.21,299.9,470,30
오리삼거리,오리교1사거리 방면,우회전,0,1.16,64.1,430,30
오리삼거리,오리교1사거리 방면,우회전,1,0.47,44.2,424,30
오리삼거리,오리교1사거리 방면,우회전,2,0.24,30.9,417,30
오리삼거리,오리교1사거리 방면,우회전,3,0.0,24.5,409,30
오리삼거리,오리교1사거리 방면,우회전,4,0.24,35.1,422,30
오리삼거리,오리교1사거리 방면,우회전,5,0.45,39.7,447,30
오리삼거리,오리교1사거리 방면,우회전,6,2.19,81.4,457,30
오리삼거리,오리교1사거리 방면,우회전,7,2.19,120.4,457,30
오리삼거리,오리교1사거리 방면,우회전,8,2.65,138.7,453,30
오리삼거리,오리교1사거리 방면,우회전,9,6.47,137.4,464,30
오리삼거리,오리교1사거리 방면,우회전,10,7.92,130.9,467,30
오리삼거리,오리교1사거리 방면,우회전,11,6.0,130.0,467,30
오리삼거리,오리교1사거리 방면,우회전,12,7.08,128.0,466,30
오리삼거리,오리교1사거리 방면,우회전,13,6.21,129.6,467,30
오리삼거리,오리교1사거리 방면,우회전,14,6.0,128.2,467,30
오리삼거리,오리교1사거리 방면,우회전,15,9.01,130.4,466,30
오리삼거리,오리교1사거리 방면,우회전,16,7.26,135.3,468,30
오리삼거리,오리교1사거리 방면,우회전,17,20.94,156.1,468,30
오리삼거리,오리교1사거리 방면,우회전,18,29.55,139.3,467,30
오리삼거리,오리교1사거리 방면,우회전,19,16.41,105.2,463,30
오리삼거리,오리교1사거리 방면,우회전,20,16.08,94.8,454,30
오리삼거리,오리교1사거리 방면,우회전,21,8.55,91.1,456,30
오리삼거리,오리교1사거리 방면,우회전,22,6.19,82.5,452,30
오리삼거리,오리교1사거리 방면,우회전,23,0.45,79.8,449,30
오리삼거리,오리교1사거리 방면,좌회전,0,0.22,40.9,464,30
오리삼거리,오리교1사거리 방면,좌회전,1,0.0,25.6,453,30
오리삼거리,오리교1사거리 방면,좌회전,2,0.0,17.2,396,30
오리삼거리,오리교1사거리 방면,좌회전,3,0.0,14.9,380,30
오리삼거리,오리교1사거리 방면,좌회전,4,0.24,18.3,420,30
오리삼거리,오리교1사거리 방면,좌회전,5,0.22,43.1,457,30
오리삼거리,오리교1사거리 방면,좌회전,6,0.21,104.5,467,30
오리삼거리,오리교1사거리 방면,좌회전,7,0.21,152.9,467,30
오리삼거리,오리교1사거리 방면,좌회전,8,0.21,179.3,467,30
오리삼거리,오리교1사거리 방면,좌회전,9,0.21,194.5,467,30
오리삼거리,오리교1사거리 방면,좌회전,10,0.0,216.5,467,30
오리삼거리,오리교1사거리 방면,좌회전,11,0.0,232.0,467,30
오리삼거리,오리교1사거리 방면,좌회전,12,0.0,213.1,466,30
오리삼거리,오리교1사거리 방면,좌회전,13,0.0,192.5,467,30
오리삼거리,오리교1사거리 방면,좌회전,14,0.0,213.8,467,30
오리삼거리,오리교1사거리 방면,좌회전,15,0.43,226.9,466,30
오리삼거리,오리교1사거리 방면,좌회전,16,0.85,237.9,468,30
오리삼거리,오리교1사거리 방면,좌회전,17,2.56,211.1,468,30
오리삼거리,오리교1사거리 방면,좌회전,18,9.42,155.8,467,30
오리삼거리,오리교1사거리 방면,좌회전,19,0.43,135.6,467,30
오리삼거리,오리교1사거리 방면,좌회전,20,0.0,135.7,467,30
오리삼거리,오리교1사거리 방면,좌회전,21,0.0,124.1,467,30
오리삼거리,오리교1사거리 방면,좌회전,22,0.0,97.8,467,30
오리삼거리,오리교1사거리 방면,좌회전,23,0.21,66.0,467,30
오리삼거리,오리역 방면,좌회전,0,10.68,21.7,103,30
오리삼거리,오리역 방면,좌회전,1,35.71,23.5,28,30
오리삼거리,오리역 방면,좌회전,2,23.81,20.3,21,30
오리삼거리,오리역 방면,좌회전,3,27.78,15.0,18,30
오리삼거리,오리역 방면,좌회전,4,7.95,14.9,264,30
오리삼거리,오리역 방면,좌회전,5,5.39,36.3,371,30
오리삼거리,오리역 방면,좌회전,6,3.53,50.0,368,30
오리삼거리,오리역 방면,좌회전,7,1.28,88.7,391,30
오리삼거리,오리역 방면,좌회전,8,1.28,107.6,391,30
오리삼거리,오리역 방면,좌회전,9,1.05,74.2,382,30
오리삼거리,오리역 방면,좌회전,10,0.26,68.7,385,30
오리삼거리,오리역 방면,좌회전,11,0.0,78.9,388,30
오리삼거리,오리역 방면,좌회전,12,0.26,87.6,391,30
오리삼거리,오리역 방면,좌회전,13,0.0,94.5,395,30
오리삼거리,오리역 방면,좌회전,14,0.0,105.4,396,30
오리삼거리,오리역 방면,좌회전,15,0.26,106.1,391,30
오리삼거리,오리역 방면,좌회전,16,0.78,96.8,385,30
오리삼거리,오리역 방면,좌회전,17,1.28,105.0,390,30
오리삼거리,오리역 방면,좌회전,18,2.31,100.6,389,30
오리삼거리,오리역 방면,좌회전,19,1.28,83.2,391,30
오리삼거리,오리역 방면,좌회전,20,1.83,57.8,383,30
오리삼거리,오리역 방면,좌회전,21,1.6,51.6,374,30
오리삼거리,오리역 방면,좌회전,22,3.23,45.4,371,30
오리삼거리,오리역 방면,좌회전,23,8.11,23.7,296,30
오리삼거리,오리역 방면,직진,0,0.66,210.6,455,30
오리삼거리,오리역 방면,직진,1,0.44,117.4,454,30
오리삼거리,오리역 방면,직진,2,0.22,72.7,452,30
오리삼거리,오리역 방면,직진,3,0.67,56.5,449,30
오리삼거리,오리역 방면,직진,4,0.44,63.3,450,30
오리삼거리,오리역 방면,직진,5,0.66,139.3,455,30
오리삼거리,오리역 방면,직진,6,3.74,355.4,454,30
오리삼거리,오리역 방면,직진,7,6.19,654.6,452,30
오리삼거리,오리역 방면,직진,8,10.4,794.4,452,30
오리삼거리,오리역 방면,직진,9,11.92,736.8,453,30
오리삼거리,오리역 방면,직진,10,14.35,749.4,453,30
오리삼거리,오리역 방면,직진,11,18.46,787.9,455,30
오리삼거리,오리역 방면,직진,12,20.26,807.7,454,30
오리삼거리,오리역 방면,직진,13,21.59,841.1,454,30
오리삼거리,오리역 방면,직진,14,26.21,874.1,454,30
오리삼거리,오리역 방면,직진,15,38.77,917.5,454,30
오리삼거리,오리역 방면,직진,16,39.91,998.1,456,30
오리삼거리,오리역 방면,직진,17,68.35,1064.9,455,30
오리삼거리,오리역 방면,직진,18,87.28,978.5,456,30
오리삼거리,오리역 방면,직진,19,47.91,939.3,455,30
오리삼거리,오리역 방면,직진,20,21.27,775.7,456,30
오리삼거리,오리역 방면,직진,21,20.83,673.1,456,30
오리삼거리,오리역 방면,직진,22,16.48,637.0,455,30
오리삼거리,오리역 방면,직진,23,4.62,354.7,455,30
동막교사거리,경기고속삼거리 방면,우회전,0,0.0,24.3,333,35
동막교사거리,경기고속삼거리 방면,우회전,1,0.0,15.3,269,35
동막교사거리,경기고속삼거리 방면,우회전,2,0.0,12.7,116,35
동막교사거리,경기고속삼거리 방면,우회전,3,0.0,11.8,111,35
동막교사거리,경기고속삼거리 방면,우회전,4,0.0,26.3,347,35
동막교사거리,경기고속삼거리 방면,우회전,5,0.0,53.6,360,35
동막교사거리,경기고속삼거리 방면,우회전,6,0.0,73.3,362,35
동막교사거리,경기고속삼거리 방면,우회전,7,0.0,104.1,376,35
동막교사거리,경기고속삼거리 방면,우회전,8,0.0,101.6,377,35
동막교사거리,경기고속삼거리 방면,우회전,9,0.0,100.9,380,35
동막교사거리,경기고속삼거리 방면,우회전,10,0.0,99.2,380,35
동막교사거리,경기고속삼거리 방면,우회전,11,0.0,104.9,380,35
동막교사거리,경기고속삼거리 방면,우회전,12,0.0,105.0,378,35
동막교사거리,경기고속삼거리 방면,우회전,13,0.0,115.0,376,35
동막교사거리,경기고속삼거리 방면,우회전,14,0.0,111.3,376,35
동막교사거리,경기고속삼거리 방면,우회전,15,0.0,107.1,377,35
동막교사거리,경기고속삼거리 방면,우회전,16,0.0,108.4,378,35
동막교사거리,경기고속삼거리 방면,우회전,17,0.0,118.0,373,35
동막교사거리,경기고속삼거리 방면,우회전,18,0.0,107.2,376,35
동막교사거리,경기고속삼거리 방면,우회전,19,0.0,92.4,374,35
동막교사거리,경기고속삼거리 방면,우회전,20,0.0,86.2,369,35
동막교사거리,경기고속삼거리 방면,우회전,21,0.0,79.9,371,35
동막교사거리,경기고속삼거리 방면,우회전,22,0.0,69.6,369,35
동막교사거리,경기고속삼거리 방면,우회전,23,0.0,39.5,360,35
동막교사거리,경기고속삼거리 방면,좌회전,0,0.0,26.4,335,35
동막교사거리,경기고속삼거리 방면,좌회전,1,0.0,14.4,248,35
동막교사거리,경기고속삼거리 방면,좌회전,2,1.0,12.1,100,35
동막교사거리,경기고속삼거리 방면,좌회전,3,0.0,11.0,45,35
동막교사거리,경기고속삼거리 방면,좌회전,4,0.0,12.7,182,35
동막교사거리,경기고속삼거리 방면,좌회전,5,0.0,20.7,326,35
동막교사거리,경기고속삼거리 방면,좌회전,6,0.0,54.6,358,35
동막교사거리,경기고속삼거리 방면,좌회전,7,0.0,99.4,376,35
동막교사거리,경기고속삼거리 방면,좌회전,8,1.06,120.7,379,35
동막교사거리,경기고속삼거리 방면,좌회전,9,0.0,127.7,380,35
동막교사거리,경기고속삼거리 방면,좌회전,10,0.0,122.8,380,35
동막교사거리,경기고속삼거리 방면,좌회전,11,0.0,133.9,380,35
동막교사거리,경기고속삼거리 방면,좌회전,12,0.0,137.0,379,35
동막교사거리,경기고속삼거리 방면,좌회전,13,0.0,140.8,377,35
동막교사거리,경기고속삼거리 방면,좌회전,14,0.0,149.2,377,35
동막교사거리,경기고속삼거리 방면,좌회전,15,0.0,150.0,379,35
동막교사거리,경기고속삼거리 방면,좌회전,16,0.0,162.4,378,35
동막교사거리,경기고속삼거리 방면,좌회전,17,0.0,174.9,379,35
동막교사거리,경기고속삼거리 방면,좌회전,18,0.0,141.0,377,35
동막교사거리,경기고속삼거리 방면,좌회전,19,0.0,108.3,368,35
동막교사거리,경기고속삼거리 방면,좌회전,20,0.0,87.1,366,35
동막교사거리,경기고속삼거리 방면,좌회전,21,0.0,81.0,363,35
동막교사거리,경기고속삼거리 방면,좌회전,22,0.0,64.8,359,35
동막교사거리,경기고속삼거리 방면,좌회전,23,0.0,45.7,355,35
동막교사거리,경기고속삼거리 방면,직진,0,0.0,28.1,336,35
동막교사거리,경기고속삼거리 방면,직진,1,0.0,16.3,284,35
동막교사거리,경기고속삼거리 방면,직진,2,0.0,12.9,144,35
동막교사거리,경기고속삼거리 방면,직진,3,1.61,12.1,62,35
동막교사거리,경기고속삼거리 방면,직진,4,0.41,13.6,244,35
동막교사거리,경기고속삼거리 방면,직진,5,0.0,32.6,345,35
동막교사거리,경기고속삼거리 방면,직진,6,0.0,62.9,357,35
동막교사거리,경기고속삼거리 방면,직진,7,0.0,108.2,377,35
동막교사거리,경기고속삼거리 방면,직진,8,0.0,150.1,381,35
동막교사거리,경기고속삼거리 방면,직진,9,0.0,108.8,380,35
동막교사거리,경기고속삼거리 방면,직진,10,0.0,112.5,381,35
동막교사거리,경기고속삼거리 방면,직진,11,0.26,123.5,382,35
동막교사거리,경기고속삼거리 방면,직진,12,0.0,127.1,380,35
동막교사거리,경기고속삼거리 방면,직진,13,0.0,136.4,378,35
동막교사거리,경기고속삼거리 방면,직진,14,0.0,146.1,376,35
동막교사거리,경기고속삼거리 방면,직진,15,0.0,166.7,377,35
동막교사거리,경기고속삼거리 방면,직진,16,0.26,181.0,381,35
동막교사거리,경기고속삼거리 방면,직진,17,0.26,204.0,383,35
동막교사거리,경기고속삼거리 방면,직진,18,1.05,184.8,382,35
동막교사거리,경기고속삼거리 방면,직진,19,0.0,160.9,374,35
동막교사거리,경기고속삼거리 방면,직진,20,0.0,125.8,373,35
동막교사거리,경기고속삼거리 방면,직진,21,0.0,111.3,365,35
동막교사거리,경기고속삼거리 방면,직진,22,0.0,95.1,361,35
동막교사거리,경기고속삼거리 방면,직진,23,0.0,57.9,357,35
동막교사거리,동막교삼거리 방면,우회전,0,0.0,18.4,356,35
동막교사거리,동막교삼거리 방면,우회전,1,0.0,13.7,276,35
동막교사거리,동막교삼거리 방면,우회전,2,0.0,11.1,65,35
동막교사거리,동막교삼거리 방면,우회전,3,0.0,12.0,171,35
동막교사거리,동막교삼거리 방면,우회전,4,0.0,19.6,355,35
동막교사거리,동막교삼거리 방면,우회전,5,0.0,43.6,371,35
동막교사거리,동막교삼거리 방면,우회전,6,0.0,70.6,371,35
동막교사거리,동막교삼거리 방면,우회전,7,0.0,123.0,376,35
동막교사거리,동막교삼거리 방면,우회전,8,0.0,224.0,381,35
동막교사거리,동막교삼거리 방면,우회전,9,0.0,228.6,380,35
동막교사거리,동막교삼거리 방면,우회전,10,0.0,221.9,380,35
동막교사거리,동막교삼거리 방면,우회전,11,0.0,205.0,379,35
동막교사거리,동막교삼거리 방면,우회전,12,0.0,211.5,380,35
동막교사거리,동막교삼거리 방면,우회전,13,0.0,222.8,379,35
동막교사거리,동막교삼거리 방면,우회전,14,0.0,213.2,381,35
동막교사거리,동막교삼거리 방면,우회전,15,0.0,214.7,382,35
동막교사거리,동막교삼거리 방면,우회전,16,0.0,223.8,383,35
동막교사거리,동막교삼거리 방면,우회전,17,0.26,232.0,382,35
동막교사거리,동막교삼거리 방면,우회전,18,0.26,227.5,381,35
동막교사거리,동막교삼거리 방면,우회전,19,0.0,163.5,377,35
동막교사거리,동막교삼거리 방면,우회전,20,0.0,116.0,373,35
동막교사거리,동막교삼거리 방면,우회전,21,0.0,88.9,371,35
동막교사거리,동막교삼거리 방면,우회전,22,0.0,62.0,372,35
동막교사거리,동막교삼거리 방면,우회전,23,0.0,35.1,370,35
동막교사거리,동막교삼거리 방면,좌회전,0,0.0,29.8,363,35
동막교사거리,동막교삼거리 방면,좌회전,1,0.0,20.4,333,35
동막교사거리,동막교삼거리 방면,좌회전,2,0.0,14.6,248,35
동막교사거리,동막교삼거리 방면,좌회전,3,0.0,11.8,130,35
동막교사거리,동막교삼거리 방면,좌회전,4,0.0,12.8,204,35
동막교사거리,동막교삼거리 방면,좌회전,5,0.0,29.9,365,35
동막교사거리,동막교삼거리 방면,좌회전,6,0.0,56.1,367,35
동막교사거리,동막교삼거리 방면,좌회전,7,0.0,123.7,378,35
동막교사거리,동막교삼거리 방면,좌회전,8,0.0,176.7,380,35
동막교사거리,동막교삼거리 방면,좌회전,9,0.0,126.7,380,35
동막교사거리,동막교삼거리 방면,좌회전,10,0.0,117.1,380,35
동막교사거리,동막교삼거리 방면,좌회전,11,0.0,117.1,379,35
동막교사거리,동막교삼거리 방면,좌회전,12,0.0,122.5,379,35
동막교사거리,동막교삼거리 방면,좌회전,13,0.0,132.4,376,35
동막교사거리,동막교삼거리 방면,좌회전,14,0.0,139.3,378,35
동막교사거리,동막교삼거리 방면,좌회전,15,0.0,155.2,384,35
동막교사거리,동막교삼거리 방면,좌회전,16,0.0,176.3,381,35
동막교사거리,동막교삼거리 방면,좌회전,17,0.0,204.2,383,35
동막교사거리,동막교삼거리 방면,좌회전,18,0.0,215.3,378,35
동막교사거리,동막교삼거리 방면,좌회전,19,0.0,183.2,377,35
동막교사거리,동막교삼거리 방면,좌회전,20,0.0,122.5,376,35
동막교사거리,동막교삼거리 방면,좌회전,21,0.0,101.9,377,35
동막교사거리,동막교삼거리 방면,좌회전,22,0.0,103.1,371,35
동막교사거리,동막교삼거리 방면,좌회전,23,0.0,51.8,371,35
동막교사거리,동막교삼거리 방면,직진,0,0.0,231.6,378,35
동막교사거리,동막교삼거리 방면,직진,1,0.27,133.3,375,35
동막교사거리,동막교삼거리 방면,직진,2,0.0,87.5,372,35
동막교사거리,동막교삼거리 방면,직진,3,0.27,68.5,372,35
동막교사거리,동막교삼거리 방면,직진,4,0.27,74.6,374,35
동막교사거리,동막교삼거리 방면,직진,5,0.8,162.3,376,35
동막교사거리,동막교삼거리 방면,직진,6,0.0,417.8,380,35
동막교사거리,동막교삼거리 방면,직진,7,0.0,826.0,381,35
동막교사거리,동막교삼거리 방면,직진,8,0.26,1056.3,382,35
동막교사거리,동막교삼거리 방면,직진,9,0.0,930.7,381,35
동막교사거리,동막교삼거리 방면,직진,10,0.0,907.3,383,35
동막교사거리,동막교삼거리 방면,직진,11,0.0,922.8,382,35
동막교사거리,동막교삼거리 방면,직진,12,0.0,942.5,380,35
동막교사거리,동막교삼거리 방면,직진,13,0.79,946.7,382,35
동막교사거리,동막교삼거리 방면,직진,14,0.0,978.9,383,35
동막교사거리,동막교삼거리 방면,직진,15,0.52,1039.9,384,35
동막교사거리,동막교삼거리 방면,직진,16,1.04,1105.0,384,35
동막교사거리,동막교삼거리 방면,직진,17,2.08,1195.1,384,35
동막교사거리,동막교삼거리 방면,직진,18,15.62,1162.7,384,35
동막교사거리,동막교삼거리 방면,직진,19,2.86,1079.9,385,35
동막교사거리,동막교삼거리 방면,직진,20,0.0,841.4,384,35
동막교사거리,동막교삼거리 방면,직진,21,0.26,699.7,386,35
동막교사거리,동막교삼거리 방면,직진,22,0.26,684.1,382,35
동막교사거리,동막교삼거리 방면,직진,23,0.26,384.6,383,35
동막교사거리,오리공원 방면,우회전,0,0.0,17.1,254,35
동막교사거리,오리공원 방면,우회전,1,0.0,14.0,183,35
동막교사거리,오리공원 방면,우회전,2,0.0,12.8,88,35
동막교사거리,오리공원 방면,우회전,3,0.0,12.0,81,35
동막교사거리,오리공원 방면,우회전,4,0.38,16.9,261,35
동막교사거리,오리공원 방면,우회전,5,0.0,34.6,357,35
동막교사거리,오리공원 방면,우회전,6,0.0,91.0,375,35
동막교사거리,오리공원 방면,우회전,7,0.52,257.0,387,35
동막교사거리,오리공원 방면,우회전,8,0.78,264.3,387,35
동막교사거리,오리공원 방면,우회전,9,0.0,197.1,385,35
동막교사거리,오리공원 방면,우회전,10,0.0,138.5,384,35
동막교사거리,오리공원 방면,우회전,11,0.0,110.5,382,35
동막교사거리,오리공원 방면,우회전,12,0.0,102.5,381,35
동막교사거리,오리공원 방면,우회전,13,0.0,114.5,378,35
동막교사거리,오리공원 방면,우회전,14,0.0,119.3,381,35
동막교사거리,오리공원 방면,우회전,15,0.0,126.3,380,35
동막교사거리,오리공원 방면,우회전,16,0.0,134.0,382,35
동막교사거리,오리공원 방면,우회전,17,0.26,142.0,383,35
동막교사거리,오리공원 방면,우회전,18,0.0,130.2,382,35
동막교사거리,오리공원 방면,우회전,19,0.0,77.1,381,35
동막교사거리,오리공원 방면,우회전,20,1.06,49.1,379,35
동막교사거리,오리공원 방면,우회전,21,1.06,56.4,378,35
동막교사거리,오리공원 방면,우회전,22,0.53,34.3,374,35
동막교사거리,오리공원 방면,우회전,23,0.0,24.6,349,35
동막교사거리,오리공원 방면,좌회전,8,0.0,10.3,3,35
동막교사거리,오리공원 방면,좌회전,9,0.0,11.4,8,35
동막교사거리,오리공원 방면,좌회전,10,0.0,11.7,7,35
동막교사거리,오리공원 방면,좌회전,11,0.0,11.0,8,35
동막교사거리,오리공원 방면,좌회전,12,0.0,10.3,13,35
동막교사거리,오리공원 방면,좌회전,13,0.0,10.5,14,35
동막교사거리,오리공원 방면,좌회전,14,0.0,10.6,12,35
동막교사거리,오리공원 방면,좌회전,15,0.0,12.3,16,35
동막교사거리,오리공원 방면,좌회전,16,0.0,11.4,12,35
동막교사거리,오리공원 방면,좌회전,17,0.0,10.9,14,35
동막교사거리,오리공원 방면,좌회전,18,0.0,12.7,56,35
동막교사거리,오리공원 방면,좌회전,19,0.0,11.3,3,35
동막교사거리,오리공원 방면,좌회전,20,0.0,10.5,2,35
동막교사거리,오리공원 방면,직진,0,0.0,14.4,177,35
동막교사거리,오리공원 방면,직진,1,0.0,11.5,52,35
동막교사거리,오리공원 방면,직진,2,0.0,11.0,38,35
동막교사거리,오리공원 방면,직진,3,0.0,11.9,82,35
동막교사거리,오리공원 방면,직진,4,0.36,16.7,276,35
동막교사거리,오리공원 방면,직진,5,0.0,55.7,362,35
동막교사거리,오리공원 방면,직진,6,0.0,100.9,361,35
동막교사거리,오리공원 방면,직진,7,0.0,104.4,356,35
동막교사거리,오리공원 방면,직진,8,0.0,120.2,360,35
동막교사거리,오리공원 방면,직진,9,0.0,101.2,376,35
동막교사거리,오리공원 방면,직진,10,0.0,85.6,379,35
동막교사거리,오리공원 방면,직진,11,0.0,70.8,381,35
동막교사거리,오리공원 방면,직진,12,0.0,71.9,380,35
동막교사거리,오리공원 방면,직진,13,0.0,76.0,377,35
동막교사거리,오리공원 방면,직진,14,0.0,74.7,379,35
동막교사거리,오리공원 방면,직진,15,0.0,78.9,379,35
동막교사거리,오리공원 방면,직진,16,0.0,91.4,373,35
동막교사거리,오리공원 방면,직진,17,0.0,95.9,376,35
동막교사거리,오리공원 방면,직진,18,0.26,98.6,381,35
동막교사거리,오리공원 방면,직진,19,0.0,56.3,380,35
동막교사거리,오리공원 방면,직진,20,0.0,44.0,379,35
동막교사거리,오리공원 방면,직진,21,0.0,40.2,378,35
동막교사거리,오리공원 방면,직진,22,0.0,27.0,363,35
동막교사거리,오리공원 방면,직진,23,0.0,17.6,290,35
동막교사거리,오리역 방면,우회전,0,0.0,10.7,3,35
동막교사거리,오리역 방면,우회전,6,0.0,10.5,8,35
동막교사거리,오리역 방면,우회전,7,0.0,11.4,126,35
동막교사거리,오리역 방면,우회전,8,0.0,14.2,295,35
동막교사거리,오리역 방면,우회전,9,0.0,13.2,268,35
동막교사거리,오리역 방면,우회전,10,0.0,12.8,266,35
동막교사거리,오리역 방면,우회전,11,0.0,12.5,222,35
동막교사거리,오리역 방면,우회전,12,0.47,12.7,211,35
동막교사거리,오리역 방면,우회전,13,0.0,13.6,285,35
동막교사거리,오리역 방면,우회전,14,0.0,12.9,216,35
동막교사거리,오리역 방면,우회전,15,0.0,12.2,164,35
동막교사거리,오리역 방면,우회전,16,0.0,11.6,136,35
동막교사거리,오리역 방면,우회전,17,0.0,12.2,166,35
동막교사거리,오리역 방면,우회전,18,0.39,13.5,259,35
동막교사거리,오리역 방면,우회전,19,0.48,12.6,209,35
동막교사거리,오리역 방면,우회전,20,2.33,10.8,43,35
동막교사거리,오리역 방면,우회전,21,0.0,10.8,28,35
동막교사거리,오리역 방면,우회전,22,0.0,10.8,22,35
동막교사거리,오리역 방면,우회전,23,0.0,10.8,5,35
동막교사거리,오리역 방면,좌회전,0,0.0,20.6,352,35
동막교사거리,오리역 방면,좌회전,1,0.0,16.0,292,35
동막교사거리,오리역 방면,좌회전,2,0.0,12.9,170,35
동막교사거리,오리역 방면,좌회전,3,0.0,11.7,59,35
동막교사거리,오리역 방면,좌회전,4,0.0,12.0,182,35
동막교사거리,오리역 방면,좌회전,5,0.3,15.9,338,35
동막교사거리,오리역 방면,좌회전,6,0.0,29.8,376,35
동막교사거리,오리역 방면,좌회전,7,0.0,43.2,377,35
동막교사거리,오리역 방면,좌회전,8,0.0,79.9,381,35
동막교사거리,오리역 방면,좌회전,9,0.0,82.4,382,35
동막교사거리,오리역 방면,좌회전,10,0.0,75.6,383,35
동막교사거리,오리역 방면,좌회전,11,0.0,66.7,383,35
동막교사거리,오리역 방면,좌회전,12,0.0,66.8,381,35
동막교사거리,오리역 방면,좌회전,13,0.0,73.7,378,35
동막교사거리,오리역 방면,좌회전,14,0.0,67.5,380,35
동막교사거리,오리역 방면,좌회전,15,0.0,73.9,380,35
동막교사거리,오리역 방면,좌회전,16,0.0,76.5,382,35
동막교사거리,오리역 방면,좌회전,17,0.0,85.8,383,35
동막교사거리,오리역 방면,좌회전,18,0.0,83.6,383,35
동막교사거리,오리역 방면,좌회전,19,0.0,57.8,382,35
동막교사거리,오리역 방면,좌회전,20,0.0,54.3,380,35
동막교사거리,오리역 방면,좌회전,21,0.0,45.5,381,35
동막교사거리,오리역 방면,좌회전,22,0.0,38.8,380,35
동막교사거리,오리역 방면,좌회전,23,0.0,29.1,377,35
동막교사거리,오리역 방면,직진,0,0.0,245.7,382,35
동막교사거리,오리역 방면,직진,1,0.0,187.3,382,35
동막교사거리,오리역 방면,직진,2,0.0,127.0,381,35
동막교사거리,오리역 방면,직진,3,0.0,91.9,381,35
동막교사거리,오리역 방면,직진,4,0.0,94.2,384,35
동막교사거리,오리역 방면,직진,5,0.0,215.2,385,35
동막교사거리,오리역 방면,직진,6,0.0,553.0,387,35
동막교사거리,오리역 방면,직진,7,0.26,1315.7,391,35
동막교사거리,오리역 방면,직진,8,0.77,1380.5,391,35
동막교사거리,오리역 방면,직진,9,0.0,1196.3,389,35
동막교사거리,오리역 방면,직진,10,0.0,934.1,389,35
동막교사거리,오리역 방면,직진,11,0.26,822.8,388,35
동막교사거리,오리역 방면,직진,12,0.0,791.3,385,35
동막교사거리,오리역 방면,직진,13,0.26,856.3,383,35
동막교사거리,오리역 방면,직진,14,0.0,852.6,387,35
동막교사거리,오리역 방면,직진,15,0.0,874.0,389,35
동막교사거리,오리역 방면,직진,16,0.0,922.9,389,35
동막교사거리,오리역 방면,직진,17,0.0,1012.5,388,35
동막교사거리,오리역 방면,직진,18,0.0,928.5,389,35
동막교사거리,오리역 방면,직진,19,0.0,730.9,388,35
동막교사거리,오리역 방면,직진,20,0.0,619.7,388,35
동막교사거리,오리역 방면,직진,21,0.0,612.4,389,35
동막교사거리,오리역 방면,직진,22,0.78,502.5,387,35
동막교사거리,오리역 방면,직진,23,0.52,374.8,385,35
미금역사거리,까치마을사거리 방면,우회전,0,14.55,36.0,330,35
미금역사거리,까치마을사거리 방면,우회전,1,4.62,31.7,325,35
미금역사거리,까치마을사거리 방면,우회전,2,2.34,21.9,299,35
미금역사거리,까치마을사거리 방면,우회전,3,1.63,15.4,245,35
미금역사거리,까치마을사거리 방면,우회전,4,1.79,12.8,168,35
미금역사거리,까치마을사거리 방면,우회전,5,13.51,14.7,222,35
미금역사거리,까치마을사거리 방면,우회전,6,26.35,27.3,296,35
미금역사거리,까치마을사거리 방면,우회전,7,25.65,46.2,308,35
미금역사거리,까치마을사거리 방면,우회전,8,24.11,60.4,336,35
미금역사거리,까치마을사거리 방면,우회전,9,33.14,68.7,338,35
미금역사거리,까치마을사거리 방면,우회전,10,35.67,74.4,342,35
미금역사거리,까치마을사거리 방면,우회전,11,37.72,76.3,342,35
미금역사거리,까치마을사거리 방면,우회전,12,31.55,69.9,336,35
미금역사거리,까치마을사거리 방면,우회전,13,29.88,66.4,338,35
미금역사거리,까치마을사거리 방면,우회전,14,31.66,73.5,338,35
미금역사거리,까치마을사거리 방면,우회전,15,37.31,74.5,335,35
미금역사거리,까치마을사거리 방면,우회전,16,37.85,70.8,325,35
미금역사거리,까치마을사거리 방면,우회전,17,45.82,64.4,323,35
미금역사거리,까치마을사거리 방면,우회전,18,55.95,56.2,311,35
미금역사거리,까치마을사거리 방면,우회전,19,44.51,48.1,319,35
미금역사거리,까치마을사거리 방면,우회전,20,41.46,44.0,328,35
미금역사거리,까치마을사거리 방면,우회전,21,39.94,45.6,338,35
미금역사거리,까치마을사거리 방면,우회전,22,39.4,42.5,335,35
미금역사거리,까치마을사거리 방면,우회전,23,32.06,41.4,340,35
미금역사거리,까치마을사거리 방면,좌회전,0,0.31,35.9,319,35
미금역사거리,까치마을사거리 방면,좌회전,1,0.33,23.9,302,35
미금역사거리,까치마을사거리 방면,좌회전,2,0.0,17.1,272,35
미금역사거리,까치마을사거리 방면,좌회전,3,0.39,14.7,257,35
미금역사거리,까치마을사거리 방면,좌회전,4,0.33,22.7,304,35
미금역사거리,까치마을사거리 방면,좌회전,5,0.32,48.5,315,35
미금역사거리,까치마을사거리 방면,좌회전,6,0.31,91.7,322,35
미금역사거리,까치마을사거리 방면,좌회전,7,0.31,186.3,321,35
미금역사거리,까치마을사거리 방면,좌회전,8,0.0,216.7,317,35
미금역사거리,까치마을사거리 방면,좌회전,9,0.0,199.1,322,35
미금역사거리,까치마을사거리 방면,좌회전,10,0.61,164.4,329,35
미금역사거리,까치마을사거리 방면,좌회전,11,0.91,156.0,328,35
미금역사거리,까치마을사거리 방면,좌회전,12,1.85,146.0,324,35
미금역사거리,까치마을사거리 방면,좌회전,13,1.54,144.9,325,35
미금역사거리,까치마을사거리 방면,좌회전,14,1.55,145.4,323,35
미금역사거리,까치마을사거리 방면,좌회전,15,2.78,148.2,324,35
미금역사거리,까치마을사거리 방면,좌회전,16,4.05,154.4,321,35
미금역사거리,까치마을사거리 방면,좌회전,17,4.36,149.6,321,35
미금역사거리,까치마을사거리 방면,좌회전,18,6.27,149.3,319,35
미금역사거리,까치마을사거리 방면,좌회전,19,1.23,145.7,324,35
미금역사거리,까치마을사거리 방면,좌회전,20,0.31,130.5,323,35
미금역사거리,까치마을사거리 방면,좌회전,21,0.31,120.0,325,35
미금역사거리,까치마을사거리 방면,좌회전,22,0.0,113.0,324,35
미금역사거리,까치마을사거리 방면,좌회전,23,0.0,61.9,324,35
미금역사거리,까치마을사거리 방면,직진,0,0.45,101.9,224,35
미금역사거리,까치마을사거리 방면,직진,1,0.45,58.9,220,35
미금역사거리,까치마을사거리 방면,직진,2,0.43,38.1,232,35
미금역사거리,까치마을사거리 방면,직진,3,0.5,41.5,201,35
미금역사거리,까치마을사거리 방면,직진,4,0.54,52.0,186,35
미금역사거리,까치마을사거리 방면,직진,5,0.69,165.3,144,35
미금역사거리,까치마을사거리 방면,직진,6,0.31,341.6,320,35
미금역사거리,까치마을사거리 방면,직진,7,1.47,529.5,339,35
미금역사거리,까치마을사거리 방면,직진,8,6.19,427.9,339,35
미금역사거리,까치마을사거리 방면,직진,9,0.6,498.3,332,35
미금역사거리,까치마을사거리 방면,직진,10,0.61,451.4,330,35
미금역사거리,까치마을사거리 방면,직진,11,4.44,464.0,338,35
미금역사거리,까치마을사거리 방면,직진,12,5.07,433.6,335,35
미금역사거리,까치마을사거리 방면,직진,13,3.94,408.2,330,35
미금역사거리,까치마을사거리 방면,직진,14,5.11,447.4,333,35
미금역사거리,까치마을사거리 방면,직진,15,11.87,464.8,337,35
미금역사거리,까치마을사거리 방면,직진,16,27.11,422.5,343,35
미금역사거리,까치마을사거리 방면,직진,17,55.23,317.3,344,35
미금역사거리,까치마을사거리 방면,직진,18,57.23,298.0,346,35
미금역사거리,까치마을사거리 방면,직진,19,5.74,335.8,331,35
미금역사거리,까치마을사거리 방면,직진,20,1.52,352.1,328,35
미금역사거리,까치마을사거리 방면,직진,21,0.62,334.6,324,35
미금역사거리,까치마을사거리 방면,직진,22,0.0,285.5,328,35
미금역사거리,까치마을사거리 방면,직진,23,0.31,150.9,327,35
미금역사거리,미금역 방면,우회전,0,0.0,52.2,457,35
미금역사거리,미금역 방면,우회전,1,0.0,35.7,448,35
미금역사거리,미금역 방면,우회전,2,0.24,24.6,413,35
미금역사거리,미금역 방면,우회전,3,0.0,17.8,371,35
미금역사거리,미금역 방면,우회전,4,0.25,19.1,403,35
미금역사거리,미금역 방면,우회전,5,0.23,47.9,441,35
미금역사거리,미금역 방면,우회전,6,0.0,123.4,464,35
미금역사거리,미금역 방면,우회전,7,1.08,234.5,462,35
미금역사거리,미금역 방면,우회전,8,3.38,233.8,444,35
미금역사거리,미금역 방면,우회전,9,2.79,241.3,466,35
미금역사거리,미금역 방면,우회전,10,3.21,182.8,467,35
미금역사거리,미금역 방면,우회전,11,2.78,167.8,467,35
미금역사거리,미금역 방면,우회전,12,3.43,165.8,466,35
미금역사거리,미금역 방면,우회전,13,3.45,177.0,464,35
미금역사거리,미금역 방면,우회전,14,2.8,179.8,464,35
미금역사거리,미금역 방면,우회전,15,5.59,181.1,465,35
미금역사거리,미금역 방면,우회전,16,7.74,193.0,465,35
미금역사거리,미금역 방면,우회전,17,6.02,208.5,432,35
미금역사거리,미금역 방면,우회전,18,7.57,187.2,423,35
미금역사거리,미금역 방면,우회전,19,6.49,167.8,462,35
미금역사거리,미금역 방면,우회전,20,3.87,154.1,465,35
미금역사거리,미금역 방면,우회전,21,3.86,157.7,466,35
미금역사거리,미금역 방면,우회전,22,0.43,126.8,464,35
미금역사거리,미금역 방면,우회전,23,0.0,84.0,464,35
미금역사거리,미금역 방면,좌회전,0,0.0,92.2,467,35
미금역사거리,미금역 방면,좌회전,1,0.0,60.3,467,35
미금역사거리,미금역 방면,좌회전,2,0.0,42.0,465,35
미금역사거리,미금역 방면,좌회전,3,0.0,34.2,464,35
미금역사거리,미금역 방면,좌회전,4,0.0,51.1,463,35
미금역사거리,미금역 방면,좌회전,5,0.0,147.1,467,35
미금역사거리,미금역 방면,좌회전,6,0.0,313.1,467,35
미금역사거리,미금역 방면,좌회전,7,0.0,376.7,467,35
미금역사거리,미금역 방면,좌회전,8,0.22,285.1,458,35
미금역사거리,미금역 방면,좌회전,9,0.0,382.4,467,35
미금역사거리,미금역 방면,좌회전,10,0.21,352.9,467,35
미금역사거리,미금역 방면,좌회전,11,0.43,351.4,467,35
미금역사거리,미금역 방면,좌회전,12,0.43,356.3,466,35
미금역사거리,미금역 방면,좌회전,13,0.22,354.4,464,35
미금역사거리,미금역 방면,좌회전,14,0.43,341.7,465,35
미금역사거리,미금역 방면,좌회전,15,1.07,333.9,466,35
미금역사거리,미금역 방면,좌회전,16,1.28,339.2,467,35
미금역사거리,미금역 방면,좌회전,17,4.23,301.6,426,35
미금역사거리,미금역 방면,좌회전,18,2.43,239.4,412,35
미금역사거리,미금역 방면,좌회전,19,2.59,253.5,464,35
미금역사거리,미금역 방면,좌회전,20,0.21,263.8,466,35
미금역사거리,미금역 방면,좌회전,21,0.0,267.0,466,35
미금역사거리,미금역 방면,좌회전,22,0.0,223.0,466,35
미금역사거리,미금역 방면,좌회전,23,0.0,145.7,466,35
미금역사거리,미금역 방면,직진,0,0.21,181.6,467,35
미금역사거리,미금역 방면,직진,1,0.43,145.4,466,35
미금역사거리,미금역 방면,직진,2,0.21,94.7,467,35
미금역사거리,미금역 방면,직진,3,0.43,69.9,467,35
미금역사거리,미금역 방면,직진,4,0.43,67.9,466,35
미금역사거리,미금역 방면,직진,5,0.43,145.2,467,35
미금역사거리,미금역 방면,직진,6,0.21,406.5,467,35
미금역사거리,미금역 방면,직진,7,0.64,890.9,467,35
미금역사거리,미금역 방면,직진,8,1.28,866.6,467,35
미금역사거리,미금역 방면,직진,9,0.21,838.5,467,35
미금역사거리,미금역 방면,직진,10,0.43,646.6,467,35
미금역사거리,미금역 방면,직진,11,0.64,573.6,467,35
미금역사거리,미금역 방면,직진,12,0.86,549.5,466,35
미금역사거리,미금역 방면,직진,13,1.08,576.1,464,35
미금역사거리,미금역 방면,직진,14,1.08,593.8,464,35
미금역사거리,미금역 방면,직진,15,2.36,587.1,466,35
미금역사거리,미금역 방면,직진,16,2.78,589.7,468,35
미금역사거리,미금역 방면,직진,17,14.32,592.9,468,35
미금역사거리,미금역 방면,직진,18,17.09,493.1,468,35
미금역사거리,미금역 방면,직진,19,2.57,433.4,467,35
미금역사거리,미금역 방면,직진,20,0.86,398.7,467,35
미금역사거리,미금역 방면,직진,21,0.0,449.9,466,35
미금역사거리,미금역 방면,직진,22,0.0,364.5,466,35
미금역사거리,미금역 방면,직진,23,0.21,297.2,466,35
미금역사거리,정자일로 방면,우회전,0,3.39,50.2,472,35
미금역사거리,정자일로 방면,우회전,1,0.66,31.1,455,35
미금역사거리,정자일로 방면,우회전,2,0.23,20.6,437,35
미금역사거리,정자일로 방면,우회전,3,0.86,15.4,349,35
미금역사거리,정자일로 방면,우회전,4,0.47,21.6,422,35
미금역사거리,정자일로 방면,우회전,5,0.43,41.1,470,35
미금역사거리,정자일로 방면,우회전,6,1.9,75.3,473,35
미금역사거리,정자일로 방면,우회전,7,8.18,124.9,477,35
미금역사거리,정자일로 방면,우회전,8,20.89,125.6,474,35
미금역사거리,정자일로 방면,우회전,9,30.4,143.1,477,35
미금역사거리,정자일로 방면,우회전,10,27.88,159.7,477,35
미금역사거리,정자일로 방면,우회전,11,29.56,161.9,477,35
미금역사거리,정자일로 방면,우회전,12,35.5,161.9,476,35
미금역사거리,정자일로 방면,우회전,13,41.89,168.3,475,35
미금역사거리,정자일로 방면,우회전,14,46.32,175.1,475,35
미금역사거리,정자일로 방면,우회전,15,46.53,182.1,475,35
미금역사거리,정자일로 방면,우회전,16,52.41,188.6,477,35
미금역사거리,정자일로 방면,우회전,17,57.23,202.0,477,35
미금역사거리,정자일로 방면,우회전,18,61.22,200.7,477,35
미금역사거리,정자일로 방면,우회전,19,59.66,180.3,476,35
미금역사거리,정자일로 방면,우회전,20,56.72,150.6,476,35
미금역사거리,정자일로 방면,우회전,21,48.0,130.8,475,35
미금역사거리,정자일로 방면,우회전,22,32.21,108.1,475,35
미금역사거리,정자일로 방면,우회전,23,9.26,81.0,475,35
미금역사거리,정자일로 방면,좌회전,0,0.0,75.8,473,35
미금역사거리,정자일로 방면,좌회전,1,0.21,52.9,474,35
미금역사거리,정자일로 방면,좌회전,2,0.21,32.9,471,35
미금역사거리,정자일로 방면,좌회전,3,0.22,23.4,462,35
미금역사거리,정자일로 방면,좌회전,4,0.0,30.4,470,35
미금역사거리,정자일로 방면,좌회전,5,0.21,52.9,475,35
미금역사거리,정자일로 방면,좌회전,6,0.21,144.9,476,35
미금역사거리,정자일로 방면,좌회전,7,0.21,326.0,477,35
미금역사거리,정자일로 방면,좌회전,8,0.21,416.5,477,35
미금역사거리,정자일로 방면,좌회전,9,0.0,399.9,477,35
미금역사거리,정자일로 방면,좌회전,10,0.0,324.4,477,35
미금역사거리,정자일로 방면,좌회전,11,0.0,277.2,477,35
미금역사거리,정자일로 방면,좌회전,12,0.0,256.6,476,35
미금역사거리,정자일로 방면,좌회전,13,0.0,290.3,475,35
미금역사거리,정자일로 방면,좌회전,14,0.0,306.0,475,35
미금역사거리,정자일로 방면,좌회전,15,0.21,321.1,475,35
미금역사거리,정자일로 방면,좌회전,16,0.21,308.2,477,35
미금역사거리,정자일로 방면,좌회전,17,5.87,265.6,477,35
미금역사거리,정자일로 방면,좌회전,18,5.87,217.6,477,35
미금역사거리,정자일로 방면,좌회전,19,0.0,239.0,477,35
미금역사거리,정자일로 방면,좌회전,20,0.21,203.3,477,35
미금역사거리,정자일로 방면,좌회전,21,0.0,198.6,477,35
미금역사거리,정자일로 방면,좌회전,22,0.0,145.0,477,35
미금역사거리,정자일로 방면,좌회전,23,0.0,113.6,476,35
미금역사거리,정자일로 방면,직진,0,0.0,85.6,474,35
미금역사거리,정자일로 방면,직진,1,0.21,62.4,475,35
미금역사거리,정자일로 방면,직진,2,0.21,39.6,474,35
미금역사거리,정자일로 방면,직진,3,0.42,33.9,473,35
미금역사거리,정자일로 방면,직진,4,0.21,47.3,474,35
미금역사거리,정자일로 방면,직진,5,0.21,91.5,477,35
미금역사거리,정자일로 방면,직진,6,0.21,263.5,477,35
미금역사거리,정자일로 방면,직진,7,0.21,390.4,477,35
미금역사거리,정자일로 방면,직진,8,0.21,559.5,477,35
미금역사거리,정자일로 방면,직진,9,0.21,544.6,477,35
미금역사거리,정자일로 방면,직진,10,0.21,532.9,477,35
미금역사거리,정자일로 방면,직진,11,0.0,449.1,477,35
미금역사거리,정자일로 방면,직진,12,0.0,477.7,476,35
미금역사거리,정자일로 방면,직진,13,0.0,547.7,475,35
미금역사거리,정자일로 방면,직진,14,0.0,546.2,475,35
미금역사거리,정자일로 방면,직진,15,0.84,530.9,475,35
미금역사거리,정자일로 방면,직진,16,0.42,538.2,477,35
미금역사거리,정자일로 방면,직진,17,5.24,561.9,477,35
미금역사거리,정자일로 방면,직진,18,8.18,538.9,477,35
미금역사거리,정자일로 방면,직진,19,0.21,469.6,477,35
미금역사거리,정자일로 방면,직진,20,0.21,402.2,477,35
미금역사거리,정자일로 방면,직진,21,0.0,377.9,477,35
미금역사거리,정자일로 방면,직진,22,0.0,265.4,477,35
미금역사거리,정자일로 방면,직진,23,0.21,140.4,477,35
미금역사거리,청송마을 사거리 방면,우회전,0,0.0,52.1,460,35
미금역사거리,청송마을 사거리 방면,우회전,1,0.0,28.8,458,35
미금역사거리,청송마을 사거리 방면,우회전,2,0.23,19.4,428,35
미금역사거리,청송마을 사거리 방면,우회전,3,0.25,15.5,393,35
미금역사거리,청송마을 사거리 방면,우회전,4,0.0,19.0,438,35
미금역사거리,청송마을 사거리 방면,우회전,5,0.0,42.4,461,35
미금역사거리,청송마을 사거리 방면,우회전,6,0.0,97.7,464,35
미금역사거리,청송마을 사거리 방면,우회전,7,0.0,160.8,477,35
미금역사거리,청송마을 사거리 방면,우회전,8,0.0,194.3,477,35
미금역사거리,청송마을 사거리 방면,우회전,9,0.0,187.6,470,35
미금역사거리,청송마을 사거리 방면,우회전,10,0.0,184.6,472,35
미금역사거리,청송마을 사거리 방면,우회전,11,0.63,193.5,474,35
미금역사거리,청송마을 사거리 방면,우회전,12,0.85,187.9,471,35
미금역사거리,청송마을 사거리 방면,우회전,13,1.06,180.2,472,35
미금역사거리,청송마을 사거리 방면,우회전,14,1.05,187.7,474,35
미금역사거리,청송마을 사거리 방면,우회전,15,2.32,202.1,474,35
미금역사거리,청송마을 사거리 방면,우회전,16,2.31,218.5,477,35
미금역사거리,청송마을 사거리 방면,우회전,17,7.76,235.4,477,35
미금역사거리,청송마을 사거리 방면,우회전,18,11.58,227.1,475,35
미금역사거리,청송마을 사거리 방면,우회전,19,1.26,194.9,475,35
미금역사거리,청송마을 사거리 방면,우회전,20,0.42,154.1,474,35
미금역사거리,청송마을 사거리 방면,우회전,21,0.0,140.1,474,35
미금역사거리,청송마을 사거리 방면,우회전,22,0.0,140.8,470,35
미금역사거리,청송마을 사거리 방면,우회전,23,0.43,80.1,463,35
미금역사거리,청송마을 사거리 방면,좌회전,0,0.0,21.8,377,35
미금역사거리,청송마을 사거리 방면,좌회전,1,0.31,16.3,319,35
미금역사거리,청송마을 사거리 방면,좌회전,2,0.46,12.7,216,35
미금역사거리,청송마을 사거리 방면,좌회전,3,1.15,11.7,87,35
미금역사거리,청송마을 사거리 방면,좌회전,4,0.0,11.4,15,35
미금역사거리,청송마을 사거리 방면,좌회전,5,0.0,13.6,254,35
미금역사거리,청송마을 사거리 방면,좌회전,6,0.27,19.8,370,35
미금역사거리,청송마을 사거리 방면,좌회전,7,0.0,37.9,389,35
미금역사거리,청송마을 사거리 방면,좌회전,8,0.0,76.6,390,35
미금역사거리,청송마을 사거리 방면,좌회전,9,0.0,85.1,391,35
미금역사거리,청송마을 사거리 방면,좌회전,10,0.0,87.5,394,35
미금역사거리,청송마을 사거리 방면,좌회전,11,0.0,90.3,394,35
미금역사거리,청송마을 사거리 방면,좌회전,12,0.0,90.2,390,35
미금역사거리,청송마을 사거리 방면,좌회전,13,0.0,88.8,388,35
미금역사거리,청송마을 사거리 방면,좌회전,14,0.0,98.3,389,35
미금역사거리,청송마을 사거리 방면,좌회전,15,0.0,98.2,390,35
미금역사거리,청송마을 사거리 방면,좌회전,16,0.0,96.5,393,35
미금역사거리,청송마을 사거리 방면,좌회전,17,0.0,95.2,392,35
미금역사거리,청송마을 사거리 방면,좌회전,18,0.0,85.7,392,35
미금역사거리,청송마을 사거리 방면,좌회전,19,0.0,80.8,392,35
미금역사거리,청송마을 사거리 방면,좌회전,20,0.0,58.1,390,35
미금역사거리,청송마을 사거리 방면,좌회전,21,0.0,56.8,389,35
미금역사거리,청송마을 사거리 방면,좌회전,22,0.0,45.6,388,35
미금역사거리,청송마을 사거리 방면,좌회전,23,0.0,30.7,389,35
미금역사거리,청송마을 사거리 방면,직진,0,2.32,177.0,474,35
미금역사거리,청송마을 사거리 방면,직진,1,2.75,102.5,472,35
미금역사거리,청송마을 사거리 방면,직진,2,2.56,71.0,469,35
미금역사거리,청송마을 사거리 방면,직진,3,1.94,55.0,464,35
미금역사거리,청송마을 사거리 방면,직진,4,1.95,56.9,462,35
미금역사거리,청송마을 사거리 방면,직진,5,1.28,116.3,468,35
미금역사거리,청송마을 사거리 방면,직진,6,0.21,267.3,477,35
미금역사거리,청송마을 사거리 방면,직진,7,0.21,574.2,477,35
미금역사거리,청송마을 사거리 방면,직진,8,0.0,801.4,477,35
미금역사거리,청송마을 사거리 방면,직진,9,0.0,647.0,477,35
미금역사거리,청송마을 사거리 방면,직진,10,0.0,617.0,477,35
미금역사거리,청송마을 사거리 방면,직진,11,0.0,601.9,477,35
미금역사거리,청송마을 사거리 방면,직진,12,0.0,588.4,476,35
미금역사거리,청송마을 사거리 방면,직진,13,0.42,585.5,475,35
미금역사거리,청송마을 사거리 방면,직진,14,0.21,602.5,475,35
미금역사거리,청송마을 사거리 방면,직진,15,0.63,646.1,475,35
미금역사거리,청송마을 사거리 방면,직진,16,1.89,697.4,477,35
미금역사거리,청송마을 사거리 방면,직진,17,6.71,766.3,477,35
미금역사거리,청송마을 사거리 방면,직진,18,16.14,774.5,477,35
미금역사거리,청송마을 사거리 방면,직진,19,1.05,756.3,477,35
미금역사거리,청송마을 사거리 방면,직진,20,0.42,589.3,477,35
미금역사거리,청송마을 사거리 방면,직진,21,0.0,501.3,477,35
미금역사거리,청송마을 사거리 방면,직진,22,0.0,528.3,477,35
미금역사거리,청송마을 사거리 방면,직진,23,0.21,295.1,476,35
오리삼거리,농수산물센터 방면,우회전,0,0.0,36.1,437,35
오리삼거리,농수산물센터 방면,우회전,1,0.0,25.1,419,35
오리삼거리,농수산물센터 방면,우회전,2,0.0,20.3,386,35
오리삼거리,농수산물센터 방면,우회전,3,0.0,14.8,310,35
오리삼거리,농수산물센터 방면,우회전,4,0.0,22.4,391,35
오리삼거리,농수산물센터 방면,우회전,5,0.0,54.3,428,35
오리삼거리,농수산물센터 방면,우회전,6,0.0,131.8,449,35
오리삼거리,농수산물센터 방면,우회전,7,0.0,282.1,470,35
오리삼거리,농수산물센터 방면,우회전,8,0.0,340.2,471,35
오리삼거리,농수산물센터 방면,우회전,9,0.0,287.2,471,35
오리삼거리,농수산물센터 방면,우회전,10,0.0,211.1,471,35
오리삼거리,농수산물센터 방면,우회전,11,0.0,175.9,472,35
오리삼거리,농수산물센터 방면,우회전,12,0.0,194.2,471,35
오리삼거리,농수산물센터 방면,우회전,13,0.0,220.1,469,35
오리삼거리,농수산물센터 방면,우회전,14,0.0,207.3,471,35
오리삼거리,농수산물센터 방면,우회전,15,0.0,201.8,471,35
오리삼거리,농수산물센터 방면,우회전,16,0.0,195.0,473,35
오리삼거리,농수산물센터 방면,우회전,17,0.0,204.2,472,35
오리삼거리,농수산물센터 방면,우회전,18,0.0,190.4,469,35
오리삼거리,농수산물센터 방면,우회전,19,0.0,155.8,468,35
오리삼거리,농수산물센터 방면,우회전,20,0.0,124.0,463,35
오리삼거리,농수산물센터 방면,우회전,21,0.22,106.1,461,35
오리삼거리,농수산물센터 방면,우회전,22,0.22,84.2,458,35
오리삼거리,농수산물센터 방면,우회전,23,0.0,52.9,449,35
오리삼거리,농수산물센터 방면,직진,0,0.43,189.4,460,35
오리삼거리,농수산물센터 방면,직진,1,0.66,138.6,453,35
오리삼거리,농수산물센터 방면,직진,2,0.88,90.2,452,35
오리삼거리,농수산물센터 방면,직진,3,0.44,71.7,451,35
오리삼거리,농수산물센터 방면,직진,4,0.44,95.6,455,35
오리삼거리,농수산물센터 방면,직진,5,0.0,204.6,459,35
오리삼거리,농수산물센터 방면,직진,6,0.0,589.1,468,35
오리삼거리,농수산물센터 방면,직진,7,1.27,1360.5,472,35
오리삼거리,농수산물센터 방면,직진,8,2.12,1426.8,472,35
오리삼거리,농수산물센터 방면,직진,9,0.0,1197.9,472,35
오리삼거리,농수산물센터 방면,직진,10,0.0,926.8,471,35
오리삼거리,농수산물센터 방면,직진,11,0.0,756.2,472,35
오리삼거리,농수산물센터 방면,직진,12,0.0,700.8,471,35
오리삼거리,농수산물센터 방면,직진,13,0.0,777.3,470,35
오리삼거리,농수산물센터 방면,직진,14,0.0,779.6,471,35
오리삼거리,농수산물센터 방면,직진,15,0.21,777.0,471,35
오리삼거리,농수산물센터 방면,직진,16,0.0,813.4,473,35
오리삼거리,농수산물센터 방면,직진,17,0.0,811.8,472,35
오리삼거리,농수산물센터 방면,직진,18,0.0,706.6,472,35
오리삼거리,농수산물센터 방면,직진,19,0.0,587.3,471,35
오리삼거리,농수산물센터 방면,직진,20,0.0,495.3,472,35
오리삼거리,농수산물센터 방면,직진,21,0.0,502.8,471,35
오리삼거리,농수산물센터 방면,직진,22,0.0,412.8,472,35
오리삼거리,농수산물센터 방면,직진,23,0.0,299.9,470,35
오리삼거리,오리교1사거리 방면,우회전,0,0.0,64.1,430,35
오리삼거리,오리교1사거리 방면,우회전,1,0.24,44.2,424,35
오리삼거리,오리교1사거리 방면,우회전,2,0.24,30.9,417,35
오리삼거리,오리교1사거리 방면,우회전,3,0.0,24.5,409,35
오리삼거리,오리교1사거리 방면,우회전,4,0.0,35.1,422,35
오리삼거리,오리교1사거리 방면,우회전,5,0.22,39.7,447,35
오리삼거리,오리교1사거리 방면,우회전,6,0.22,81.4,457,35
오리삼거리,오리교1사거리 방면,우회전,7,0.22,120.4,457,35
오리삼거리,오리교1사거리 방면,우회전,8,0.22,138.7,453,35
오리삼거리,오리교1사거리 방면,우회전,9,0.86,137.4,464,35
오리삼거리,오리교1사거리 방면,우회전,10,1.28,130.9,467,35
오리삼거리,오리교1사거리 방면,우회전,11,1.5,130.0,467,35
오리삼거리,오리교1사거리 방면,우회전,12,1.5,128.0,466,35
오리삼거리,오리교1사거리 방면,우회전,13,0.64,129.6,467,35
오리삼거리,오리교1사거리 방면,우회전,14,0.86,128.2,467,35
오리삼거리,오리교1사거리 방면,우회전,15,1.5,130.4,466,35
오리삼거리,오리교1사거리 방면,우회전,16,1.07,135.3,468,35
오리삼거리,오리교1사거리 방면,우회전,17,6.2,156.1,468,35
오리삼거리,오리교1사거리 방면,우회전,18,13.06,139.3,467,35
오리삼거리,오리교1사거리 방면,우회전,19,6.91,105.2,463,35
오리삼거리,오리교1사거리 방면,우회전,20,5.95,94.8,454,35
오리삼거리,오리교1사거리 방면,우회전,21,3.07,91.1,456,35
오리삼거리,오리교1사거리 방면,우회전,22,1.77,82.5,452,35
오리삼거리,오리교1사거리 방면,우회전,23,0.22,79.8,449,35
오리삼거리,오리교1사거리 방면,좌회전,0,0.0,40.9,464,35
오리삼거리,오리교1사거리 방면,좌회전,1,0.0,25.6,453,35
오리삼거리,오리교1사거리 방면,좌회전,2,0.0,17.2,396,35
오리삼거리,오리교1사거리 방면,좌회전,3,0.0,14.9,380,35
오리삼거리,오리교1사거리 방면,좌회전,4,0.24,18.3,420,35
오리삼거리,오리교1사거리 방면,좌회전,5,0.22,43.1,457,35
오리삼거리,오리교1사거리 방면,좌회전,6,0.21,104.5,467,35
오리삼거리,오리교1사거리 방면,좌회전,7,0.21,152.9,467,35
오리삼거리,오리교1사거리 방면,좌회전,8,0.21,179.3,467,35
오리삼거리,오리교1사거리 방면,좌회전,9,0.21,194.5,467,35
오리삼거리,오리교1사거리 방면,좌회전,10,0.0,216.5,467,35
오리삼거리,오리교1사거리 방면,좌회전,11,0.0,232.0,467,35
오리삼거리,오리교1사거리 방면,좌회전,12,0.0,213.1,466,35
오리삼거리,오리교1사거리 방면,좌회전,13,0.0,192.5,467,35
오리삼거리,오리교1사거리 방면,좌회전,14,0.0,213.8,467,35
오리삼거리,오리교1사거리 방면,좌회전,15,0.43,226.9,466,35
오리삼거리,오리교1사거리 방면,좌회전,16,0.64,237.9,468,35
오리삼거리,오리교1사거리 방면,좌회전,17,0.85,211.1,468,35
오리삼거리,오리교1사거리 방면,좌회전,18,4.5,155.8,467,35
오리삼거리,오리교1사거리 방면,좌회전,19,0.21,135.6,467,35
오리삼거리,오리교1사거리 방면,좌회전,20,0.0,135.7,467,35
오리삼거리,오리교1사거리 방면,좌회전,21,0.0,124.1,467,35
오리삼거리,오리교1사거리 방면,좌회전,22,0.0,97.8,467,35
오리삼거리,오리교1사거리 방면,좌회전,23,0.21,66.0,467,35
오리삼거리,오리역 방면,좌회전,0,6.8,21.7,103,35
오리삼거리,오리역 방면,좌회전,1,21.43,23.5,28,35
오리삼거리,오리역 방면,좌회전,2,14.29,20.3,21,35
오리삼거리,오리역 방면,좌회전,3,11.11,15.0,18,35
오리삼거리,오리역 방면,좌회전,4,2.65,14.9,264,35
오리삼거리,오리역 방면,좌회전,5,0.54,36.3,371,35
오리삼거리,오리역 방면,좌회전,6,0.27,50.0,368,35
오리삼거리,오리역 방면,좌회전,7,0.51,88.7,391,35
오리삼거리,오리역 방면,좌회전,8,0.51,107.6,391,35
오리삼거리,오리역 방면,좌회전,9,0.0,74.2,382,35
오리삼거리,오리역 방면,좌회전,10,0.0,68.7,385,35
오리삼거리,오리역 방면,좌회전,11,0.0,78.9,388,35
오리삼거리,오리역 방면,좌회전,12,0.0,87.6,391,35
오리삼거리,오리역 방면,좌회전,13,0.0,94.5,395,35
오리삼거리,오리역 방면,좌회전,14,0.0,105.4,396,35
오리삼거리,오리역 방면,좌회전,15,0.0,106.1,391,35
오리삼거리,오리역 방면,좌회전,16,0.52,96.8,385,35
오리삼거리,오리역 방면,좌회전,17,0.26,105.0,390,35
오리삼거리,오리역 방면,좌회전,18,1.29,100.6,389,35
오리삼거리,오리역 방면,좌회전,19,0.26,83.2,391,35
오리삼거리,오리역 방면,좌회전,20,0.52,57.8,383,35
오리삼거리,오리역 방면,좌회전,21,0.27,51.6,374,35
오리삼거리,오리역 방면,좌회전,22,0.54,45.4,371,35
오리삼거리,오리역 방면,좌회전,23,3.72,23.7,296,35
오리삼거리,오리역 방면,직진,0,0.44,210.6,455,35
오리삼거리,오리역 방면,직진,1,0.44,117.4,454,35
오리삼거리,오리역 방면,직진,2,0.22,72.7,452,35
오리삼거리,오리역 방면,직진,3,0.22,56.5,449,35
오리삼거리,오리역 방면,직진,4,0.44,63.3,450,35
오리삼거리,오리역 방면,직진,5,0.44,139.3,455,35
오리삼거리,오리역 방면,직진,6,1.32,355.4,454,35
오리삼거리,오리역 방면,직진,7,1.77,654.6,452,35
오리삼거리,오리역 방면,직진,8,5.53,794.4,452,35
오리삼거리,오리역 방면,직진,9,2.87,736.8,453,35
오리삼거리,오리역 방면,직진,10,2.21,749.4,453,35
오리삼거리,오리역 방면,직진,11,3.96,787.9,455,35
오리삼거리,오리역 방면,직진,12,6.39,807.7,454,35
오리삼거리,오리역 방면,직진,13,9.03,841.1,454,35
오리삼거리,오리역 방면,직진,14,16.52,874.1,454,35
오리삼거리,오리역 방면,직진,15,24.89,917.5,454,35
오리삼거리,오리역 방면,직진,16,25.88,998.1,456,35
오리삼거리,오리역 방면,직진,17,50.55,1064.9,455,35
오리삼거리,오리역 방면,직진,18,80.48,978.5,456,35
오리삼거리,오리역 방면,직진,19,34.07,939.3,455,35
오리삼거리,오리역 방면,직진,20,13.82,775.7,456,35
오리삼거리,오리역 방면,직진,21,10.53,673.1,456,35
오리삼거리,오리역 방면,직진,22,4.62,637.0,455,35
오리삼거리,오리역 방면,직진,23,1.76,354.7,455,35
동막교사거리,경기고속삼거리 방면,우회전,0,0.0,24.3,333,40
동막교사거리,경기고속삼거리 방면,우회전,1,0.0,15.3,269,40
동막교사거리,경기고속삼거리 방면,우회전,2,0.0,12.7,116,40
동막교사거리,경기고속삼거리 방면,우회전,3,0.0,11.8,111,40
동막교사거리,경기고속삼거리 방면,우회전,4,0.0,26.3,347,40
동막교사거리,경기고속삼거리 방면,우회전,5,0.0,53.6,360,40
동막교사거리,경기고속삼거리 방면,우회전,6,0.0,73.3,362,40
동막교사거리,경기고속삼거리 방면,우회전,7,0.0,104.1,376,40
동막교사거리,경기고속삼거리 방면,우회전,8,0.0,101.6,377,40
동막교사거리,경기고속삼거리 방면,우회전,9,0.0,100.9,380,40
동막교사거리,경기고속삼거리 방면,우회전,10,0.0,99.2,380,40
동막교사거리,경기고속삼거리 방면,우회전,11,0.0,104.9,380,40
동막교사거리,경기고속삼거리 방면,우회전,12,0.0,105.0,378,40
동막교사거리,경기고속삼거리 방면,우회전,13,0.0,115.0,376,40
동막교사거리,경기고속삼거리 방면,우회전,14,0.0,111.3,376,40
동막교사거리,경기고속삼거리 방면,우회전,15,0.0,107.1,377,40
동막교사거리,경기고속삼거리 방면,우회전,16,0.0,108.4,378,40
동막교사거리,경기고속삼거리 방면,우회전,17,0.0,118.0,373,40
동막교사거리,경기고속삼거리 방면,우회전,18,0.0,107.2,376,40
동막교사거리,경기고속삼거리 방면,우회전,19,0.0,92.4,374,40
동막교사거리,경기고속삼거리 방면,우회전,20,0.0,86.2,369,40
동막교사거리,경기고속삼거리 방면,우회전,21,0.0,79.9,371,40
동막교사거리,경기고속삼거리 방면,우회전,22,0.0,69.6,369,40
동막교사거리,경기고속삼거리 방면,우회전,23,0.0,39.5,360,40
동막교사거리,경기고속삼거리 방면,좌회전,0,0.0,26.4,335,40
동막교사거리,경기고속삼거리 방면,좌회전,1,0.0,14.4,248,40
동막교사거리,경기고속삼거리 방면,좌회전,2,1.0,12.1,100,40
동막교사거리,경기고속삼거리 방면,좌회전,3,0.0,11.0,45,40
동막교사거리,경기고속삼거리 방면,좌회전,4,0.0,12.7,182,40
동막교사거리,경기고속삼거리 방면,좌회전,5,0.0,20.7,326,40
동막교사거리,경기고속삼거리 방면,좌회전,6,0.0,54.6,358,40
동막교사거리,경기고속삼거리 방면,좌회전,7,0.0,99.4,376,40
동막교사거리,경기고속삼거리 방면,좌회전,8,0.53,120.7,379,40
동막교사거리,경기고속삼거리 방면,좌회전,9,0.0,127.7,380,40
동막교사거리,경기고속삼거리 방면,좌회전,10,0.0,122.8,380,40
동막교사거리,경기고속삼거리 방면,좌회전,11,0.0,133.9,380,40
동막교사거리,경기고속삼거리 방면,좌회전,12,0.0,137.0,379,40
동막교사거리,경기고속삼거리 방면,좌회전,13,0.0,140.8,377,40
동막교사거리,경기고속삼거리 방면,좌회전,14,0.0,149.2,377,40
동막교사거리,경기고속삼거리 방면,좌회전,15,0.0,150.0,379,40
동막교사거리,경기고속삼거리 방면,좌회전,16,0.0,162.4,378,40
동막교사거리,경기고속삼거리 방면,좌회전,17,0.0,174.9,379,40
동막교사거리,경기고속삼거리 방면,좌회전,18,0.0,141.0,377,40
동막교사거리,경기고속삼거리 방면,좌회전,19,0.0,108.3,368,40
동막교사거리,경기고속삼거리 방면,좌회전,20,0.0,87.1,366,40
동막교사거리,경기고속삼거리 방면,좌회전,21,0.0,81.0,363,40
동막교사거리,경기고속삼거리 방면,좌회전,22,0.0,64.8,359,40
동막교사거리,경기고속삼거리 방면,좌회전,23,0.0,45.7,355,40
동막교사거리,경기고속삼거리 방면,직진,0,0.0,28.1,336,40
동막교사거리,경기고속삼거리 방면,직진,1,0.0,16.3,284,40
동막교사거리,경기고속삼거리 방면,직진,2,0.0,12.9,144,40
동막교사거리,경기고속삼거리 방면,직진,3,1.61,12.1,62,40
동막교사거리,경기고속삼거리 방면,직진,4,0.0,13.6,244,40
동막교사거리,경기고속삼거리 방면,직진,5,0.0,32.6,345,40
동막교사거리,경기고속삼거리 방면,직진,6,0.0,62.9,357,40
동막교사거리,경기고속삼거리 방면,직진,7,0.0,108.2,377,40
동막교사거리,경기고속삼거리 방면,직진,8,0.0,150.1,381,40
동막교사거리,경기고속삼거리 방면,직진,9,0.0,108.8,380,40
동막교사거리,경기고속삼거리 방면,직진,10,0.0,112.5,381,40
동막교사거리,경기고속삼거리 방면,직진,11,0.26,123.5,382,40
동막교사거리,경기고속삼거리 방면,직진,12,0.0,127.1,380,40
동막교사거리,경기고속삼거리 방면,직진,13,0.0,136.4,378,40
동막교사거리,경기고속삼거리 방면,직진,14,0.0,146.1,376,40
동막교사거리,경기고속삼거리 방면,직진,15,0.0,166.7,377,40
동막교사거리,경기고속삼거리 방면,직진,16,0.0,181.0,381,40
동막교사거리,경기고속삼거리 방면,직진,17,0.0,204.0,383,40
동막교사거리,경기고속삼거리 방면,직진,18,0.52,184.8,382,40
동막교사거리,경기고속삼거리 방면,직진,19,0.0,160.9,374,40
동막교사거리,경기고속삼거리 방면,직진,20,0.0,125.8,373,40
동막교사거리,경기고속삼거리 방면,직진,21,0.0,111.3,365,40
동막교사거리,경기고속삼거리 방면,직진,22,0.0,95.1,361,40
동막교사거리,경기고속삼거리 방면,직진,23,0.0,57.9,357,40
동막교사거리,동막교삼거리 방면,우회전,0,0.0,18.4,356,40
동막교사거리,동막교삼거리 방면,우회전,1,0.0,13.7,276,40
동막교사거리,동막교삼거리 방면,우회전,2,0.0,11.1,65,40
동막교사거리,동막교삼거리 방면,우회전,3,0.0,12.0,171,40
동막교사거리,동막교삼거리 방면,우회전,4,0.0,19.6,355,40
동막교사거리,동막교삼거리 방면,우회전,5,0.0,43.6,371,40
동막교사거리,동막교삼거리 방면,우회전,6,0.0,70.6,371,40
동막교사거리,동막교삼거리 방면,우회전,7,0.0,123.0,376,40
동막교사거리,동막교삼거리 방면,우회전,8,0.0,224.0,381,40
동막교사거리,동막교삼거리 방면,우회전,9,0.0,228.6,380,40
동막교사거리,동막교삼거리 방면,우회전,10,0.0,221.9,380,40
동막교사거리,동막교삼거리 방면,우회전,11,0.0,205.0,379,40
동막교사거리,동막교삼거리 방면,우회전,12,0.0,211.5,380,40
동막교사거리,동막교삼거리 방면,우회전,13,0.0,222.8,379,40
동막교사거리,동막교삼거리 방면,우회전,14,0.0,213.2,381,40
동막교사거리,동막교삼거리 방면,우회전,15,0.0,214.7,382,40
동막교사거리,동막교삼거리 방면,우회전,16,0.0,223.8,383,40
동막교사거리,동막교삼거리 방면,우회전,17,0.26,232.0,382,40
동막교사거리,동막교삼거리 방면,우회전,18,0.26,227.5,381,40
동막교사거리,동막교삼거리 방면,우회전,19,0.0,163.5,377,40
동막교사거리,동막교삼거리 방면,우회전,20,0.0,116.0,373,40
동막교사거리,동막교삼거리 방면,우회전,21,0.0,88.9,371,40
동막교사거리,동막교삼거리 방면,우회전,22,0.0,62.0,372,40
동막교사거리,동막교삼거리 방면,우회전,23,0.0,35.1,370,40
동막교사거리,동막교삼거리 방면,좌회전,0,0.0,29.8,363,40
동막교사거리,동막교삼거리 방면,좌회전,1,0.0,20.4,333,40
동막교사거리,동막교삼거리 방면,좌회전,2,0.0,14.6,248,40
동막교사거리,동막교삼거리 방면,좌회전,3,0.0,11.8,130,40
동막교사거리,동막교삼거리 방면,좌회전,4,0.0,12.8,204,40
동막교사거리,동막교삼거리 방면,좌회전,5,0.0,29.9,365,40
동막교사거리,동막교삼거리 방면,좌회전,6,0.0,56.1,367,40
동막교사거리,동막교삼거리 방면,좌회전,7,0.0,123.7,378,40
동막교사거리,동막교삼거리 방면,좌회전,8,0.0,176.7,380,40
동막교사거리,동막교삼거리 방면,좌회전,9,0.0,126.7,380,40
동막교사거리,동막교삼거리 방면,좌회전,10,0.0,117.1,380,40
동막교사거리,동막교삼거리 방면,좌회전,11,0.0,117.1,379,40
동막교사거리,동막교삼거리 방면,좌회전,12,0.0,122.5,379,40
동막교사거리,동막교삼거리 방면,좌회전,13,0.0,132.4,376,40
동막교사거리,동막교삼거리 방면,좌회전,14,0.0,139.3,378,40
동막교사거리,동막교삼거리 방면,좌회전,15,0.0,155.2,384,40
동막교사거리,동막교삼거리 방면,좌회전,16,0.0,176.3,381,40
동막교사거리,동막교삼거리 방면,좌회전,17,0.0,204.2,383,40
동막교사거리,동막교삼거리 방면,좌회전,18,0.0,215.3,378,40
동막교사거리,동막교삼거리 방면,좌회전,19,0.0,183.2,377,40
동막교사거리,동막교삼거리 방면,좌회전,20,0.0,122.5,376,40
동막교사거리,동막교삼거리 방면,좌회전,21,0.0,101.9,377,40
동막교사거리,동막교삼거리 방면,좌회전,22,0.0,103.1,371,40
동막교사거리,동막교삼거리 방면,좌회전,23,0.0,51.8,371,40
동막교사거리,동막교삼거리 방면,직진,0,0.0,231.6,378,40
동막교사거리,동막교삼거리 방면,직진,1,0.0,133.3,375,40
동막교사거리,동막교삼거리 방면,직진,2,0.0,87.5,372,40
동막교사거리,동막교삼거리 방면,직진,3,0.27,68.5,372,40
동막교사거리,동막교삼거리 방면,직진,4,0.0,74.6,374,40
동막교사거리,동막교삼거리 방면,직진,5,0.53,162.3,376,40
동막교사거리,동막교삼거리 방면,직진,6,0.0,417.8,380,40
동막교사거리,동막교삼거리 방면,직진,7,0.0,826.0,381,40
동막교사거리,동막교삼거리 방면,직진,8,0.0,1056.3,382,40
동막교사거리,동막교삼거리 방면,직진,9,0.0,930.7,381,40
동막교사거리,동막교삼거리 방면,직진,10,0.0,907.3,383,40
동막교사거리,동막교삼거리 방면,직진,11,0.0,922.8,382,40
동막교사거리,동막교삼거리 방면,직진,12,0.0,942.5,380,40
동막교사거리,동막교삼거리 방면,직진,13,0.0,946.7,382,40
동막교사거리,동막교삼거리 방면,직진,14,0.0,978.9,383,40
동막교사거리,동막교삼거리 방면,직진,15,0.0,1039.9,384,40
동막교사거리,동막교삼거리 방면,직진,16,0.52,1105.0,384,40
동막교사거리,동막교삼거리 방면,직진,17,0.78,1195.1,384,40
동막교사거리,동막교삼거리 방면,직진,18,7.29,1162.7,384,40
동막교사거리,동막교삼거리 방면,직진,19,1.56,1079.9,385,40
동막교사거리,동막교삼거리 방면,직진,20,0.0,841.4,384,40
동막교사거리,동막교삼거리 방면,직진,21,0.26,699.7,386,40
동막교사거리,동막교삼거리 방면,직진,22,0.0,684.1,382,40
동막교사거리,동막교삼거리 방면,직진,23,0.26,384.6,383,40
동막교사거리,오리공원 방면,우회전,0,0.0,17.1,254,40
동막교사거리,오리공원 방면,우회전,1,0.0,14.0,183,40
동막교사거리,오리공원 방면,우회전,2,0.0,12.8,88,40
동막교사거리,오리공원 방면,우회전,3,0.0,12.0,81,40
동막교사거리,오리공원 방면,우회전,4,0.38,16.9,261,40
동막교사거리,오리공원 방면,우회전,5,0.0,34.6,357,40
동막교사거리,오리공원 방면,우회전,6,0.0,91.0,375,40
동막교사거리,오리공원 방면,우회전,7,0.26,257.0,387,40
동막교사거리,오리공원 방면,우회전,8,0.52,264.3,387,40
동막교사거리,오리공원 방면,우회전,9,0.0,197.1,385,40
동막교사거리,오리공원 방면,우회전,10,0.0,138.5,384,40
동막교사거리,오리공원 방면,우회전,11,0.0,110.5,382,40
동막교사거리,오리공원 방면,우회전,12,0.0,102.5,381,40
동막교사거리,오리공원 방면,우회전,13,0.0,114.5,378,40
동막교사거리,오리공원 방면,우회전,14,0.0,119.3,381,40
동막교사거리,오리공원 방면,우회전,15,0.0,126.3,380,40
동막교사거리,오리공원 방면,우회전,16,0.0,134.0,382,40
동막교사거리,오리공원 방면,우회전,17,0.26,142.0,383,40
동막교사거리,오리공원 방면,우회전,18,0.0,130.2,382,40
동막교사거리,오리공원 방면,우회전,19,0.0,77.1,381,40
동막교사거리,오리공원 방면,우회전,20,0.79,49.1,379,40
동막교사거리,오리공원 방면,우회전,21,0.26,56.4,378,40
동막교사거리,오리공원 방면,우회전,22,0.27,34.3,374,40
동막교사거리,오리공원 방면,우회전,23,0.0,24.6,349,40
동막교사거리,오리공원 방면,좌회전,8,0.0,10.3,3,40
동막교사거리,오리공원 방면,좌회전,9,0.0,11.4,8,40
동막교사거리,오리공원 방면,좌회전,10,0.0,11.7,7,40
동막교사거리,오리공원 방면,좌회전,11,0.0,11.0,8,40
동막교사거리,오리공원 방면,좌회전,12,0.0,10.3,13,40
동막교사거리,오리공원 방면,좌회전,13,0.0,10.5,14,40
동막교사거리,오리공원 방면,좌회전,14,0.0,10.6,12,40
동막교사거리,오리공원 방면,좌회전,15,0.0,12.3,16,40
동막교사거리,오리공원 방면,좌회전,16,0.0,11.4,12,40
동막교사거리,오리공원 방면,좌회전,17,0.0,10.9,14,40
동막교사거리,오리공원 방면,좌회전,18,0.0,12.7,56,40
동막교사거리,오리공원 방면,좌회전,19,0.0,11.3,3,40
동막교사거리,오리공원 방면,좌회전,20,0.0,10.5,2,40
동막교사거리,오리공원 방면,직진,0,0.0,14.4,177,40
동막교사거리,오리공원 방면,직진,1,0.0,11.5,52,40
동막교사거리,오리공원 방면,직진,2,0.0,11.0,38,40
동막교사거리,오리공원 방면,직진,3,0.0,11.9,82,40
동막교사거리,오리공원 방면,직진,4,0.36,16.7,276,40
동막교사거리,오리공원 방면,직진,5,0.0,55.7,362,40
동막교사거리,오리공원 방면,직진,6,0.0,100.9,361,40
동막교사거리,오리공원 방면,직진,7,0.0,104.4,356,40
동막교사거리,오리공원 방면,직진,8,0.0,120.2,360,40
동막교사거리,오리공원 방면,직진,9,0.0,101.2,376,40
동막교사거리,오리공원 방면,직진,10,0.0,85.6,379,40
동막교사거리,오리공원 방면,직진,11,0.0,70.8,381,40
동막교사거리,오리공원 방면,직진,12,0.0,71.9,380,40
동막교사거리,오리공원 방면,직진,13,0.0,76.0,377,40
동막교사거리,오리공원 방면,직진,14,0.0,74.7,379,40
동막교사거리,오리공원 방면,직진,15,0.0,78.9,379,40
동막교사거리,오리공원 방면,직진,16,0.0,91.4,373,40
동막교사거리,오리공원 방면,직진,17,0.0,95.9,376,40
동막교사거리,오리공원 방면,직진,18,0.0,98.6,381,40
동막교사거리,오리공원 방면,직진,19,0.0,56.3,380,40
동막교사거리,오리공원 방면,직진,20,0.0,44.0,379,40
동막교사거리,오리공원 방면,직진,21,0.0,40.2,378,40
동막교사거리,오리공원 방면,직진,22,0.0,27.0,363,40
동막교사거리,오리공원 방면,직진,23,0.0,17.6,290,40
동막교사거리,오리역 방면,우회전,0,0.0,10.7,3,40
동막교사거리,오리역 방면,우회전,6,0.0,10.5,8,40
동막교사거리,오리역 방면,우회전,7,0.0,11.4,126,40
동막교사거리,오리역 방면,우회전,8,0.0,14.2,295,40
동막교사거리,오리역 방면,우회전,9,0.0,13.2,268,40
동막교사거리,오리역 방면,우회전,10,0.0,12.8,266,40
동막교사거리,오리역 방면,우회전,11,0.0,12.5,222,40
동막교사거리,오리역 방면,우회전,12,0.0,12.7,211,40
동막교사거리,오리역 방면,우회전,13,0.0,13.6,285,40
동막교사거리,오리역 방면,우회전,14,0.0,12.9,216,40
동막교사거리,오리역 방면,우회전,15,0.0,12.2,164,40
동막교사거리,오리역 방면,우회전,16,0.0,11.6,136,40
동막교사거리,오리역 방면,우회전,17,0.0,12.2,166,40
동막교사거리,오리역 방면,우회전,18,0.0,13.5,259,40
동막교사거리,오리역 방면,우회전,19,0.0,12.6,209,40
동막교사거리,오리역 방면,우회전,20,0.0,10.8,43,40
동막교사거리,오리역 방면,우회전,21,0.0,10.8,28,40
동막교사거리,오리역 방면,우회전,22,0.0,10.8,22,40
동막교사거리,오리역 방면,우회전,23,0.0,10.8,5,40
동막교사거리,오리역 방면,좌회전,0,0.0,20.6,352,40
동막교사거리,오리역 방면,좌회전,1,0.0,16.0,292,40
동막교사거리,오리역 방면,좌회전,2,0.0,12.9,170,40
동막교사거리,오리역 방면,좌회전,3,0.0,11.7,59,40
동막교사거리,오리역 방면,좌회전,4,0.0,12.0,182,40
동막교사거리,오리역 방면,좌회전,5,0.3,15.9,338,40
동막교사거리,오리역 방면,좌회전,6,0.0,29.8,376,40
동막교사거리,오리역 방면,좌회전,7,0.0,43.2,377,40
동막교사거리,오리역 방면,좌회전,8,0.0,79.9,381,40
동막교사거리,오리역 방면,좌회전,9,0.0,82.4,382,40
동막교사거리,오리역 방면,좌회전,10,0.0,75.6,383,40
동막교사거리,오리역 방면,좌회전,11,0.0,66.7,383,40
동막교사거리,오리역 방면,좌회전,12,0.0,66.8,381,40
동막교사거리,오리역 방면,좌회전,13,0.0,73.7,378,40
동막교사거리,오리역 방면,좌회전,14,0.0,67.5,380,40
동막교사거리,오리역 방면,좌회전,15,0.0,73.9,380,40
동막교사거리,오리역 방면,좌회전,16,0.0,76.5,382,40
동막교사거리,오리역 방면,좌회전,17,0.0,85.8,383,40
동막교사거리,오리역 방면,좌회전,18,0.0,83.6,383,40
동막교사거리,오리역 방면,좌회전,19,0.0,57.8,382,40
동막교사거리,오리역 방면,좌회전,20,0.0,54.3,380,40
동막교사거리,오리역 방면,좌회전,21,0.0,45.5,381,40
동막교사거리,오리역 방면,좌회전,22,0.0,38.8,380,40
동막교사거리,오리역 방면,좌회전,23,0.0,29.1,377,40
동막교사거리,오리역 방면,직진,0,0.0,245.7,382,40
동막교사거리,오리역 방면,직진,1,0.0,187.3,382,40
동막교사거리,오리역 방면,직진,2,0.0,127.0,381,40
동막교사거리,오리역 방면,직진,3,0.0,91.9,381,40
동막교사거리,오리역 방면,직진,4,0.0,94.2,384,40
동막교사거리,오리역 방면,직진,5,0.0,215.2,385,40
동막교사거리,오리역 방면,직진,6,0.0,553.0,387,40
동막교사거리,오리역 방면,직진,7,0.0,1315.7,391,40
동막교사거리,오리역 방면,직진,8,0.26,1380.5,391,40
동막교사거리,오리역 방면,직진,9,0.0,1196.3,389,40
동막교사거리,오리역 방면,직진,10,0.0,934.1,389,40
동막교사거리,오리역 방면,직진,11,0.0,822.8,388,40
동막교사거리,오리역 방면,직진,12,0.0,791.3,385,40
동막교사거리,오리역 방면,직진,13,0.26,856.3,383,40
동막교사거리,오리역 방면,직진,14,0.0,852.6,387,40
동막교사거리,오리역 방면,직진,15,0.0,874.0,389,40
동막교사거리,오리역 방면,직진,16,0.0,922.9,389,40
동막교사거리,오리역 방면,직진,17,0.0,1012.5,388,40
동막교사거리,오리역 방면,직진,18,0.0,928.5,389,40
동막교사거리,오리역 방면,직진,19,0.0,730.9,388,40
동막교사거리,오리역 방면,직진,20,0.0,619.7,388,40
동막교사거리,오리역 방면,직진,21,0.0,612.4,389,40
동막교사거리,오리역 방면,직진,22,0.78,502.5,387,40
동막교사거리,오리역 방면,직진,23,0.52,374.8,385,40
미금역사거리,까치마을사거리 방면,우회전,0,7.58,36.0,330,40
미금역사거리,까치마을사거리 방면,우회전,1,1.54,31.7,325,40
미금역사거리,까치마을사거리 방면,우회전,2,1.34,21.9,299,40
미금역사거리,까치마을사거리 방면,우회전,3,0.41,15.4,245,40
미금역사거리,까치마을사거리 방면,우회전,4,0.0,12.8,168,40
미금역사거리,까치마을사거리 방면,우회전,5,4.95,14.7,222,40
미금역사거리,까치마을사거리 방면,우회전,6,14.19,27.3,296,40
미금역사거리,까치마을사거리 방면,우회전,7,10.71,46.2,308,40
미금역사거리,까치마을사거리 방면,우회전,8,11.31,60.4,336,40
미금역사거리,까치마을사거리 방면,우회전,9,14.2,68.7,338,40
미금역사거리,까치마을사거리 방면,우회전,10,14.62,74.4,342,40
미금역사거리,까치마을사거리 방면,우회전,11,17.25,76.3,342,40
미금역사거리,까치마을사거리 방면,우회전,12,13.69,69.9,336,40
미금역사거리,까치마을사거리 방면,우회전,13,13.31,66.4,338,40
미금역사거리,까치마을사거리 방면,우회전,14,15.38,73.5,338,40
미금역사거리,까치마을사거리 방면,우회전,15,19.4,74.5,335,40
미금역사거리,까치마을사거리 방면,우회전,16,19.69,70.8,325,40
미금역사거리,까치마을사거리 방면,우회전,17,28.48,64.4,323,40
미금역사거리,까치마을사거리 방면,우회전,18,36.66,56.2,311,40
미금역사거리,까치마을사거리 방면,우회전,19,21.32,48.1,319,40
미금역사거리,까치마을사거리 방면,우회전,20,25.0,44.0,328,40
미금역사거리,까치마을사거리 방면,우회전,21,22.49,45.6,338,40
미금역사거리,까치마을사거리 방면,우회전,22,18.81,42.5,335,40
미금역사거리,까치마을사거리 방면,우회전,23,16.47,41.4,340,40
미금역사거리,까치마을사거리 방면,좌회전,0,0.31,35.9,319,40
미금역사거리,까치마을사거리 방면,좌회전,1,0.33,23.9,302,40
미금역사거리,까치마을사거리 방면,좌회전,2,0.0,17.1,272,40
미금역사거리,까치마을사거리 방면,좌회전,3,0.39,14.7,257,40
미금역사거리,까치마을사거리 방면,좌회전,4,0.33,22.7,304,40
미금역사거리,까치마을사거리 방면,좌회전,5,0.32,48.5,315,40
미금역사거리,까치마을사거리 방면,좌회전,6,0.31,91.7,322,40
미금역사거리,까치마을사거리 방면,좌회전,7,0.31,186.3,321,40
미금역사거리,까치마을사거리 방면,좌회전,8,0.0,216.7,317,40
미금역사거리,까치마을사거리 방면,좌회전,9,0.0,199.1,322,40
미금역사거리,까치마을사거리 방면,좌회전,10,0.3,164.4,329,40
미금역사거리,까치마을사거리 방면,좌회전,11,0.91,156.0,328,40
미금역사거리,까치마을사거리 방면,좌회전,12,0.62,146.0,324,40
미금역사거리,까치마을사거리 방면,좌회전,13,1.54,144.9,325,40
미금역사거리,까치마을사거리 방면,좌회전,14,0.62,145.4,323,40
미금역사거리,까치마을사거리 방면,좌회전,15,1.85,148.2,324,40
미금역사거리,까치마을사거리 방면,좌회전,16,3.43,154.4,321,40
미금역사거리,까치마을사거리 방면,좌회전,17,2.18,149.6,321,40
미금역사거리,까치마을사거리 방면,좌회전,18,4.39,149.3,319,40
미금역사거리,까치마을사거리 방면,좌회전,19,0.93,145.7,324,40
미금역사거리,까치마을사거리 방면,좌회전,20,0.0,130.5,323,40
미금역사거리,까치마을사거리 방면,좌회전,21,0.31,120.0,325,40
미금역사거리,까치마을사거리 방면,좌회전,22,0.0,113.0,324,40
미금역사거리,까치마을사거리 방면,좌회전,23,0.0,61.9,324,40
미금역사거리,까치마을사거리 방면,직진,0,0.45,101.9,224,40
미금역사거리,까치마을사거리 방면,직진,1,0.45,58.9,220,40
미금역사거리,까치마을사거리 방면,직진,2,0.43,38.1,232,40
미금역사거리,까치마을사거리 방면,직진,3,0.5,41.5,201,40
미금역사거리,까치마을사거리 방면,직진,4,0.54,52.0,186,40
미금역사거리,까치마을사거리 방면,직진,5,0.69,165.3,144,40
미금역사거리,까치마을사거리 방면,직진,6,0.31,341.6,320,40
미금역사거리,까치마을사거리 방면,직진,7,0.29,529.5,339,40
미금역사거리,까치마을사거리 방면,직진,8,4.13,427.9,339,40
미금역사거리,까치마을사거리 방면,직진,9,0.3,498.3,332,40
미금역사거리,까치마을사거리 방면,직진,10,0.0,451.4,330,40
미금역사거리,까치마을사거리 방면,직진,11,2.37,464.0,338,40
미금역사거리,까치마을사거리 방면,직진,12,2.09,433.6,335,40
미금역사거리,까치마을사거리 방면,직진,13,1.82,408.2,330,40
미금역사거리,까치마을사거리 방면,직진,14,3.0,447.4,333,40
미금역사거리,까치마을사거리 방면,직진,15,9.2,464.8,337,40
미금역사거리,까치마을사거리 방면,직진,16,18.95,422.5,343,40
미금역사거리,까치마을사거리 방면,직진,17,46.51,317.3,344,40
미금역사거리,까치마을사거리 방면,직진,18,49.13,298.0,346,40
미금역사거리,까치마을사거리 방면,직진,19,3.02,335.8,331,40
미금역사거리,까치마을사거리 방면,직진,20,0.61,352.1,328,40
미금역사거리,까치마을사거리 방면,직진,21,0.0,334.6,324,40
미금역사거리,까치마을사거리 방면,직진,22,0.0,285.5,328,40
미금역사거리,까치마을사거리 방면,직진,23,0.0,150.9,327,40
미금역사거리,미금역 방면,우회전,0,0.0,52.2,457,40
미금역사거리,미금역 방면,우회전,1,0.0,35.7,448,40
미금역사거리,미금역 방면,우회전,2,0.0,24.6,413,40
미금역사거리,미금역 방면,우회전,3,0.0,17.8,371,40
미금역사거리,미금역 방면,우회전,4,0.25,19.1,403,40
미금역사거리,미금역 방면,우회전,5,0.0,47.9,441,40
미금역사거리,미금역 방면,우회전,6,0.0,123.4,464,40
미금역사거리,미금역 방면,우회전,7,0.43,234.5,462,40
미금역사거리,미금역 방면,우회전,8,2.25,233.8,444,40
미금역사거리,미금역 방면,우회전,9,0.86,241.3,466,40
미금역사거리,미금역 방면,우회전,10,1.28,182.8,467,40
미금역사거리,미금역 방면,우회전,11,1.07,167.8,467,40
미금역사거리,미금역 방면,우회전,12,1.29,165.8,466,40
미금역사거리,미금역 방면,우회전,13,1.51,177.0,464,40
미금역사거리,미금역 방면,우회전,14,2.16,179.8,464,40
미금역사거리,미금역 방면,우회전,15,4.09,181.1,465,40
미금역사거리,미금역 방면,우회전,16,5.38,193.0,465,40
미금역사거리,미금역 방면,우회전,17,4.17,208.5,432,40
미금역사거리,미금역 방면,우회전,18,5.2,187.2,423,40
미금역사거리,미금역 방면,우회전,19,4.76,167.8,462,40
미금역사거리,미금역 방면,우회전,20,2.15,154.1,465,40
미금역사거리,미금역 방면,우회전,21,1.93,157.7,466,40
미금역사거리,미금역 방면,우회전,22,0.22,126.8,464,40
미금역사거리,미금역 방면,우회전,23,0.0,84.0,464,40
미금역사거리,미금역 방면,좌회전,0,0.0,92.2,467,40
미금역사거리,미금역 방면,좌회전,1,0.0,60.3,467,40
미금역사거리,미금역 방면,좌회전,2,0.0,42.0,465,40
미금역사거리,미금역 방면,좌회전,3,0.0,34.2,464,40
미금역사거리,미금역 방면,좌회전,4,0.0,51.1,463,40
미금역사거리,미금역 방면,좌회전,5,0.0,147.1,467,40
미금역사거리,미금역 방면,좌회전,6,0.0,313.1,467,40
미금역사거리,미금역 방면,좌회전,7,0.0,376.7,467,40
미금역사거리,미금역 방면,좌회전,8,0.0,285.1,458,40
미금역사거리,미금역 방면,좌회전,9,0.0,382.4,467,40
미금역사거리,미금역 방면,좌회전,10,0.21,352.9,467,40
미금역사거리,미금역 방면,좌회전,11,0.21,351.4,467,40
미금역사거리,미금역 방면,좌회전,12,0.43,356.3,466,40
미금역사거리,미금역 방면,좌회전,13,0.22,354.4,464,40
미금역사거리,미금역 방면,좌회전,14,0.43,341.7,465,40
미금역사거리,미금역 방면,좌회전,15,0.64,333.9,466,40
미금역사거리,미금역 방면,좌회전,16,0.64,339.2,467,40
미금역사거리,미금역 방면,좌회전,17,2.82,301.6,426,40
미금역사거리,미금역 방면,좌회전,18,1.94,239.4,412,40
미금역사거리,미금역 방면,좌회전,19,1.94,253.5,464,40
미금역사거리,미금역 방면,좌회전,20,0.21,263.8,466,40
미금역사거리,미금역 방면,좌회전,21,0.0,267.0,466,40
미금역사거리,미금역 방면,좌회전,22,0.0,223.0,466,40
미금역사거리,미금역 방면,좌회전,23,0.0,145.7,466,40
미금역사거리,미금역 방면,직진,0,0.21,181.6,467,40
미금역사거리,미금역 방면,직진,1,0.21,145.4,466,40
미금역사거리,미금역 방면,직진,2,0.21,94.7,467,40
미금역사거리,미금역 방면,직진,3,0.21,69.9,467,40
미금역사거리,미금역 방면,직진,4,0.43,67.9,466,40
미금역사거리,미금역 방면,직진,5,0.43,145.2,467,40
미금역사거리,미금역 방면,직진,6,0.21,406.5,467,40
미금역사거리,미금역 방면,직진,7,0.21,890.9,467,40
미금역사거리,미금역 방면,직진,8,0.86,866.6,467,40
미금역사거리,미금역 방면,직진,9,0.21,838.5,467,40
미금역사거리,미금역 방면,직진,10,0.21,646.6,467,40
미금역사거리,미금역 방면,직진,11,0.64,573.6,467,40
미금역사거리,미금역 방면,직진,12,0.86,549.5,466,40
미금역사거리,미금역 방면,직진,13,1.08,576.1,464,40
미금역사거리,미금역 방면,직진,14,0.86,593.8,464,40
미금역사거리,미금역 방면,직진,15,1.07,587.1,466,40
미금역사거리,미금역 방면,직진,16,1.28,589.7,468,40
미금역사거리,미금역 방면,직진,17,9.19,592.9,468,40
미금역사거리,미금역 방면,직진,18,12.82,493.1,468,40
미금역사거리,미금역 방면,직진,19,0.21,433.4,467,40
미금역사거리,미금역 방면,직진,20,0.21,398.7,467,40
미금역사거리,미금역 방면,직진,21,0.0,449.9,466,40
미금역사거리,미금역 방면,직진,22,0.0,364.5,466,40
미금역사거리,미금역 방면,직진,23,0.21,297.2,466,40
미금역사거리,정자일로 방면,우회전,0,0.21,50.2,472,40
미금역사거리,정자일로 방면,우회전,1,0.22,31.1,455,40
미금역사거리,정자일로 방면,우회전,2,0.23,20.6,437,40
미금역사거리,정자일로 방면,우회전,3,0.0,15.4,349,40
미금역사거리,정자일로 방면,우회전,4,0.47,21.6,422,40
미금역사거리,정자일로 방면,우회전,5,0.21,41.1,470,40
미금역사거리,정자일로 방면,우회전,6,0.42,75.3,473,40
미금역사거리,정자일로 방면,우회전,7,0.84,124.9,477,40
미금역사거리,정자일로 방면,우회전,8,4.22,125.6,474,40
미금역사거리,정자일로 방면,우회전,9,7.55,143.1,477,40
미금역사거리,정자일로 방면,우회전,10,6.5,159.7,477,40
미금역사거리,정자일로 방면,우회전,11,5.24,161.9,477,40
미금역사거리,정자일로 방면,우회전,12,8.61,161.9,476,40
미금역사거리,정자일로 방면,우회전,13,10.95,168.3,475,40
미금역사거리,정자일로 방면,우회전,14,13.68,175.1,475,40
미금역사거리,정자일로 방면,우회전,15,15.37,182.1,475,40
미금역사거리,정자일로 방면,우회전,16,20.75,188.6,477,40
미금역사거리,정자일로 방면,우회전,17,26.62,202.0,477,40
미금역사거리,정자일로 방면,우회전,18,41.51,200.7,477,40
미금역사거리,정자일로 방면,우회전,19,42.23,180.3,476,40
미금역사거리,정자일로 방면,우회전,20,32.35,150.6,476,40
미금역사거리,정자일로 방면,우회전,21,22.11,130.8,475,40
미금역사거리,정자일로 방면,우회전,22,13.26,108.1,475,40
미금역사거리,정자일로 방면,우회전,23,2.32,81.0,475,40
미금역사거리,정자일로 방면,좌회전,0,0.0,75.8,473,40
미금역사거리,정자일로 방면,좌회전,1,0.0,52.9,474,40
미금역사거리,정자일로 방면,좌회전,2,0.21,32.9,471,40
미금역사거리,정자일로 방면,좌회전,3,0.0,23.4,462,40
미금역사거리,정자일로 방면,좌회전,4,0.0,30.4,470,40
미금역사거리,정자일로 방면,좌회전,5,0.21,52.9,475,40
미금역사거리,정자일로 방면,좌회전,6,0.21,144.9,476,40
미금역사거리,정자일로 방면,좌회전,7,0.21,326.0,477,40
미금역사거리,정자일로 방면,좌회전,8,0.0,416.5,477,40
미금역사거리,정자일로 방면,좌회전,9,0.0,399.9,477,40
미금역사거리,정자일로 방면,좌회전,10,0.0,324.4,477,40
미금역사거리,정자일로 방면,좌회전,11,0.0,277.2,477,40
미금역사거리,정자일로 방면,좌회전,12,0.0,256.6,476,40
미금역사거리,정자일로 방면,좌회전,13,0.0,290.3,475,40
미금역사거리,정자일로 방면,좌회전,14,0.0,306.0,475,40
미금역사거리,정자일로 방면,좌회전,15,0.21,321.1,475,40
미금역사거리,정자일로 방면,좌회전,16,0.0,308.2,477,40
미금역사거리,정자일로 방면,좌회전,17,4.19,265.6,477,40
미금역사거리,정자일로 방면,좌회전,18,3.77,217.6,477,40
미금역사거리,정자일로 방면,좌회전,19,0.0,239.0,477,40
미금역사거리,정자일로 방면,좌회전,20,0.21,203.3,477,40
미금역사거리,정자일로 방면,좌회전,21,0.0,198.6,477,40
미금역사거리,정자일로 방면,좌회전,22,0.0,145.0,477,40
미금역사거리,정자일로 방면,좌회전,23,0.0,113.6,476,40
미금역사거리,정자일로 방면,직진,0,0.0,85.6,474,40
미금역사거리,정자일로 방면,직진,1,0.0,62.4,475,40
미금역사거리,정자일로 방면,직진,2,0.21,39.6,474,40
미금역사거리,정자일로 방면,직진,3,0.42,33.9,473,40
미금역사거리,정자일로 방면,직진,4,0.21,47.3,474,40
미금역사거리,정자일로 방면,직진,5,0.0,91.5,477,40
미금역사거리,정자일로 방면,직진,6,0.21,263.5,477,40
미금역사거리,정자일로 방면,직진,7,0.21,390.4,477,40
미금역사거리,정자일로 방면,직진,8,0.21,559.5,477,40
미금역사거리,정자일로 방면,직진,9,0.0,544.6,477,40
미금역사거리,정자일로 방면,직진,10,0.0,532.9,477,40
미금역사거리,정자일로 방면,직진,11,0.0,449.1,477,40
미금역사거리,정자일로 방면,직진,12,0.0,477.7,476,40
미금역사거리,정자일로 방면,직진,13,0.0,547.7,475,40
미금역사거리,정자일로 방면,직진,14,0.0,546.2,475,40
미금역사거리,정자일로 방면,직진,15,0.42,530.9,475,40
미금역사거리,정자일로 방면,직진,16,0.21,538.2,477,40
미금역사거리,정자일로 방면,직진,17,2.31,561.9,477,40
미금역사거리,정자일로 방면,직진,18,3.35,538.9,477,40
미금역사거리,정자일로 방면,직진,19,0.0,469.6,477,40
미금역사거리,정자일로 방면,직진,20,0.21,402.2,477,40
미금역사거리,정자일로 방면,직진,21,0.0,377.9,477,40
미금역사거리,정자일로 방면,직진,22,0.0,265.4,477,40
미금역사거리,정자일로 방면,직진,23,0.0,140.4,477,40
미금역사거리,청송마을 사거리 방면,우회전,0,0.0,52.1,460,40
미금역사거리,청송마을 사거리 방면,우회전,1,0.0,28.8,458,40
미금역사거리,청송마을 사거리 방면,우회전,2,0.0,19.4,428,40
미금역사거리,청송마을 사거리 방면,우회전,3,0.0,15.5,393,40
미금역사거리,청송마을 사거리 방면,우회전,4,0.0,19.0,438,40
미금역사거리,청송마을 사거리 방면,우회전,5,0.0,42.4,461,40
미금역사거리,청송마을 사거리 방면,우회전,6,0.0,97.7,464,40
미금역사거리,청송마을 사거리 방면,우회전,7,0.0,160.8,477,40
미금역사거리,청송마을 사거리 방면,우회전,8,0.0,194.3,477,40
미금역사거리,청송마을 사거리 방면,우회전,9,0.0,187.6,470,40
미금역사거리,청송마을 사거리 방면,우회전,10,0.0,184.6,472,40
미금역사거리,청송마을 사거리 방면,우회전,11,0.21,193.5,474,40
미금역사거리,청송마을 사거리 방면,우회전,12,0.0,187.9,471,40
미금역사거리,청송마을 사거리 방면,우회전,13,0.0,180.2,472,40
미금역사거리,청송마을 사거리 방면,우회전,14,0.21,187.7,474,40
미금역사거리,청송마을 사거리 방면,우회전,15,0.21,202.1,474,40
미금역사거리,청송마을 사거리 방면,우회전,16,1.05,218.5,477,40
미금역사거리,청송마을 사거리 방면,우회전,17,4.82,235.4,477,40
미금역사거리,청송마을 사거리 방면,우회전,18,6.32,227.1,475,40
미금역사거리,청송마을 사거리 방면,우회전,19,0.0,194.9,475,40
미금역사거리,청송마을 사거리 방면,우회전,20,0.21,154.1,474,40
미금역사거리,청송마을 사거리 방면,우회전,21,0.0,140.1,474,40
미금역사거리,청송마을 사거리 방면,우회전,22,0.0,140.8,470,40
미금역사거리,청송마을 사거리 방면,우회전,23,0.22,80.1,463,40
미금역사거리,청송마을 사거리 방면,좌회전,0,0.0,21.8,377,40
미금역사거리,청송마을 사거리 방면,좌회전,1,0.31,16.3,319,40
미금역사거리,청송마을 사거리 방면,좌회전,2,0.0,12.7,216,40
미금역사거리,청송마을 사거리 방면,좌회전,3,0.0,11.7,87,40
미금역사거리,청송마을 사거리 방면,좌회전,4,0.0,11.4,15,40
미금역사거리,청송마을 사거리 방면,좌회전,5,0.0,13.6,254,40
미금역사거리,청송마을 사거리 방면,좌회전,6,0.27,19.8,370,40
미금역사거리,청송마을 사거리 방면,좌회전,7,0.0,37.9,389,40
미금역사거리,청송마을 사거리 방면,좌회전,8,0.0,76.6,390,40
미금역사거리,청송마을 사거리 방면,좌회전,9,0.0,85.1,391,40
미금역사거리,청송마을 사거리 방면,좌회전,10,0.0,87.5,394,40
미금역사거리,청송마을 사거리 방면,좌회전,11,0.0,90.3,394,40
미금역사거리,청송마을 사거리 방면,좌회전,12,0.0,90.2,390,40
미금역사거리,청송마을 사거리 방면,좌회전,13,0.0,88.8,388,40
미금역사거리,청송마을 사거리 방면,좌회전,14,0.0,98.3,389,40
미금역사거리,청송마을 사거리 방면,좌회전,15,0.0,98.2,390,40
미금역사거리,청송마을 사거리 방면,좌회전,16,0.0,96.5,393,40
미금역사거리,청송마을 사거리 방면,좌회전,17,0.0,95.2,392,40
미금역사거리,청송마을 사거리 방면,좌회전,18,0.0,85.7,392,40
미금역사거리,청송마을 사거리 방면,좌회전,19,0.0,80.8,392,40
미금역사거리,청송마을 사거리 방면,좌회전,20,0.0,58.1,390,40
미금역사거리,청송마을 사거리 방면,좌회전,21,0.0,56.8,389,40
미금역사거리,청송마을 사거리 방면,좌회전,22,0.0,45.6,388,40
미금역사거리,청송마을 사거리 방면,좌회전,23,0.0,30.7,389,40
미금역사거리,청송마을 사거리 방면,직진,0,0.21,177.0,474,40
미금역사거리,청송마을 사거리 방면,직진,1,1.27,102.5,472,40
미금역사거리,청송마을 사거리 방면,직진,2,0.85,71.0,469,40
미금역사거리,청송마을 사거리 방면,직진,3,0.65,55.0,464,40
미금역사거리,청송마을 사거리 방면,직진,4,1.52,56.9,462,40
미금역사거리,청송마을 사거리 방면,직진,5,0.43,116.3,468,40
미금역사거리,청송마을 사거리 방면,직진,6,0.0,267.3,477,40
미금역사거리,청송마을 사거리 방면,직진,7,0.0,574.2,477,40
미금역사거리,청송마을 사거리 방면,직진,8,0.0,801.4,477,40
미금역사거리,청송마을 사거리 방면,직진,9,0.0,647.0,477,40
미금역사거리,청송마을 사거리 방면,직진,10,0.0,617.0,477,40
미금역사거리,청송마을 사거리 방면,직진,11,0.0,601.9,477,40
미금역사거리,청송마을 사거리 방면,직진,12,0.0,588.4,476,40
미금역사거리,청송마을 사거리 방면,직진,13,0.21,585.5,475,40
미금역사거리,청송마을 사거리 방면,직진,14,0.0,602.5,475,40
미금역사거리,청송마을 사거리 방면,직진,15,0.21,646.1,475,40
미금역사거리,청송마을 사거리 방면,직진,16,1.26,697.4,477,40
미금역사거리,청송마을 사거리 방면,직진,17,3.35,766.3,477,40
미금역사거리,청송마을 사거리 방면,직진,18,9.22,774.5,477,40
미금역사거리,청송마을 사거리 방면,직진,19,0.21,756.3,477,40
미금역사거리,청송마을 사거리 방면,직진,20,0.42,589.3,477,40
미금역사거리,청송마을 사거리 방면,직진,21,0.0,501.3,477,40
미금역사거리,청송마을 사거리 방면,직진,22,0.0,528.3,477,40
미금역사거리,청송마을 사거리 방면,직진,23,0.0,295.1,476,40
오리삼거리,농수산물센터 방면,우회전,0,0.0,36.1,437,40
오리삼거리,농수산물센터 방면,우회전,1,0.0,25.1,419,40
오리삼거리,농수산물센터 방면,우회전,2,0.0,20.3,386,40
오리삼거리,농수산물센터 방면,우회전,3,0.0,14.8,310,40
오리삼거리,농수산물센터 방면,우회전,4,0.0,22.4,391,40
오리삼거리,농수산물센터 방면,우회전,5,0.0,54.3,428,40
오리삼거리,농수산물센터 방면,우회전,6,0.0,131.8,449,40
오리삼거리,농수산물센터 방면,우회전,7,0.0,282.1,470,40
오리삼거리,농수산물센터 방면,우회전,8,0.0,340.2,471,40
오리삼거리,농수산물센터 방면,우회전,9,0.0,287.2,471,40
오리삼거리,농수산물센터 방면,우회전,10,0.0,211.1,471,40
오리삼거리,농수산물센터 방면,우회전,11,0.0,175.9,472,40
오리삼거리,농수산물센터 방면,우회전,12,0.0,194.2,471,40
오리삼거리,농수산물센터 방면,우회전,13,0.0,220.1,469,40
오리삼거리,농수산물센터 방면,우회전,14,0.0,207.3,471,40
오리삼거리,농수산물센터 방면,우회전,15,0.0,201.8,471,40
오리삼거리,농수산물센터 방면,우회전,16,0.0,195.0,473,40
오리삼거리,농수산물센터 방면,우회전,17,0.0,204.2,472,40
오리삼거리,농수산물센터 방면,우회전,18,0.0,190.4,469,40
오리삼거리,농수산물센터 방면,우회전,19,0.0,155.8,468,40
오리삼거리,농수산물센터 방면,우회전,20,0.0,124.0,463,40
오리삼거리,농수산물센터 방면,우회전,21,0.0,106.1,461,40
오리삼거리,농수산물센터 방면,우회전,22,0.22,84.2,458,40
오리삼거리,농수산물센터 방면,우회전,23,0.0,52.9,449,40
오리삼거리,농수산물센터 방면,직진,0,0.0,189.4,460,40
오리삼거리,농수산물센터 방면,직진,1,0.22,138.6,453,40
오리삼거리,농수산물센터 방면,직진,2,0.44,90.2,452,40
오리삼거리,농수산물센터 방면,직진,3,0.22,71.7,451,40
오리삼거리,농수산물센터 방면,직진,4,0.22,95.6,455,40
오리삼거리,농수산물센터 방면,직진,5,0.0,204.6,459,40
오리삼거리,농수산물센터 방면,직진,6,0.0,589.1,468,40
오리삼거리,농수산물센터 방면,직진,7,0.64,1360.5,472,40
오리삼거리,농수산물센터 방면,직진,8,1.27,1426.8,472,40
오리삼거리,농수산물센터 방면,직진,9,0.0,1197.9,472,40
오리삼거리,농수산물센터 방면,직진,10,0.0,926.8,471,40
오리삼거리,농수산물센터 방면,직진,11,0.0,756.2,472,40
오리삼거리,농수산물센터 방면,직진,12,0.0,700.8,471,40
오리삼거리,농수산물센터 방면,직진,13,0.0,777.3,470,40
오리삼거리,농수산물센터 방면,직진,14,0.0,779.6,471,40
오리삼거리,농수산물센터 방면,직진,15,0.0,777.0,471,40
오리삼거리,농수산물센터 방면,직진,16,0.0,813.4,473,40
오리삼거리,농수산물센터 방면,직진,17,0.0,811.8,472,40
오리삼거리,농수산물센터 방면,직진,18,0.0,706.6,472,40
오리삼거리,농수산물센터 방면,직진,19,0.0,587.3,471,40
오리삼거리,농수산물센터 방면,직진,20,0.0,495.3,472,40
오리삼거리,농수산물센터 방면,직진,21,0.0,502.8,471,40
오리삼거리,농수산물센터 방면,직진,22,0.0,412.8,472,40
오리삼거리,농수산물센터 방면,직진,23,0.0,299.9,470,40
오리삼거리,오리교1사거리 방면,우회전,0,0.0,64.1,430,40
오리삼거리,오리교1사거리 방면,우회전,1,0.24,44.2,424,40
오리삼거리,오리교1사거리 방면,우회전,2,0.0,30.9,417,40
오리삼거리,오리교1사거리 방면,우회전,3,0.0,24.5,409,40
오리삼거리,오리교1사거리 방면,우회전,4,0.0,35.1,422,40
오리삼거리,오리교1사거리 방면,우회전,5,0.0,39.7,447,40
오리삼거리,오리교1사거리 방면,우회전,6,0.22,81.4,457,40
오리삼거리,오리교1사거리 방면,우회전,7,0.22,120.4,457,40
오리삼거리,오리교1사거리 방면,우회전,8,0.0,138.7,453,40
오리삼거리,오리교1사거리 방면,우회전,9,0.43,137.4,464,40
오리삼거리,오리교1사거리 방면,우회전,10,0.21,130.9,467,40
오리삼거리,오리교1사거리 방면,우회전,11,0.64,130.0,467,40
오리삼거리,오리교1사거리 방면,우회전,12,0.21,128.0,466,40
오리삼거리,오리교1사거리 방면,우회전,13,0.0,129.6,467,40
오리삼거리,오리교1사거리 방면,우회전,14,0.21,128.2,467,40
오리삼거리,오리교1사거리 방면,우회전,15,0.21,130.4,466,40
오리삼거리,오리교1사거리 방면,우회전,16,0.43,135.3,468,40
오리삼거리,오리교1사거리 방면,우회전,17,0.85,156.1,468,40
오리삼거리,오리교1사거리 방면,우회전,18,3.85,139.3,467,40
오리삼거리,오리교1사거리 방면,우회전,19,2.38,105.2,463,40
오리삼거리,오리교1사거리 방면,우회전,20,1.1,94.8,454,40
오리삼거리,오리교1사거리 방면,우회전,21,0.66,91.1,456,40
오리삼거리,오리교1사거리 방면,우회전,22,0.0,82.5,452,40
오리삼거리,오리교1사거리 방면,우회전,23,0.22,79.8,449,40
오리삼거리,오리교1사거리 방면,좌회전,0,0.0,40.9,464,40
오리삼거리,오리교1사거리 방면,좌회전,1,0.0,25.6,453,40
오리삼거리,오리교1사거리 방면,좌회전,2,0.0,17.2,396,40
오리삼거리,오리교1사거리 방면,좌회전,3,0.0,14.9,380,40
오리삼거리,오리교1사거리 방면,좌회전,4,0.0,18.3,420,40
오리삼거리,오리교1사거리 방면,좌회전,5,0.22,43.1,457,40
오리삼거리,오리교1사거리 방면,좌회전,6,0.21,104.5,467,40
오리삼거리,오리교1사거리 방면,좌회전,7,0.21,152.9,467,40
오리삼거리,오리교1사거리 방면,좌회전,8,0.21,179.3,467,40
오리삼거리,오리교1사거리 방면,좌회전,9,0.0,194.5,467,40
오리삼거리,오리교1사거리 방면,좌회전,10,0.0,216.5,467,40
오리삼거리,오리교1사거리 방면,좌회전,11,0.0,232.0,467,40
오리삼거리,오리교1사거리 방면,좌회전,12,0.0,213.1,466,40
오리삼거리,오리교1사거리 방면,좌회전,13,0.0,192.5,467,40
오리삼거리,오리교1사거리 방면,좌회전,14,0.0,213.8,467,40
오리삼거리,오리교1사거리 방면,좌회전,15,0.43,226.9,466,40
오리삼거리,오리교1사거리 방면,좌회전,16,0.64,237.9,468,40
오리삼거리,오리교1사거리 방면,좌회전,17,0.21,211.1,468,40
오리삼거리,오리교1사거리 방면,좌회전,18,1.28,155.8,467,40
오리삼거리,오리교1사거리 방면,좌회전,19,0.0,135.6,467,40
오리삼거리,오리교1사거리 방면,좌회전,20,0.0,135.7,467,40
오리삼거리,오리교1사거리 방면,좌회전,21,0.0,124.1,467,40
오리삼거리,오리교1사거리 방면,좌회전,22,0.0,97.8,467,40
오리삼거리,오리교1사거리 방면,좌회전,23,0.0,66.0,467,40
오리삼거리,오리역 방면,좌회전,0,2.91,21.7,103,40
오리삼거리,오리역 방면,좌회전,1,14.29,23.5,28,40
오리삼거리,오리역 방면,좌회전,2,4.76,20.3,21,40
오리삼거리,오리역 방면,좌회전,3,5.56,15.0,18,40
오리삼거리,오리역 방면,좌회전,4,0.38,14.9,264,40
오리삼거리,오리역 방면,좌회전,5,0.27,36.3,371,40
오리삼거리,오리역 방면,좌회전,6,0.0,50.0,368,40
오리삼거리,오리역 방면,좌회전,7,0.0,88.7,391,40
오리삼거리,오리역 방면,좌회전,8,0.26,107.6,391,40
오리삼거리,오리역 방면,좌회전,9,0.0,74.2,382,40
오리삼거리,오리역 방면,좌회전,10,0.0,68.7,385,40
오리삼거리,오리역 방면,좌회전,11,0.0,78.9,388,40
오리삼거리,오리역 방면,좌회전,12,0.0,87.6,391,40
오리삼거리,오리역 방면,좌회전,13,0.0,94.5,395,40
오리삼거리,오리역 방면,좌회전,14,0.0,105.4,396,40
오리삼거리,오리역 방면,좌회전,15,0.0,106.1,391,40
오리삼거리,오리역 방면,좌회전,16,0.0,96.8,385,40
오리삼거리,오리역 방면,좌회전,17,0.0,105.0,390,40
오리삼거리,오리역 방면,좌회전,18,0.26,100.6,389,40
오리삼거리,오리역 방면,좌회전,19,0.26,83.2,391,40
오리삼거리,오리역 방면,좌회전,20,0.26,57.8,383,40
오리삼거리,오리역 방면,좌회전,21,0.0,51.6,374,40
오리삼거리,오리역 방면,좌회전,22,0.0,45.4,371,40
오리삼거리,오리역 방면,좌회전,23,1.01,23.7,296,40
오리삼거리,오리역 방면,직진,0,0.44,210.6,455,40
오리삼거리,오리역 방면,직진,1,0.22,117.4,454,40
오리삼거리,오리역 방면,직진,2,0.0,72.7,452,40
오리삼거리,오리역 방면,직진,3,0.0,56.5,449,40
오리삼거리,오리역 방면,직진,4,0.22,63.3,450,40
오리삼거리,오리역 방면,직진,5,0.22,139.3,455,40
오리삼거리,오리역 방면,직진,6,0.66,355.4,454,40
오리삼거리,오리역 방면,직진,7,0.44,654.6,452,40
오리삼거리,오리역 방면,직진,8,1.99,794.4,452,40
오리삼거리,오리역 방면,직진,9,0.66,736.8,453,40
오리삼거리,오리역 방면,직진,10,0.44,749.4,453,40
오리삼거리,오리역 방면,직진,11,0.22,787.9,455,40
오리삼거리,오리역 방면,직진,12,1.1,807.7,454,40
오리삼거리,오리역 방면,직진,13,0.88,841.1,454,40
오리삼거리,오리역 방면,직진,14,3.96,874.1,454,40
오리삼거리,오리역 방면,직진,15,11.89,917.5,454,40
오리삼거리,오리역 방면,직진,16,13.38,998.1,456,40
오리삼거리,오리역 방면,직진,17,36.04,1064.9,455,40
오리삼거리,오리역 방면,직진,18,73.25,978.5,456,40
오리삼거리,오리역 방면,직진,19,21.1,939.3,455,40
오리삼거리,오리역 방면,직진,20,3.73,775.7,456,40
오리삼거리,오리역 방면,직진,21,1.97,673.1,456,40
오리삼거리,오리역 방면,직진,22,1.54,637.0,455,40
오리삼거리,오리역 방면,직진,23,1.1,354.7,455,40
동막교사거리,경기고속삼거리 방면,우회전,0,0.0,24.3,333,45
동막교사거리,경기고속삼거리 방면,우회전,1,0.0,15.3,269,45
동막교사거리,경기고속삼거리 방면,우회전,2,0.0,12.7,116,45
동막교사거리,경기고속삼거리 방면,우회전,3,0.0,11.8,111,45
동막교사거리,경기고속삼거리 방면,우회전,4,0.0,26.3,347,45
동막교사거리,경기고속삼거리 방면,우회전,5,0.0,53.6,360,45
동막교사거리,경기고속삼거리 방면,우회전,6,0.0,73.3,362,45
동막교사거리,경기고속삼거리 방면,우회전,7,0.0,104.1,376,45
동막교사거리,경기고속삼거리 방면,우회전,8,0.0,101.6,377,45
동막교사거리,경기고속삼거리 방면,우회전,9,0.0,100.9,380,45
동막교사거리,경기고속삼거리 방면,우회전,10,0.0,99.2,380,45
동막교사거리,경기고속삼거리 방면,우회전,11,0.0,104.9,380,45
동막교사거리,경기고속삼거리 방면,우회전,12,0.0,105.0,378,45
동막교사거리,경기고속삼거리 방면,우회전,13,0.0,115.0,376,45
동막교사거리,경기고속삼거리 방면,우회전,14,0.0,111.3,376,45
동막교사거리,경기고속삼거리 방면,우회전,15,0.0,107.1,377,45
동막교사거리,경기고속삼거리 방면,우회전,16,0.0,108.4,378,45
동막교사거리,경기고속삼거리 방면,우회전,17,0.0,118.0,373,45
동막교사거리,경기고속삼거리 방면,우회전,18,0.0,107.2,376,45
동막교사거리,경기고속삼거리 방면,우회전,19,0.0,92.4,374,45
동막교사거리,경기고속삼거리 방면,우회전,20,0.0,86.2,369,45
동막교사거리,경기고속삼거리 방면,우회전,21,0.0,79.9,371,45
동막교사거리,경기고속삼거리 방면,우회전,22,0.0,69.6,369,45
동막교사거리,경기고속삼거리 방면,우회전,23,0.0,39.5,360,45
동막교사거리,경기고속삼거리 방면,좌회전,0,0.0,26.4,335,45
동막교사거리,경기고속삼거리 방면,좌회전,1,0.0,14.4,248,45
동막교사거리,경기고속삼거리 방면,좌회전,2,0.0,12.1,100,45
동막교사거리,경기고속삼거리 방면,좌회전,3,0.0,11.0,45,45
동막교사거리,경기고속삼거리 방면,좌회전,4,0.0,12.7,182,45
동막교사거리,경기고속삼거리 방면,좌회전,5,0.0,20.7,326,45
동막교사거리,경기고속삼거리 방면,좌회전,6,0.0,54.6,358,45
동막교사거리,경기고속삼거리 방면,좌회전,7,0.0,99.4,376,45
동막교사거리,경기고속삼거리 방면,좌회전,8,0.26,120.7,379,45
동막교사거리,경기고속삼거리 방면,좌회전,9,0.0,127.7,380,45
동막교사거리,경기고속삼거리 방면,좌회전,10,0.0,122.8,380,45
동막교사거리,경기고속삼거리 방면,좌회전,11,0.0,133.9,380,45
동막교사거리,경기고속삼거리 방면,좌회전,12,0.0,137.0,379,45
동막교사거리,경기고속삼거리 방면,좌회전,13,0.0,140.8,377,45
동막교사거리,경기고속삼거리 방면,좌회전,14,0.0,149.2,377,45
동막교사거리,경기고속삼거리 방면,좌회전,15,0.0,150.0,379,45
동막교사거리,경기고속삼거리 방면,좌회전,16,0.0,162.4,378,45
동막교사거리,경기고속삼거리 방면,좌회전,17,0.0,174.9,379,45
동막교사거리,경기고속삼거리 방면,좌회전,18,0.0,141.0,377,45
동막교사거리,경기고속삼거리 방면,좌회전,19,0.0,108.3,368,45
동막교사거리,경기고속삼거리 방면,좌회전,20,0.0,87.1,366,45
동막교사거리,경기고속삼거리 방면,좌회전,21,0.0,81.0,363,45
동막교사거리,경기고속삼거리 방면,좌회전,22,0.0,64.8,359,45
동막교사거리,경기고속삼거리 방면,좌회전,23,0.0,45.7,355,45
동막교사거리,경기고속삼거리 방면,직진,0,0.0,28.1,336,45
동막교사거리,경기고속삼거리 방면,직진,1,0.0,16.3,284,45
동막교사거리,경기고속삼거리 방면,직진,2,0.0,12.9,144,45
동막교사거리,경기고속삼거리 방면,직진,3,0.0,12.1,62,45
동막교사거리,경기고속삼거리 방면,직진,4,0.0,13.6,244,45
동막교사거리,경기고속삼거리 방면,직진,5,0.0,32.6,345,45
동막교사거리,경기고속삼거리 방면,직진,6,0.0,62.9,357,45
동막교사거리,경기고속삼거리 방면,직진,7,0.0,108.2,377,45
동막교사거리,경기고속삼거리 방면,직진,8,0.0,150.1,381,45
동막교사거리,경기고속삼거리 방면,직진,9,0.0,108.8,380,45
동막교사거리,경기고속삼거리 방면,직진,10,0.0,112.5,381,45
동막교사거리,경기고속삼거리 방면,직진,11,0.26,123.5,382,45
동막교사거리,경기고속삼거리 방면,직진,12,0.0,127.1,380,45
동막교사거리,경기고속삼거리 방면,직진,13,0.0,136.4,378,45
동막교사거리,경기고속삼거리 방면,직진,14,0.0,146.1,376,45
동막교사거리,경기고속삼거리 방면,직진,15,0.0,166.7,377,45
동막교사거리,경기고속삼거리 방면,직진,16,0.0,181.0,381,45
동막교사거리,경기고속삼거리 방면,직진,17,0.0,204.0,383,45
동막교사거리,경기고속삼거리 방면,직진,18,0.26,184.8,382,45
동막교사거리,경기고속삼거리 방면,직진,19,0.0,160.9,374,45
동막교사거리,경기고속삼거리 방면,직진,20,0.0,125.8,373,45
동막교사거리,경기고속삼거리 방면,직진,21,0.0,111.3,365,45
동막교사거리,경기고속삼거리 방면,직진,22,0.0,95.1,361,45
동막교사거리,경기고속삼거리 방면,직진,23,0.0,57.9,357,45
동막교사거리,동막교삼거리 방면,우회전,0,0.0,18.4,356,45
동막교사거리,동막교삼거리 방면,우회전,1,0.0,13.7,276,45
동막교사거리,동막교삼거리 방면,우회전,2,0.0,11.1,65,45
동막교사거리,동막교삼거리 방면,우회전,3,0.0,12.0,171,45
동막교사거리,동막교삼거리 방면,우회전,4,0.0,19.6,355,45
동막교사거리,동막교삼거리 방면,우회전,5,0.0,43.6,371,45
동막교사거리,동막교삼거리 방면,우회전,6,0.0,70.6,371,45
동막교사거리,동막교삼거리 방면,우회전,7,0.0,123.0,376,45
동막교사거리,동막교삼거리 방면,우회전,8,0.0,224.0,381,45
동막교사거리,동막교삼거리 방면,우회전,9,0.0,228.6,380,45
동막교사거리,동막교삼거리 방면,우회전,10,0.0,221.9,380,45
동막교사거리,동막교삼거리 방면,우회전,11,0.0,205.0,379,45
동막교사거리,동막교삼거리 방면,우회전,12,0.0,211.5,380,45
동막교사거리,동막교삼거리 방면,우회전,13,0.0,222.8,379,45
동막교사거리,동막교삼거리 방면,우회전,14,0.0,213.2,381,45
동막교사거리,동막교삼거리 방면,우회전,15,0.0,214.7,382,45
동막교사거리,동막교삼거리 방면,우회전,16,0.0,223.8,383,45
동막교사거리,동막교삼거리 방면,우회전,17,0.26,232.0,382,45
동막교사거리,동막교삼거리 방면,우회전,18,0.26,227.5,381,45
동막교사거리,동막교삼거리 방면,우회전,19,0.0,163.5,377,45
동막교사거리,동막교삼거리 방면,우회전,20,0.0,116.0,373,45
동막교사거리,동막교삼거리 방면,우회전,21,0.0,88.9,371,45
동막교사거리,동막교삼거리 방면,우회전,22,0.0,62.0,372,45
동막교사거리,동막교삼거리 방면,우회전,23,0.0,35.1,370,45
동막교사거리,동막교삼거리 방면,좌회전,0,0.0,29.8,363,45
동막교사거리,동막교삼거리 방면,좌회전,1,0.0,20.4,333,45
동막교사거리,동막교삼거리 방면,좌회전,2,0.0,14.6,248,45
동막교사거리,동막교삼거리 방면,좌회전,3,0.0,11.8,130,45
동막교사거리,동막교삼거리 방면,좌회전,4,0.0,12.8,204,45
동막교사거리,동막교삼거리 방면,좌회전,5,0.0,29.9,365,45
동막교사거리,동막교삼거리 방면,좌회전,6,0.0,56.1,367,45
동막교사거리,동막교삼거리 방면,좌회전,7,0.0,123.7,378,45
동막교사거리,동막교삼거리 방면,좌회전,8,0.0,176.7,380,45
동막교사거리,동막교삼거리 방면,좌회전,9,0.0,126.7,380,45
동막교사거리,동막교삼거리 방면,좌회전,10,0.0,117.1,380,45
동막교사거리,동막교삼거리 방면,좌회전,11,0.0,117.1,379,45
동막교사거리,동막교삼거리 방면,좌회전,12,0.0,122.5,379,45
동막교사거리,동막교삼거리 방면,좌회전,13,0.0,132.4,376,45
동막교사거리,동막교삼거리 방면,좌회전,14,0.0,139.3,378,45
동막교사거리,동막교삼거리 방면,좌회전,15,0.0,155.2,384,45
동막교사거리,동막교삼거리 방면,좌회전,16,0.0,176.3,381,45
동막교사거리,동막교삼거리 방면,좌회전,17,0.0,204.2,383,45
동막교사거리,동막교삼거리 방면,좌회전,18,0.0,215.3,378,45
동막교사거리,동막교삼거리 방면,좌회전,19,0.0,183.2,377,45
동막교사거리,동막교삼거리 방면,좌회전,20,0.0,122.5,376,45
동막교사거리,동막교삼거리 방면,좌회전,21,0.0,101.9,377,45
동막교사거리,동막교삼거리 방면,좌회전,22,0.0,103.1,371,45
동막교사거리,동막교삼거리 방면,좌회전,23,0.0,51.8,371,45
동막교사거리,동막교삼거리 방면,직진,0,0.0,231.6,378,45
동막교사거리,동막교삼거리 방면,직진,1,0.0,133.3,375,45
동막교사거리,동막교삼거리 방면,직진,2,0.0,87.5,372,45
동막교사거리,동막교삼거리 방면,직진,3,0.27,68.5,372,45
동막교사거리,동막교삼거리 방면,직진,4,0.0,74.6,374,45
동막교사거리,동막교삼거리 방면,직진,5,0.0,162.3,376,45
동막교사거리,동막교삼거리 방면,직진,6,0.0,417.8,380,45
동막교사거리,동막교삼거리 방면,직진,7,0.0,826.0,381,45
동막교사거리,동막교삼거리 방면,직진,8,0.0,1056.3,382,45
동막교사거리,동막교삼거리 방면,직진,9,0.0,930.7,381,45
동막교사거리,동막교삼거리 방면,직진,10,0.0,907.3,383,45
동막교사거리,동막교삼거리 방면,직진,11,0.0,922.8,382,45
동막교사거리,동막교삼거리 방면,직진,12,0.0,942.5,380,45
동막교사거리,동막교삼거리 방면,직진,13,0.0,946.7,382,45
동막교사거리,동막교삼거리 방면,직진,14,0.0,978.9,383,45
동막교사거리,동막교삼거리 방면,직진,15,0.0,1039.9,384,45
동막교사거리,동막교삼거리 방면,직진,16,0.26,1105.0,384,45
동막교사거리,동막교삼거리 방면,직진,17,0.52,1195.1,384,45
동막교사거리,동막교삼거리 방면,직진,18,4.17,1162.7,384,45
동막교사거리,동막교삼거리 방면,직진,19,0.78,1079.9,385,45
동막교사거리,동막교삼거리 방면,직진,20,0.0,841.4,384,45
동막교사거리,동막교삼거리 방면,직진,21,0.0,699.7,386,45
동막교사거리,동막교삼거리 방면,직진,22,0.0,684.1,382,45
동막교사거리,동막교삼거리 방면,직진,23,0.26,384.6,383,45
동막교사거리,오리공원 방면,우회전,0,0.0,17.1,254,45
동막교사거리,오리공원 방면,우회전,1,0.0,14.0,183,45
동막교사거리,오리공원 방면,우회전,2,0.0,12.8,88,45
동막교사거리,오리공원 방면,우회전,3,0.0,12.0,81,45
동막교사거리,오리공원 방면,우회전,4,0.0,16.9,261,45
동막교사거리,오리공원 방면,우회전,5,0.0,34.6,357,45
동막교사거리,오리공원 방면,우회전,6,0.0,91.0,375,45
동막교사거리,오리공원 방면,우회전,7,0.0,257.0,387,45
동막교사거리,오리공원 방면,우회전,8,0.26,264.3,387,45
동막교사거리,오리공원 방면,우회전,9,0.0,197.1,385,45
동막교사거리,오리공원 방면,우회전,10,0.0,138.5,384,45
동막교사거리,오리공원 방면,우회전,11,0.0,110.5,382,45
동막교사거리,오리공원 방면,우회전,12,0.0,102.5,381,45
동막교사거리,오리공원 방면,우회전,13,0.0,114.5,378,45
동막교사거리,오리공원 방면,우회전,14,0.0,119.3,381,45
동막교사거리,오리공원 방면,우회전,15,0.0,126.3,380,45
동막교사거리,오리공원 방면,우회전,16,0.0,134.0,382,45
동막교사거리,오리공원 방면,우회전,17,0.26,142.0,383,45
동막교사거리,오리공원 방면,우회전,18,0.0,130.2,382,45
동막교사거리,오리공원 방면,우회전,19,0.0,77.1,381,45
동막교사거리,오리공원 방면,우회전,20,0.0,49.1,379,45
동막교사거리,오리공원 방면,우회전,21,0.0,56.4,378,45
동막교사거리,오리공원 방면,우회전,22,0.0,34.3,374,45
동막교사거리,오리공원 방면,우회전,23,0.0,24.6,349,45
동막교사거리,오리공원 방면,좌회전,8,0.0,10.3,3,45
동막교사거리,오리공원 방면,좌회전,9,0.0,11.4,8,45
동막교사거리,오리공원 방면,좌회전,10,0.0,11.7,7,45
동막교사거리,오리공원 방면,좌회전,11,0.0,11.0,8,45
동막교사거리,오리공원 방면,좌회전,12,0.0,10.3,13,45
동막교사거리,오리공원 방면,좌회전,13,0.0,10.5,14,45
동막교사거리,오리공원 방면,좌회전,14,0.0,10.6,12,45
동막교사거리,오리공원 방면,좌회전,15,0.0,12.3,16,45
동막교사거리,오리공원 방면,좌회전,16,0.0,11.4,12,45
동막교사거리,오리공원 방면,좌회전,17,0.0,10.9,14,45
동막교사거리,오리공원 방면,좌회전,18,0.0,12.7,56,45
동막교사거리,오리공원 방면,좌회전,19,0.0,11.3,3,45
동막교사거리,오리공원 방면,좌회전,20,0.0,10.5,2,45
동막교사거리,오리공원 방면,직진,0,0.0,14.4,177,45
동막교사거리,오리공원 방면,직진,1,0.0,11.5,52,45
동막교사거리,오리공원 방면,직진,2,0.0,11.0,38,45
동막교사거리,오리공원 방면,직진,3,0.0,11.9,82,45
동막교사거리,오리공원 방면,직진,4,0.0,16.7,276,45
동막교사거리,오리공원 방면,직진,5,0.0,55.7,362,45
동막교사거리,오리공원 방면,직진,6,0.0,100.9,361,45
동막교사거리,오리공원 방면,직진,7,0.0,104.4,356,45
동막교사거리,오리공원 방면,직진,8,0.0,120.2,360,45
동막교사거리,오리공원 방면,직진,9,0.0,101.2,376,45
동막교사거리,오리공원 방면,직진,10,0.0,85.6,379,45
동막교사거리,오리공원 방면,직진,11,0.0,70.8,381,45
동막교사거리,오리공원 방면,직진,12,0.0,71.9,380,45
동막교사거리,오리공원 방면,직진,13,0.0,76.0,377,45
동막교사거리,오리공원 방면,직진,14,0.0,74.7,379,45
동막교사거리,오리공원 방면,직진,15,0.0,78.9,379,45
동막교사거리,오리공원 방면,직진,16,0.0,91.4,373,45
동막교사거리,오리공원 방면,직진,17,0.0,95.9,376,45
동막교사거리,오리공원 방면,직진,18,0.0,98.6,381,45
동막교사거리,오리공원 방면,직진,19,0.0,56.3,380,45
동막교사거리,오리공원 방면,직진,20,0.0,44.0,379,45
동막교사거리,오리공원 방면,직진,21,0.0,40.2,378,45
동막교사거리,오리공원 방면,직진,22,0.0,27.0,363,45
동막교사거리,오리공원 방면,직진,23,0.0,17.6,290,45
동막교사거리,오리역 방면,우회전,0,0.0,10.7,3,45
동막교사거리,오리역 방면,우회전,6,0.0,10.5,8,45
동막교사거리,오리역 방면,우회전,7,0.0,11.4,126,45
동막교사거리,오리역 방면,우회전,8,0.0,14.2,295,45
동막교사거리,오리역 방면,우회전,9,0.0,13.2,268,45
동막교사거리,오리역 방면,우회전,10,0.0,12.8,266,45
동막교사거리,오리역 방면,우회전,11,0.0,12.5,222,45
동막교사거리,오리역 방면,우회전,12,0.0,12.7,211,45
동막교사거리,오리역 방면,우회전,13,0.0,13.6,285,45
동막교사거리,오리역 방면,우회전,14,0.0,12.9,216,45
동막교사거리,오리역 방면,우회전,15,0.0,12.2,164,45
동막교사거리,오리역 방면,우회전,16,0.0,11.6,136,45
동막교사거리,오리역 방면,우회전,17,0.0,12.2,166,45
동막교사거리,오리역 방면,우회전,18,0.0,13.5,259,45
동막교사거리,오리역 방면,우회전,19,0.0,12.6,209,45
동막교사거리,오리역 방면,우회전,20,0.0,10.8,43,45
동막교사거리,오리역 방면,우회전,21,0.0,10.8,28,45
동막교사거리,오리역 방면,우회전,22,0.0,10.8,22,45
동막교사거리,오리역 방면,우회전,23,0.0,10.8,5,45
동막교사거리,오리역 방면,좌회전,0,0.0,20.6,352,45
동막교사거리,오리역 방면,좌회전,1,0.0,16.0,292,45
동막교사거리,오리역 방면,좌회전,2,0.0,12.9,170,45
동막교사거리,오리역 방면,좌회전,3,0.0,11.7,59,45
동막교사거리,오리역 방면,좌회전,4,0.0,12.0,182,45
동막교사거리,오리역 방면,좌회전,5,0.0,15.9,338,45
동막교사거리,오리역 방면,좌회전,6,0.0,29.8,376,45
동막교사거리,오리역 방면,좌회전,7,0.0,43.2,377,45
동막교사거리,오리역 방면,좌회전,8,0.0,79.9,381,45
동막교사거리,오리역 방면,좌회전,9,0.0,82.4,382,45
동막교사거리,오리역 방면,좌회전,10,0.0,75.6,383,45
동막교사거리,오리역 방면,좌회전,11,0.0,66.7,383,45
동막교사거리,오리역 방면,좌회전,12,0.0,66.8,381,45
동막교사거리,오리역 방면,좌회전,13,0.0,73.7,378,45
동막교사거리,오리역 방면,좌회전,14,0.0,67.5,380,45
동막교사거리,오리역 방면,좌회전,15,0.0,73.9,380,45
동막교사거리,오리역 방면,좌회전,16,0.0,76.5,382,45
동막교사거리,오리역 방면,좌회전,17,0.0,85.8,383,45
동막교사거리,오리역 방면,좌회전,18,0.0,83.6,383,45
동막교사거리,오리역 방면,좌회전,19,0.0,57.8,382,45
동막교사거리,오리역 방면,좌회전,20,0.0,54.3,380,45
동막교사거리,오리역 방면,좌회전,21,0.0,45.5,381,45
동막교사거리,오리역 방면,좌회전,22,0.0,38.8,380,45
동막교사거리,오리역 방면,좌회전,23,0.0,29.1,377,45
동막교사거리,오리역 방면,직진,0,0.0,245.7,382,45
동막교사거리,오리역 방면,직진,1,0.0,187.3,382,45
동막교사거리,오리역 방면,직진,2,0.0,127.0,381,45
동막교사거리,오리역 방면,직진,3,0.0,91.9,381,45
동막교사거리,오리역 방면,직진,4,0.0,94.2,384,45
동막교사거리,오리역 방면,직진,5,0.0,215.2,385,45
동막교사거리,오리역 방면,직진,6,0.0,553.0,387,45
동막교사거리,오리역 방면,직진,7,0.0,1315.7,391,45
동막교사거리,오리역 방면,직진,8,0.0,1380.5,391,45
동막교사거리,오리역 방면,직진,9,0.0,1196.3,389,45
동막교사거리,오리역 방면,직진,10,0.0,934.1,389,45
동막교사거리,오리역 방면,직진,11,0.0,822.8,388,45
동막교사거리,오리역 방면,직진,12,0.0,791.3,385,45
동막교사거리,오리역 방면,직진,13,0.0,856.3,383,45
동막교사거리,오리역 방면,직진,14,0.0,852.6,387,45
동막교사거리,오리역 방면,직진,15,0.0,874.0,389,45
동막교사거리,오리역 방면,직진,16,0.0,922.9,389,45
동막교사거리,오리역 방면,직진,17,0.0,1012.5,388,45
동막교사거리,오리역 방면,직진,18,0.0,928.5,389,45
동막교사거리,오리역 방면,직진,19,0.0,730.9,388,45
동막교사거리,오리역 방면,직진,20,0.0,619.7,388,45
동막교사거리,오리역 방면,직진,21,0.0,612.4,389,45
동막교사거리,오리역 방면,직진,22,0.78,502.5,387,45
동막교사거리,오리역 방면,직진,23,0.26,374.8,385,45
미금역사거리,까치마을사거리 방면,우회전,0,1.52,36.0,330,45
미금역사거리,까치마을사거리 방면,우회전,1,0.62,31.7,325,45
미금역사거리,까치마을사거리 방면,우회전,2,1.0,21.9,299,45
미금역사거리,까치마을사거리 방면,우회전,3,0.0,15.4,245,45
미금역사거리,까치마을사거리 방면,우회전,4,0.0,12.8,168,45
미금역사거리,까치마을사거리 방면,우회전,5,1.35,14.7,222,45
미금역사거리,까치마을사거리 방면,우회전,6,8.45,27.3,296,45
미금역사거리,까치마을사거리 방면,우회전,7,5.19,46.2,308,45
미금역사거리,까치마을사거리 방면,우회전,8,4.17,60.4,336,45
미금역사거리,까치마을사거리 방면,우회전,9,7.1,68.7,338,45
미금역사거리,까치마을사거리 방면,우회전,10,8.19,74.4,342,45
미금역사거리,까치마을사거리 방면,우회전,11,9.36,76.3,342,45
미금역사거리,까치마을사거리 방면,우회전,12,7.74,69.9,336,45
미금역사거리,까치마을사거리 방면,우회전,13,7.1,66.4,338,45
미금역사거리,까치마을사거리 방면,우회전,14,10.36,73.5,338,45
미금역사거리,까치마을사거리 방면,우회전,15,12.24,74.5,335,45
미금역사거리,까치마을사거리 방면,우회전,16,12.31,70.8,325,45
미금역사거리,까치마을사거리 방면,우회전,17,13.0,64.4,323,45
미금역사거리,까치마을사거리 방면,우회전,18,16.4,56.2,311,45
미금역사거리,까치마을사거리 방면,우회전,19,11.29,48.1,319,45
미금역사거리,까치마을사거리 방면,우회전,20,13.11,44.0,328,45
미금역사거리,까치마을사거리 방면,우회전,21,9.76,45.6,338,45
미금역사거리,까치마을사거리 방면,우회전,22,9.85,42.5,335,45
미금역사거리,까치마을사거리 방면,우회전,23,7.94,41.4,340,45
미금역사거리,까치마을사거리 방면,좌회전,0,0.0,35.9,319,45
미금역사거리,까치마을사거리 방면,좌회전,1,0.0,23.9,302,45
미금역사거리,까치마을사거리 방면,좌회전,2,0.0,17.1,272,45
미금역사거리,까치마을사거리 방면,좌회전,3,0.39,14.7,257,45
미금역사거리,까치마을사거리 방면,좌회전,4,0.33,22.7,304,45
미금역사거리,까치마을사거리 방면,좌회전,5,0.0,48.5,315,45
미금역사거리,까치마을사거리 방면,좌회전,6,0.31,91.7,322,45
미금역사거리,까치마을사거리 방면,좌회전,7,0.0,186.3,321,45
미금역사거리,까치마을사거리 방면,좌회전,8,0.0,216.7,317,45
미금역사거리,까치마을사거리 방면,좌회전,9,0.0,199.1,322,45
미금역사거리,까치마을사거리 방면,좌회전,10,0.0,164.4,329,45
미금역사거리,까치마을사거리 방면,좌회전,11,0.61,156.0,328,45
미금역사거리,까치마을사거리 방면,좌회전,12,0.62,146.0,324,45
미금역사거리,까치마을사거리 방면,좌회전,13,0.62,144.9,325,45
미금역사거리,까치마을사거리 방면,좌회전,14,0.62,145.4,323,45
미금역사거리,까치마을사거리 방면,좌회전,15,0.93,148.2,324,45
미금역사거리,까치마을사거리 방면,좌회전,16,2.49,154.4,321,45
미금역사거리,까치마을사거리 방면,좌회전,17,1.56,149.6,321,45
미금역사거리,까치마을사거리 방면,좌회전,18,2.51,149.3,319,45
미금역사거리,까치마을사거리 방면,좌회전,19,0.62,145.7,324,45
미금역사거리,까치마을사거리 방면,좌회전,20,0.0,130.5,323,45
미금역사거리,까치마을사거리 방면,좌회전,21,0.0,120.0,325,45
미금역사거리,까치마을사거리 방면,좌회전,22,0.0,113.0,324,45
미금역사거리,까치마을사거리 방면,좌회전,23,0.0,61.9,324,45
미금역사거리,까치마을사거리 방면,직진,0,0.45,101.9,224,45
미금역사거리,까치마을사거리 방면,직진,1,0.45,58.9,220,45
미금역사거리,까치마을사거리 방면,직진,2,0.43,38.1,232,45
미금역사거리,까치마을사거리 방면,직진,3,0.5,41.5,201,45
미금역사거리,까치마을사거리 방면,직진,4,0.54,52.0,186,45
미금역사거리,까치마을사거리 방면,직진,5,0.69,165.3,144,45
미금역사거리,까치마을사거리 방면,직진,6,0.31,341.6,320,45
미금역사거리,까치마을사거리 방면,직진,7,0.29,529.5,339,45
미금역사거리,까치마을사거리 방면,직진,8,2.36,427.9,339,45
미금역사거리,까치마을사거리 방면,직진,9,0.0,498.3,332,45
미금역사거리,까치마을사거리 방면,직진,10,0.0,451.4,330,45
미금역사거리,까치마을사거리 방면,직진,11,1.78,464.0,338,45
미금역사거리,까치마을사거리 방면,직진,12,0.3,433.6,335,45
미금역사거리,까치마을사거리 방면,직진,13,0.61,408.2,330,45
미금역사거리,까치마을사거리 방면,직진,14,1.5,447.4,333,45
미금역사거리,까치마을사거리 방면,직진,15,5.93,464.8,337,45
미금역사거리,까치마을사거리 방면,직진,16,10.5,422.5,343,45
미금역사거리,까치마을사거리 방면,직진,17,38.95,317.3,344,45
미금역사거리,까치마을사거리 방면,직진,18,38.44,298.0,346,45
미금역사거리,까치마을사거리 방면,직진,19,2.11,335.8,331,45
미금역사거리,까치마을사거리 방면,직진,20,0.3,352.1,328,45
미금역사거리,까치마을사거리 방면,직진,21,0.0,334.6,324,45
미금역사거리,까치마을사거리 방면,직진,22,0.0,285.5,328,45
미금역사거리,까치마을사거리 방면,직진,23,0.0,150.9,327,45
미금역사거리,미금역 방면,우회전,0,0.0,52.2,457,45
미금역사거리,미금역 방면,우회전,1,0.0,35.7,448,45
미금역사거리,미금역 방면,우회전,2,0.0,24.6,413,45
미금역사거리,미금역 방면,우회전,3,0.0,17.8,371,45
미금역사거리,미금역 방면,우회전,4,0.0,19.1,403,45
미금역사거리,미금역 방면,우회전,5,0.0,47.9,441,45
미금역사거리,미금역 방면,우회전,6,0.0,123.4,464,45
미금역사거리,미금역 방면,우회전,7,0.0,234.5,462,45
미금역사거리,미금역 방면,우회전,8,1.8,233.8,444,45
미금역사거리,미금역 방면,우회전,9,0.21,241.3,466,45
미금역사거리,미금역 방면,우회전,10,0.64,182.8,467,45
미금역사거리,미금역 방면,우회전,11,0.43,167.8,467,45
미금역사거리,미금역 방면,우회전,12,0.64,165.8,466,45
미금역사거리,미금역 방면,우회전,13,0.43,177.0,464,45
미금역사거리,미금역 방면,우회전,14,1.08,179.8,464,45
미금역사거리,미금역 방면,우회전,15,2.58,181.1,465,45
미금역사거리,미금역 방면,우회전,16,3.01,193.0,465,45
미금역사거리,미금역 방면,우회전,17,2.55,208.5,432,45
미금역사거리,미금역 방면,우회전,18,2.84,187.2,423,45
미금역사거리,미금역 방면,우회전,19,2.81,167.8,462,45
미금역사거리,미금역 방면,우회전,20,0.43,154.1,465,45
미금역사거리,미금역 방면,우회전,21,1.29,157.7,466,45
미금역사거리,미금역 방면,우회전,22,0.0,126.8,464,45
미금역사거리,미금역 방면,우회전,23,0.0,84.0,464,45
미금역사거리,미금역 방면,좌회전,0,0.0,92.2,467,45
미금역사거리,미금역 방면,좌회전,1,0.0,60.3,467,45
미금역사거리,미금역 방면,좌회전,2,0.0,42.0,465,45
미금역사거리,미금역 방면,좌회전,3,0.0,34.2,464,45
미금역사거리,미금역 방면,좌회전,4,0.0,51.1,463,45
미금역사거리,미금역 방면,좌회전,5,0.0,147.1,467,45
미금역사거리,미금역 방면,좌회전,6,0.0,313.1,467,45
미금역사거리,미금역 방면,좌회전,7,0.0,376.7,467,45
미금역사거리,미금역 방면,좌회전,8,0.0,285.1,458,45
미금역사거리,미금역 방면,좌회전,9,0.0,382.4,467,45
미금역사거리,미금역 방면,좌회전,10,0.21,352.9,467,45
미금역사거리,미금역 방면,좌회전,11,0.0,351.4,467,45
미금역사거리,미금역 방면,좌회전,12,0.43,356.3,466,45
미금역사거리,미금역 방면,좌회전,13,0.22,354.4,464,45
미금역사거리,미금역 방면,좌회전,14,0.43,341.7,465,45
미금역사거리,미금역 방면,좌회전,15,0.64,333.9,466,45
미금역사거리,미금역 방면,좌회전,16,0.43,339.2,467,45
미금역사거리,미금역 방면,좌회전,17,2.11,301.6,426,45
미금역사거리,미금역 방면,좌회전,18,1.7,239.4,412,45
미금역사거리,미금역 방면,좌회전,19,0.86,253.5,464,45
미금역사거리,미금역 방면,좌회전,20,0.0,263.8,466,45
미금역사거리,미금역 방면,좌회전,21,0.0,267.0,466,45
미금역사거리,미금역 방면,좌회전,22,0.0,223.0,466,45
미금역사거리,미금역 방면,좌회전,23,0.0,145.7,466,45
미금역사거리,미금역 방면,직진,0,0.21,181.6,467,45
미금역사거리,미금역 방면,직진,1,0.21,145.4,466,45
미금역사거리,미금역 방면,직진,2,0.21,94.7,467,45
미금역사거리,미금역 방면,직진,3,0.21,69.9,467,45
미금역사거리,미금역 방면,직진,4,0.21,67.9,466,45
미금역사거리,미금역 방면,직진,5,0.21,145.2,467,45
미금역사거리,미금역 방면,직진,6,0.21,406.5,467,45
미금역사거리,미금역 방면,직진,7,0.21,890.9,467,45
미금역사거리,미금역 방면,직진,8,0.21,866.6,467,45
미금역사거리,미금역 방면,직진,9,0.21,838.5,467,45
미금역사거리,미금역 방면,직진,10,0.0,646.6,467,45
미금역사거리,미금역 방면,직진,11,0.21,573.6,467,45
미금역사거리,미금역 방면,직진,12,0.43,549.5,466,45
미금역사거리,미금역 방면,직진,13,0.86,576.1,464,45
미금역사거리,미금역 방면,직진,14,0.22,593.8,464,45
미금역사거리,미금역 방면,직진,15,0.64,587.1,466,45
미금역사거리,미금역 방면,직진,16,0.64,589.7,468,45
미금역사거리,미금역 방면,직진,17,5.77,592.9,468,45
미금역사거리,미금역 방면,직진,18,7.48,493.1,468,45
미금역사거리,미금역 방면,직진,19,0.0,433.4,467,45
미금역사거리,미금역 방면,직진,20,0.21,398.7,467,45
미금역사거리,미금역 방면,직진,21,0.0,449.9,466,45
미금역사거리,미금역 방면,직진,22,0.0,364.5,466,45
미금역사거리,미금역 방면,직진,23,0.21,297.2,466,45
미금역사거리,정자일로 방면,우회전,0,0.0,50.2,472,45
미금역사거리,정자일로 방면,우회전,1,0.22,31.1,455,45
미금역사거리,정자일로 방면,우회전,2,0.0,20.6,437,45
미금역사거리,정자일로 방면,우회전,3,0.0,15.4,349,45
미금역사거리,정자일로 방면,우회전,4,0.47,21.6,422,45
미금역사거리,정자일로 방면,우회전,5,0.21,41.1,470,45
미금역사거리,정자일로 방면,우회전,6,0.21,75.3,473,45
미금역사거리,정자일로 방면,우회전,7,0.42,124.9,477,45
미금역사거리,정자일로 방면,우회전,8,1.05,125.6,474,45
미금역사거리,정자일로 방면,우회전,9,0.63,143.1,477,45
미금역사거리,정자일로 방면,우회전,10,0.21,159.7,477,45
미금역사거리,정자일로 방면,우회전,11,0.42,161.9,477,45
미금역사거리,정자일로 방면,우회전,12,0.21,161.9,476,45
미금역사거리,정자일로 방면,우회전,13,0.63,168.3,475,45
미금역사거리,정자일로 방면,우회전,14,1.05,175.1,475,45
미금역사거리,정자일로 방면,우회전,15,2.53,182.1,475,45
미금역사거리,정자일로 방면,우회전,16,2.73,188.6,477,45
미금역사거리,정자일로 방면,우회전,17,5.03,202.0,477,45
미금역사거리,정자일로 방면,우회전,18,16.56,200.7,477,45
미금역사거리,정자일로 방면,우회전,19,14.08,180.3,476,45
미금역사거리,정자일로 방면,우회전,20,11.97,150.6,476,45
미금역사거리,정자일로 방면,우회전,21,3.37,130.8,475,45
미금역사거리,정자일로 방면,우회전,22,1.05,108.1,475,45
미금역사거리,정자일로 방면,우회전,23,0.42,81.0,475,45
미금역사거리,정자일로 방면,좌회전,0,0.0,75.8,473,45
미금역사거리,정자일로 방면,좌회전,1,0.0,52.9,474,45
미금역사거리,정자일로 방면,좌회전,2,0.21,32.9,471,45
미금역사거리,정자일로 방면,좌회전,3,0.0,23.4,462,45
미금역사거리,정자일로 방면,좌회전,4,0.0,30.4,470,45
미금역사거리,정자일로 방면,좌회전,5,0.21,52.9,475,45
미금역사거리,정자일로 방면,좌회전,6,0.0,144.9,476,45
미금역사거리,정자일로 방면,좌회전,7,0.21,326.0,477,45
미금역사거리,정자일로 방면,좌회전,8,0.0,416.5,477,45
미금역사거리,정자일로 방면,좌회전,9,0.0,399.9,477,45
미금역사거리,정자일로 방면,좌회전,10,0.0,324.4,477,45
미금역사거리,정자일로 방면,좌회전,11,0.0,277.2,477,45
미금역사거리,정자일로 방면,좌회전,12,0.0,256.6,476,45
미금역사거리,정자일로 방면,좌회전,13,0.0,290.3,475,45
미금역사거리,정자일로 방면,좌회전,14,0.0,306.0,475,45
미금역사거리,정자일로 방면,좌회전,15,0.21,321.1,475,45
미금역사거리,정자일로 방면,좌회전,16,0.0,308.2,477,45
미금역사거리,정자일로 방면,좌회전,17,1.89,265.6,477,45
미금역사거리,정자일로 방면,좌회전,18,2.52,217.6,477,45
미금역사거리,정자일로 방면,좌회전,19,0.0,239.0,477,45
미금역사거리,정자일로 방면,좌회전,20,0.21,203.3,477,45
미금역사거리,정자일로 방면,좌회전,21,0.0,198.6,477,45
미금역사거리,정자일로 방면,좌회전,22,0.0,145.0,477,45
미금역사거리,정자일로 방면,좌회전,23,0.0,113.6,476,45
미금역사거리,정자일로 방면,직진,0,0.0,85.6,474,45
미금역사거리,정자일로 방면,직진,1,0.0,62.4,475,45
미금역사거리,정자일로 방면,직진,2,0.21,39.6,474,45
미금역사거리,정자일로 방면,직진,3,0.21,33.9,473,45
미금역사거리,정자일로 방면,직진,4,0.21,47.3,474,45
미금역사거리,정자일로 방면,직진,5,0.0,91.5,477,45
미금역사거리,정자일로 방면,직진,6,0.0,263.5,477,45
미금역사거리,정자일로 방면,직진,7,0.21,390.4,477,45
미금역사거리,정자일로 방면,직진,8,0.21,559.5,477,45
미금역사거리,정자일로 방면,직진,9,0.0,544.6,477,45
미금역사거리,정자일로 방면,직진,10,0.0,532.9,477,45
미금역사거리,정자일로 방면,직진,11,0.0,449.1,477,45
미금역사거리,정자일로 방면,직진,12,0.0,477.7,476,45
미금역사거리,정자일로 방면,직진,13,0.0,547.7,475,45
미금역사거리,정자일로 방면,직진,14,0.0,546.2,475,45
미금역사거리,정자일로 방면,직진,15,0.21,530.9,475,45
미금역사거리,정자일로 방면,직진,16,0.21,538.2,477,45
미금역사거리,정자일로 방면,직진,17,0.84,561.9,477,45
미금역사거리,정자일로 방면,직진,18,1.68,538.9,477,45
미금역사거리,정자일로 방면,직진,19,0.0,469.6,477,45
미금역사거리,정자일로 방면,직진,20,0.0,402.2,477,45
미금역사거리,정자일로 방면,직진,21,0.0,377.9,477,45
미금역사거리,정자일로 방면,직진,22,0.0,265.4,477,45
미금역사거리,정자일로 방면,직진,23,0.0,140.4,477,45
미금역사거리,청송마을 사거리 방면,우회전,0,0.0,52.1,460,45
미금역사거리,청송마을 사거리 방면,우회전,1,0.0,28.8,458,45
미금역사거리,청송마을 사거리 방면,우회전,2,0.0,19.4,428,45
미금역사거리,청송마을 사거리 방면,우회전,3,0.0,15.5,393,45
미금역사거리,청송마을 사거리 방면,우회전,4,0.0,19.0,438,45
미금역사거리,청송마을 사거리 방면,우회전,5,0.0,42.4,461,45
미금역사거리,청송마을 사거리 방면,우회전,6,0.0,97.7,464,45
미금역사거리,청송마을 사거리 방면,우회전,7,0.0,160.8,477,45
미금역사거리,청송마을 사거리 방면,우회전,8,0.0,194.3,477,45
미금역사거리,청송마을 사거리 방면,우회전,9,0.0,187.6,470,45
미금역사거리,청송마을 사거리 방면,우회전,10,0.0,184.6,472,45
미금역사거리,청송마을 사거리 방면,우회전,11,0.0,193.5,474,45
미금역사거리,청송마을 사거리 방면,우회전,12,0.0,187.9,471,45
미금역사거리,청송마을 사거리 방면,우회전,13,0.0,180.2,472,45
미금역사거리,청송마을 사거리 방면,우회전,14,0.21,187.7,474,45
미금역사거리,청송마을 사거리 방면,우회전,15,0.0,202.1,474,45
미금역사거리,청송마을 사거리 방면,우회전,16,0.21,218.5,477,45
미금역사거리,청송마을 사거리 방면,우회전,17,3.14,235.4,477,45
미금역사거리,청송마을 사거리 방면,우회전,18,3.16,227.1,475,45
미금역사거리,청송마을 사거리 방면,우회전,19,0.0,194.9,475,45
미금역사거리,청송마을 사거리 방면,우회전,20,0.0,154.1,474,45
미금역사거리,청송마을 사거리 방면,우회전,21,0.0,140.1,474,45
미금역사거리,청송마을 사거리 방면,우회전,22,0.0,140.8,470,45
미금역사거리,청송마을 사거리 방면,우회전,23,0.0,80.1,463,45
미금역사거리,청송마을 사거리 방면,좌회전,0,0.0,21.8,377,45
미금역사거리,청송마을 사거리 방면,좌회전,1,0.0,16.3,319,45
미금역사거리,청송마을 사거리 방면,좌회전,2,0.0,12.7,216,45
미금역사거리,청송마을 사거리 방면,좌회전,3,0.0,11.7,87,45
미금역사거리,청송마을 사거리 방면,좌회전,4,0.0,11.4,15,45
미금역사거리,청송마을 사거리 방면,좌회전,5,0.0,13.6,254,45
미금역사거리,청송마을 사거리 방면,좌회전,6,0.0,19.8,370,45
미금역사거리,청송마을 사거리 방면,좌회전,7,0.0,37.9,389,45
미금역사거리,청송마을 사거리 방면,좌회전,8,0.0,76.6,390,45
미금역사거리,청송마을 사거리 방면,좌회전,9,0.0,85.1,391,45
미금역사거리,청송마을 사거리 방면,좌회전,10,0.0,87.5,394,45
미금역사거리,청송마을 사거리 방면,좌회전,11,0.0,90.3,394,45
미금역사거리,청송마을 사거리 방면,좌회전,12,0.0,90.2,390,45
미금역사거리,청송마을 사거리 방면,좌회전,13,0.0,88.8,388,45
미금역사거리,청송마을 사거리 방면,좌회전,14,0.0,98.3,389,45
미금역사거리,청송마을 사거리 방면,좌회전,15,0.0,98.2,390,45
미금역사거리,청송마을 사거리 방면,좌회전,16,0.0,96.5,393,45
미금역사거리,청송마을 사거리 방면,좌회전,17,0.0,95.2,392,45
미금역사거리,청송마을 사거리 방면,좌회전,18,0.0,85.7,392,45
미금역사거리,청송마을 사거리 방면,좌회전,19,0.0,80.8,392,45
미금역사거리,청송마을 사거리 방면,좌회전,20,0.0,58.1,390,45
미금역사거리,청송마을 사거리 방면,좌회전,21,0.0,56.8,389,45
미금역사거리,청송마을 사거리 방면,좌회전,22,0.0,45.6,388,45
미금역사거리,청송마을 사거리 방면,좌회전,23,0.0,30.7,389,45
미금역사거리,청송마을 사거리 방면,직진,0,0.21,177.0,474,45
미금역사거리,청송마을 사거리 방면,직진,1,0.21,102.5,472,45
미금역사거리,청송마을 사거리 방면,직진,2,0.43,71.0,469,45
미금역사거리,청송마을 사거리 방면,직진,3,0.22,55.0,464,45
미금역사거리,청송마을 사거리 방면,직진,4,0.22,56.9,462,45
미금역사거리,청송마을 사거리 방면,직진,5,0.21,116.3,468,45
미금역사거리,청송마을 사거리 방면,직진,6,0.0,267.3,477,45
미금역사거리,청송마을 사거리 방면,직진,7,0.0,574.2,477,45
미금역사거리,청송마을 사거리 방면,직진,8,0.0,801.4,477,45
미금역사거리,청송마을 사거리 방면,직진,9,0.0,647.0,477,45
미금역사거리,청송마을 사거리 방면,직진,10,0.0,617.0,477,45
미금역사거리,청송마을 사거리 방면,직진,11,0.0,601.9,477,45
미금역사거리,청송마을 사거리 방면,직진,12,0.0,588.4,476,45
미금역사거리,청송마을 사거리 방면,직진,13,0.0,585.5,475,45
미금역사거리,청송마을 사거리 방면,직진,14,0.0,602.5,475,45
미금역사거리,청송마을 사거리 방면,직진,15,0.21,646.1,475,45
미금역사거리,청송마을 사거리 방면,직진,16,0.63,697.4,477,45
미금역사거리,청송마을 사거리 방면,직진,17,1.89,766.3,477,45
미금역사거리,청송마을 사거리 방면,직진,18,5.24,774.5,477,45
미금역사거리,청송마을 사거리 방면,직진,19,0.21,756.3,477,45
미금역사거리,청송마을 사거리 방면,직진,20,0.21,589.3,477,45
미금역사거리,청송마을 사거리 방면,직진,21,0.0,501.3,477,45
미금역사거리,청송마을 사거리 방면,직진,22,0.0,528.3,477,45
미금역사거리,청송마을 사거리 방면,직진,23,0.0,295.1,476,45
오리삼거리,농수산물센터 방면,우회전,0,0.0,36.1,437,45
오리삼거리,농수산물센터 방면,우회전,1,0.0,25.1,419,45
오리삼거리,농수산물센터 방면,우회전,2,0.0,20.3,386,45
오리삼거리,농수산물센터 방면,우회전,3,0.0,14.8,310,45
오리삼거리,농수산물센터 방면,우회전,4,0.0,22.4,391,45
오리삼거리,농수산물센터 방면,우회전,5,0.0,54.3,428,45
오리삼거리,농수산물센터 방면,우회전,6,0.0,131.8,449,45
오리삼거리,농수산물센터 방면,우회전,7,0.0,282.1,470,45
오리삼거리,농수산물센터 방면,우회전,8,0.0,340.2,471,45
오리삼거리,농수산물센터 방면,우회전,9,0.0,287.2,471,45
오리삼거리,농수산물센터 방면,우회전,10,0.0,211.1,471,45
오리삼거리,농수산물센터 방면,우회전,11,0.0,175.9,472,45
오리삼거리,농수산물센터 방면,우회전,12,0.0,194.2,471,45
오리삼거리,농수산물센터 방면,우회전,13,0.0,220.1,469,45
오리삼거리,농수산물센터 방면,우회전,14,0.0,207.3,471,45
오리삼거리,농수산물센터 방면,우회전,15,0.0,201.8,471,45
오리삼거리,농수산물센터 방면,우회전,16,0.0,195.0,473,45
오리삼거리,농수산물센터 방면,우회전,17,0.0,204.2,472,45
오리삼거리,농수산물센터 방면,우회전,18,0.0,190.4,469,45
오리삼거리,농수산물센터 방면,우회전,19,0.0,155.8,468,45
오리삼거리,농수산물센터 방면,우회전,20,0.0,124.0,463,45
오리삼거리,농수산물센터 방면,우회전,21,0.0,106.1,461,45
오리삼거리,농수산물센터 방면,우회전,22,0.22,84.2,458,45
오리삼거리,농수산물센터 방면,우회전,23,0.0,52.9,449,45
오리삼거리,농수산물센터 방면,직진,0,0.0,189.4,460,45
오리삼거리,농수산물센터 방면,직진,1,0.22,138.6,453,45
오리삼거리,농수산물센터 방면,직진,2,0.22,90.2,452,45
오리삼거리,농수산물센터 방면,직진,3,0.0,71.7,451,45
오리삼거리,농수산물센터 방면,직진,4,0.0,95.6,455,45
오리삼거리,농수산물센터 방면,직진,5,0.0,204.6,459,45
오리삼거리,농수산물센터 방면,직진,6,0.0,589.1,468,45
오리삼거리,농수산물센터 방면,직진,7,0.42,1360.5,472,45
오리삼거리,농수산물센터 방면,직진,8,1.27,1426.8,472,45
오리삼거리,농수산물센터 방면,직진,9,0.0,1197.9,472,45
오리삼거리,농수산물센터 방면,직진,10,0.0,926.8,471,45
오리삼거리,농수산물센터 방면,직진,11,0.0,756.2,472,45
오리삼거리,농수산물센터 방면,직진,12,0.0,700.8,471,45
오리삼거리,농수산물센터 방면,직진,13,0.0,777.3,470,45
오리삼거리,농수산물센터 방면,직진,14,0.0,779.6,471,45
오리삼거리,농수산물센터 방면,직진,15,0.0,777.0,471,45
오리삼거리,농수산물센터 방면,직진,16,0.0,813.4,473,45
오리삼거리,농수산물센터 방면,직진,17,0.0,811.8,472,45
오리삼거리,농수산물센터 방면,직진,18,0.0,706.6,472,45
오리삼거리,농수산물센터 방면,직진,19,0.0,587.3,471,45
오리삼거리,농수산물센터 방면,직진,20,0.0,495.3,472,45
오리삼거리,농수산물센터 방면,직진,21,0.0,502.8,471,45
오리삼거리,농수산물센터 방면,직진,22,0.0,412.8,472,45
오리삼거리,농수산물센터 방면,직진,23,0.0,299.9,470,45
오리삼거리,오리교1사거리 방면,우회전,0,0.0,64.1,430,45
오리삼거리,오리교1사거리 방면,우회전,1,0.0,44.2,424,45
오리삼거리,오리교1사거리 방면,우회전,2,0.0,30.9,417,45
오리삼거리,오리교1사거리 방면,우회전,3,0.0,24.5,409,45
오리삼거리,오리교1사거리 방면,우회전,4,0.0,35.1,422,45
오리삼거리,오리교1사거리 방면,우회전,5,0.0,39.7,447,45
오리삼거리,오리교1사거리 방면,우회전,6,0.22,81.4,457,45
오리삼거리,오리교1사거리 방면,우회전,7,0.0,120.4,457,45
오리삼거리,오리교1사거리 방면,우회전,8,0.0,138.7,453,45
오리삼거리,오리교1사거리 방면,우회전,9,0.22,137.4,464,45
오리삼거리,오리교1사거리 방면,우회전,10,0.0,130.9,467,45
오리삼거리,오리교1사거리 방면,우회전,11,0.0,130.0,467,45
오리삼거리,오리교1사거리 방면,우회전,12,0.0,128.0,466,45
오리삼거리,오리교1사거리 방면,우회전,13,0.0,129.6,467,45
오리삼거리,오리교1사거리 방면,우회전,14,0.0,128.2,467,45
오리삼거리,오리교1사거리 방면,우회전,15,0.21,130.4,466,45
오리삼거리,오리교1사거리 방면,우회전,16,0.0,135.3,468,45
오리삼거리,오리교1사거리 방면,우회전,17,0.0,156.1,468,45
오리삼거리,오리교1사거리 방면,우회전,18,1.5,139.3,467,45
오리삼거리,오리교1사거리 방면,우회전,19,0.43,105.2,463,45
오리삼거리,오리교1사거리 방면,우회전,20,0.22,94.8,454,45
오리삼거리,오리교1사거리 방면,우회전,21,0.22,91.1,456,45
오리삼거리,오리교1사거리 방면,우회전,22,0.0,82.5,452,45
오리삼거리,오리교1사거리 방면,우회전,23,0.0,79.8,449,45
오리삼거리,오리교1사거리 방면,좌회전,0,0.0,40.9,464,45
오리삼거리,오리교1사거리 방면,좌회전,1,0.0,25.6,453,45
오리삼거리,오리교1사거리 방면,좌회전,2,0.0,17.2,396,45
오리삼거리,오리교1사거리 방면,좌회전,3,0.0,14.9,380,45
오리삼거리,오리교1사거리 방면,좌회전,4,0.0,18.3,420,45
오리삼거리,오리교1사거리 방면,좌회전,5,0.22,43.1,457,45
오리삼거리,오리교1사거리 방면,좌회전,6,0.21,104.5,467,45
오리삼거리,오리교1사거리 방면,좌회전,7,0.21,152.9,467,45
오리삼거리,오리교1사거리 방면,좌회전,8,0.21,179.3,467,45
오리삼거리,오리교1사거리 방면,좌회전,9,0.0,194.5,467,45
오리삼거리,오리교1사거리 방면,좌회전,10,0.0,216.5,467,45
오리삼거리,오리교1사거리 방면,좌회전,11,0.0,232.0,467,45
오리삼거리,오리교1사거리 방면,좌회전,12,0.0,213.1,466,45
오리삼거리,오리교1사거리 방면,좌회전,13,0.0,192.5,467,45
오리삼거리,오리교1사거리 방면,좌회전,14,0.0,213.8,467,45
오리삼거리,오리교1사거리 방면,좌회전,15,0.43,226.9,466,45
오리삼거리,오리교1사거리 방면,좌회전,16,0.21,237.9,468,45
오리삼거리,오리교1사거리 방면,좌회전,17,0.21,211.1,468,45
오리삼거리,오리교1사거리 방면,좌회전,18,0.21,155.8,467,45
오리삼거리,오리교1사거리 방면,좌회전,19,0.0,135.6,467,45
오리삼거리,오리교1사거리 방면,좌회전,20,0.0,135.7,467,45
오리삼거리,오리교1사거리 방면,좌회전,21,0.0,124.1,467,45
오리삼거리,오리교1사거리 방면,좌회전,22,0.0,97.8,467,45
오리삼거리,오리교1사거리 방면,좌회전,23,0.0,66.0,467,45
오리삼거리,오리역 방면,좌회전,0,0.97,21.7,103,45
오리삼거리,오리역 방면,좌회전,1,10.71,23.5,28,45
오리삼거리,오리역 방면,좌회전,2,0.0,20.3,21,45
오리삼거리,오리역 방면,좌회전,3,0.0,15.0,18,45
오리삼거리,오리역 방면,좌회전,4,0.0,14.9,264,45
오리삼거리,오리역 방면,좌회전,5,0.0,36.3,371,45
오리삼거리,오리역 방면,좌회전,6,0.0,50.0,368,45
오리삼거리,오리역 방면,좌회전,7,0.0,88.7,391,45
오리삼거리,오리역 방면,좌회전,8,0.0,107.6,391,45
오리삼거리,오리역 방면,좌회전,9,0.0,74.2,382,45
오리삼거리,오리역 방면,좌회전,10,0.0,68.7,385,45
오리삼거리,오리역 방면,좌회전,11,0.0,78.9,388,45
오리삼거리,오리역 방면,좌회전,12,0.0,87.6,391,45
오리삼거리,오리역 방면,좌회전,13,0.0,94.5,395,45
오리삼거리,오리역 방면,좌회전,14,0.0,105.4,396,45
오리삼거리,오리역 방면,좌회전,15,0.0,106.1,391,45
오리삼거리,오리역 방면,좌회전,16,0.0,96.8,385,45
오리삼거리,오리역 방면,좌회전,17,0.0,105.0,390,45
오리삼거리,오리역 방면,좌회전,18,0.0,100.6,389,45
오리삼거리,오리역 방면,좌회전,19,0.0,83.2,391,45
오리삼거리,오리역 방면,좌회전,20,0.0,57.8,383,45
오리삼거리,오리역 방면,좌회전,21,0.0,51.6,374,45
오리삼거리,오리역 방면,좌회전,22,0.0,45.4,371,45
오리삼거리,오리역 방면,좌회전,23,0.0,23.7,296,45
오리삼거리,오리역 방면,직진,0,0.22,210.6,455,45
오리삼거리,오리역 방면,직진,1,0.22,117.4,454,45
오리삼거리,오리역 방면,직진,2,0.0,72.7,452,45
오리삼거리,오리역 방면,직진,3,0.0,56.5,449,45
오리삼거리,오리역 방면,직진,4,0.0,63.3,450,45
오리삼거리,오리역 방면,직진,5,0.0,139.3,455,45
오리삼거리,오리역 방면,직진,6,0.22,355.4,454,45
오리삼거리,오리역 방면,직진,7,0.0,654.6,452,45
오리삼거리,오리역 방면,직진,8,0.44,794.4,452,45
오리삼거리,오리역 방면,직진,9,0.0,736.8,453,45
오리삼거리,오리역 방면,직진,10,0.22,749.4,453,45
오리삼거리,오리역 방면,직진,11,0.22,787.9,455,45
오리삼거리,오리역 방면,직진,12,0.22,807.7,454,45
오리삼거리,오리역 방면,직진,13,0.22,841.1,454,45
오리삼거리,오리역 방면,직진,14,1.32,874.1,454,45
오리삼거리,오리역 방면,직진,15,3.74,917.5,454,45
오리삼거리,오리역 방면,직진,16,6.36,998.1,456,45
오리삼거리,오리역 방면,직진,17,23.08,1064.9,455,45
오리삼거리,오리역 방면,직진,18,64.69,978.5,456,45
오리삼거리,오리역 방면,직진,19,13.41,939.3,455,45
오리삼거리,오리역 방면,직진,20,0.44,775.7,456,45
오리삼거리,오리역 방면,직진,21,0.44,673.1,456,45
오리삼거리,오리역 방면,직진,22,0.44,637.0,455,45
오리삼거리,오리역 방면,직진,23,0.0,354.7,455,45
동막교사거리,경기고속삼거리 방면,우회전,0,0.0,24.3,333,50
동막교사거리,경기고속삼거리 방면,우회전,1,0.0,15.3,269,50
동막교사거리,경기고속삼거리 방면,우회전,2,0.0,12.7,116,50
동막교사거리,경기고속삼거리 방면,우회전,3,0.0,11.8,111,50
동막교사거리,경기고속삼거리 방면,우회전,4,0.0,26.3,347,50
동막교사거리,경기고속삼거리 방면,우회전,5,0.0,53.6,360,50
동막교사거리,경기고속삼거리 방면,우회전,6,0.0,73.3,362,50
동막교사거리,경기고속삼거리 방면,우회전,7,0.0,104.1,376,50
동막교사거리,경기고속삼거리 방면,우회전,8,0.0,101.6,377,50
동막교사거리,경기고속삼거리 방면,우회전,9,0.0,100.9,380,50
동막교사거리,경기고속삼거리 방면,우회전,10,0.0,99.2,380,50
동막교사거리,경기고속삼거리 방면,우회전,11,0.0,104.9,380,50
동막교사거리,경기고속삼거리 방면,우회전,12,0.0,105.0,378,50
동막교사거리,경기고속삼거리 방면,우회전,13,0.0,115.0,376,50
동막교사거리,경기고속삼거리 방면,우회전,14,0.0,111.3,376,50
동막교사거리,경기고속삼거리 방면,우회전,15,0.0,107.1,377,50
동막교사거리,경기고속삼거리 방면,우회전,16,0.0,108.4,378,50
동막교사거리,경기고속삼거리 방면,우회전,17,0.0,118.0,373,50
동막교사거리,경기고속삼거리 방면,우회전,18,0.0,107.2,376,50
동막교사거리,경기고속삼거리 방면,우회전,19,0.0,92.4,374,50
동막교사거리,경기고속삼거리 방면,우회전,20,0.0,86.2,369,50
동막교사거리,경기고속삼거리 방면,우회전,21,0.0,79.9,371,50
동막교사거리,경기고속삼거리 방면,우회전,22,0.0,69.6,369,50
동막교사거리,경기고속삼거리 방면,우회전,23,0.0,39.5,360,50
동막교사거리,경기고속삼거리 방면,좌회전,0,0.0,26.4,335,50
동막교사거리,경기고속삼거리 방면,좌회전,1,0.0,14.4,248,50
동막교사거리,경기고속삼거리 방면,좌회전,2,0.0,12.1,100,50
동막교사거리,경기고속삼거리 방면,좌회전,3,0.0,11.0,45,50
동막교사거리,경기고속삼거리 방면,좌회전,4,0.0,12.7,182,50
동막교사거리,경기고속삼거리 방면,좌회전,5,0.0,20.7,326,50
동막교사거리,경기고속삼거리 방면,좌회전,6,0.0,54.6,358,50
동막교사거리,경기고속삼거리 방면,좌회전,7,0.0,99.4,376,50
동막교사거리,경기고속삼거리 방면,좌회전,8,0.0,120.7,379,50
동막교사거리,경기고속삼거리 방면,좌회전,9,0.0,127.7,380,50
동막교사거리,경기고속삼거리 방면,좌회전,10,0.0,122.8,380,50
동막교사거리,경기고속삼거리 방면,좌회전,11,0.0,133.9,380,50
동막교사거리,경기고속삼거리 방면,좌회전,12,0.0,137.0,379,50
동막교사거리,경기고속삼거리 방면,좌회전,13,0.0,140.8,377,50
동막교사거리,경기고속삼거리 방면,좌회전,14,0.0,149.2,377,50
동막교사거리,경기고속삼거리 방면,좌회전,15,0.0,150.0,379,50
동막교사거리,경기고속삼거리 방면,좌회전,16,0.0,162.4,378,50
동막교사거리,경기고속삼거리 방면,좌회전,17,0.0,174.9,379,50
동막교사거리,경기고속삼거리 방면,좌회전,18,0.0,141.0,377,50
동막교사거리,경기고속삼거리 방면,좌회전,19,0.0,108.3,368,50
동막교사거리,경기고속삼거리 방면,좌회전,20,0.0,87.1,366,50
동막교사거리,경기고속삼거리 방면,좌회전,21,0.0,81.0,363,50
동막교사거리,경기고속삼거리 방면,좌회전,22,0.0,64.8,359,50
동막교사거리,경기고속삼거리 방면,좌회전,23,0.0,45.7,355,50
동막교사거리,경기고속삼거리 방면,직진,0,0.0,28.1,336,50
동막교사거리,경기고속삼거리 방면,직진,1,0.0,16.3,284,50
동막교사거리,경기고속삼거리 방면,직진,2,0.0,12.9,144,50
동막교사거리,경기고속삼거리 방면,직진,3,0.0,12.1,62,50
동막교사거리,경기고속삼거리 방면,직진,4,0.0,13.6,244,50
동막교사거리,경기고속삼거리 방면,직진,5,0.0,32.6,345,50
동막교사거리,경기고속삼거리 방면,직진,6,0.0,62.9,357,50
동막교사거리,경기고속삼거리 방면,직진,7,0.0,108.2,377,50
동막교사거리,경기고속삼거리 방면,직진,8,0.0,150.1,381,50
동막교사거리,경기고속삼거리 방면,직진,9,0.0,108.8,380,50
동막교사거리,경기고속삼거리 방면,직진,10,0.0,112.5,381,50
동막교사거리,경기고속삼거리 방면,직진,11,0.0,123.5,382,50
동막교사거리,경기고속삼거리 방면,직진,12,0.0,127.1,380,50
동막교사거리,경기고속삼거리 방면,직진,13,0.0,136.4,378,50
동막교사거리,경기고속삼거리 방면,직진,14,0.0,146.1,376,50
동막교사거리,경기고속삼거리 방면,직진,15,0.0,166.7,377,50
동막교사거리,경기고속삼거리 방면,직진,16,0.0,181.0,381,50
동막교사거리,경기고속삼거리 방면,직진,17,0.0,204.0,383,50
동막교사거리,경기고속삼거리 방면,직진,18,0.26,184.8,382,50
동막교사거리,경기고속삼거리 방면,직진,19,0.0,160.9,374,50
동막교사거리,경기고속삼거리 방면,직진,20,0.0,125.8,373,50
동막교사거리,경기고속삼거리 방면,직진,21,0.0,111.3,365,50
동막교사거리,경기고속삼거리 방면,직진,22,0.0,95.1,361,50
동막교사거리,경기고속삼거리 방면,직진,23,0.0,57.9,357,50
동막교사거리,동막교삼거리 방면,우회전,0,0.0,18.4,356,50
동막교사거리,동막교삼거리 방면,우회전,1,0.0,13.7,276,50
동막교사거리,동막교삼거리 방면,우회전,2,0.0,11.1,65,50
동막교사거리,동막교삼거리 방면,우회전,3,0.0,12.0,171,50
동막교사거리,동막교삼거리 방면,우회전,4,0.0,19.6,355,50
동막교사거리,동막교삼거리 방면,우회전,5,0.0,43.6,371,50
동막교사거리,동막교삼거리 방면,우회전,6,0.0,70.6,371,50
동막교사거리,동막교삼거리 방면,우회전,7,0.0,123.0,376,50
동막교사거리,동막교삼거리 방면,우회전,8,0.0,224.0,381,50
동막교사거리,동막교삼거리 방면,우회전,9,0.0,228.6,380,50
동막교사거리,동막교삼거리 방면,우회전,10,0.0,221.9,380,50
동막교사거리,동막교삼거리 방면,우회전,11,0.0,205.0,379,50
동막교사거리,동막교삼거리 방면,우회전,12,0.0,211.5,380,50
동막교사거리,동막교삼거리 방면,우회전,13,0.0,222.8,379,50
동막교사거리,동막교삼거리 방면,우회전,14,0.0,213.2,381,50
동막교사거리,동막교삼거리 방면,우회전,15,0.0,214.7,382,50
동막교사거리,동막교삼거리 방면,우회전,16,0.0,223.8,383,50
동막교사거리,동막교삼거리 방면,우회전,17,0.26,232.0,382,50
동막교사거리,동막교삼거리 방면,우회전,18,0.26,227.5,381,50
동막교사거리,동막교삼거리 방면,우회전,19,0.0,163.5,377,50
동막교사거리,동막교삼거리 방면,우회전,20,0.0,116.0,373,50
동막교사거리,동막교삼거리 방면,우회전,21,0.0,88.9,371,50
동막교사거리,동막교삼거리 방면,우회전,22,0.0,62.0,372,50
동막교사거리,동막교삼거리 방면,우회전,23,0.0,35.1,370,50
동막교사거리,동막교삼거리 방면,좌회전,0,0.0,29.8,363,50
동막교사거리,동막교삼거리 방면,좌회전,1,0.0,20.4,333,50
동막교사거리,동막교삼거리 방면,좌회전,2,0.0,14.6,248,50
동막교사거리,동막교삼거리 방면,좌회전,3,0.0,11.8,130,50
동막교사거리,동막교삼거리 방면,좌회전,4,0.0,12.8,204,50
동막교사거리,동막교삼거리 방면,좌회전,5,0.0,29.9,365,50
동막교사거리,동막교삼거리 방면,좌회전,6,0.0,56.1,367,50
동막교사거리,동막교삼거리 방면,좌회전,7,0.0,123.7,378,50
동막교사거리,동막교삼거리 방면,좌회전,8,0.0,176.7,380,50
동막교사거리,동막교삼거리 방면,좌회전,9,0.0,126.7,380,50
동막교사거리,동막교삼거리 방면,좌회전,10,0.0,117.1,380,50
동막교사거리,동막교삼거리 방면,좌회전,11,0.0,117.1,379,50
동막교사거리,동막교삼거리 방면,좌회전,12,0.0,122.5,379,50
동막교사거리,동막교삼거리 방면,좌회전,13,0.0,132.4,376,50
동막교사거리,동막교삼거리 방면,좌회전,14,0.0,139.3,378,50
동막교사거리,동막교삼거리 방면,좌회전,15,0.0,155.2,384,50
동막교사거리,동막교삼거리 방면,좌회전,16,0.0,176.3,381,50
동막교사거리,동막교삼거리 방면,좌회전,17,0.0,204.2,383,50
동막교사거리,동막교삼거리 방면,좌회전,18,0.0,215.3,378,50
동막교사거리,동막교삼거리 방면,좌회전,19,0.0,183.2,377,50
동막교사거리,동막교삼거리 방면,좌회전,20,0.0,122.5,376,50
동막교사거리,동막교삼거리 방면,좌회전,21,0.0,101.9,377,50
동막교사거리,동막교삼거리 방면,좌회전,22,0.0,103.1,371,50
동막교사거리,동막교삼거리 방면,좌회전,23,0.0,51.8,371,50
동막교사거리,동막교삼거리 방면,직진,0,0.0,231.6,378,50
동막교사거리,동막교삼거리 방면,직진,1,0.0,133.3,375,50
동막교사거리,동막교삼거리 방면,직진,2,0.0,87.5,372,50
동막교사거리,동막교삼거리 방면,직진,3,0.0,68.5,372,50
동막교사거리,동막교삼거리 방면,직진,4,0.0,74.6,374,50
동막교사거리,동막교삼거리 방면,직진,5,0.0,162.3,376,50
동막교사거리,동막교삼거리 방면,직진,6,0.0,417.8,380,50
동막교사거리,동막교삼거리 방면,직진,7,0.0,826.0,381,50
동막교사거리,동막교삼거리 방면,직진,8,0.0,1056.3,382,50
동막교사거리,동막교삼거리 방면,직진,9,0.0,930.7,381,50
동막교사거리,동막교삼거리 방면,직진,10,0.0,907.3,383,50
동막교사거리,동막교삼거리 방면,직진,11,0.0,922.8,382,50
동막교사거리,동막교삼거리 방면,직진,12,0.0,942.5,380,50
동막교사거리,동막교삼거리 방면,직진,13,0.0,946.7,382,50
동막교사거리,동막교삼거리 방면,직진,14,0.0,978.9,383,50
동막교사거리,동막교삼거리 방면,직진,15,0.0,1039.9,384,50
동막교사거리,동막교삼거리 방면,직진,16,0.26,1105.0,384,50
동막교사거리,동막교삼거리 방면,직진,17,0.52,1195.1,384,50
동막교사거리,동막교삼거리 방면,직진,18,2.08,1162.7,384,50
동막교사거리,동막교삼거리 방면,직진,19,0.0,1079.9,385,50
동막교사거리,동막교삼거리 방면,직진,20,0.0,841.4,384,50
동막교사거리,동막교삼거리 방면,직진,21,0.0,699.7,386,50
동막교사거리,동막교삼거리 방면,직진,22,0.0,684.1,382,50
동막교사거리,동막교삼거리 방면,직진,23,0.26,384.6,383,50
동막교사거리,오리공원 방면,우회전,0,0.0,17.1,254,50
동막교사거리,오리공원 방면,우회전,1,0.0,14.0,183,50
동막교사거리,오리공원 방면,우회전,2,0.0,12.8,88,50
동막교사거리,오리공원 방면,우회전,3,0.0,12.0,81,50
동막교사거리,오리공원 방면,우회전,4,0.0,16.9,261,50
동막교사거리,오리공원 방면,우회전,5,0.0,34.6,357,50
동막교사거리,오리공원 방면,우회전,6,0.0,91.0,375,50
동막교사거리,오리공원 방면,우회전,7,0.0,257.0,387,50
동막교사거리,오리공원 방면,우회전,8,0.0,264.3,387,50
동막교사거리,오리공원 방면,우회전,9,0.0,197.1,385,50
동막교사거리,오리공원 방면,우회전,10,0.0,138.5,384,50
동막교사거리,오리공원 방면,우회전,11,0.0,110.5,382,50
동막교사거리,오리공원 방면,우회전,12,0.0,102.5,381,50
동막교사거리,오리공원 방면,우회전,13,0.0,114.5,378,50
동막교사거리,오리공원 방면,우회전,14,0.0,119.3,381,50
동막교사거리,오리공원 방면,우회전,15,0.0,126.3,380,50
동막교사거리,오리공원 방면,우회전,16,0.0,134.0,382,50
동막교사거리,오리공원 방면,우회전,17,0.26,142.0,383,50
동막교사거리,오리공원 방면,우회전,18,0.0,130.2,382,50
동막교사거리,오리공원 방면,우회전,19,0.0,77.1,381,50
동막교사거리,오리공원 방면,우회전,20,0.0,49.1,379,50
동막교사거리,오리공원 방면,우회전,21,0.0,56.4,378,50
동막교사거리,오리공원 방면,우회전,22,0.0,34.3,374,50
동막교사거리,오리공원 방면,우회전,23,0.0,24.6,349,50
동막교사거리,오리공원 방면,좌회전,8,0.0,10.3,3,50
동막교사거리,오리공원 방면,좌회전,9,0.0,11.4,8,50
동막교사거리,오리공원 방면,좌회전,10,0.0,11.7,7,50
동막교사거리,오리공원 방면,좌회전,11,0.0,11.0,8,50
동막교사거리,오리공원 방면,좌회전,12,0.0,10.3,13,50
동막교사거리,오리공원 방면,좌회전,13,0.0,10.5,14,50
동막교사거리,오리공원 방면,좌회전,14,0.0,10.6,12,50
동막교사거리,오리공원 방면,좌회전,15,0.0,12.3,16,50
동막교사거리,오리공원 방면,좌회전,16,0.0,11.4,12,50
동막교사거리,오리공원 방면,좌회전,17,0.0,10.9,14,50
동막교사거리,오리공원 방면,좌회전,18,0.0,12.7,56,50
동막교사거리,오리공원 방면,좌회전,19,0.0,11.3,3,50
동막교사거리,오리공원 방면,좌회전,20,0.0,10.5,2,50
동막교사거리,오리공원 방면,직진,0,0.0,14.4,177,50
동막교사거리,오리공원 방면,직진,1,0.0,11.5,52,50
동막교사거리,오리공원 방면,직진,2,0.0,11.0,38,50
동막교사거리,오리공원 방면,직진,3,0.0,11.9,82,50
동막교사거리,오리공원 방면,직진,4,0.0,16.7,276,50
동막교사거리,오리공원 방면,직진,5,0.0,55.7,362,50
동막교사거리,오리공원 방면,직진,6,0.0,100.9,361,50
동막교사거리,오리공원 방면,직진,7,0.0,104.4,356,50
동막교사거리,오리공원 방면,직진,8,0.0,120.2,360,50
동막교사거리,오리공원 방면,직진,9,0.0,101.2,376,50
동막교사거리,오리공원 방면,직진,10,0.0,85.6,379,50
동막교사거리,오리공원 방면,직진,11,0.0,70.8,381,50
동막교사거리,오리공원 방면,직진,12,0.0,71.9,380,50
동막교사거리,오리공원 방면,직진,13,0.0,76.0,377,50
동막교사거리,오리공원 방면,직진,14,0.0,74.7,379,50
동막교사거리,오리공원 방면,직진,15,0.0,78.9,379,50
동막교사거리,오리공원 방면,직진,16,0.0,91.4,373,50
동막교사거리,오리공원 방면,직진,17,0.0,95.9,376,50
동막교사거리,오리공원 방면,직진,18,0.0,98.6,381,50
동막교사거리,오리공원 방면,직진,19,0.0,56.3,380,50
동막교사거리,오리공원 방면,직진,20,0.0,44.0,379,50
동막교사거리,오리공원 방면,직진,21,0.0,40.2,378,50
동막교사거리,오리공원 방면,직진,22,0.0,27.0,363,50
동막교사거리,오리공원 방면,직진,23,0.0,17.6,290,50
동막교사거리,오리역 방면,우회전,0,0.0,10.7,3,50
동막교사거리,오리역 방면,우회전,6,0.0,10.5,8,50
동막교사거리,오리역 방면,우회전,7,0.0,11.4,126,50
동막교사거리,오리역 방면,우회전,8,0.0,14.2,295,50
동막교사거리,오리역 방면,우회전,9,0.0,13.2,268,50
동막교사거리,오리역 방면,우회전,10,0.0,12.8,266,50
동막교사거리,오리역 방면,우회전,11,0.0,12.5,222,50
동막교사거리,오리역 방면,우회전,12,0.0,12.7,211,50
동막교사거리,오리역 방면,우회전,13,0.0,13.6,285,50
동막교사거리,오리역 방면,우회전,14,0.0,12.9,216,50
동막교사거리,오리역 방면,우회전,15,0.0,12.2,164,50
동막교사거리,오리역 방면,우회전,16,0.0,11.6,136,50
동막교사거리,오리역 방면,우회전,17,0.0,12.2,166,50
동막교사거리,오리역 방면,우회전,18,0.0,13.5,259,50
동막교사거리,오리역 방면,우회전,19,0.0,12.6,209,50
동막교사거리,오리역 방면,우회전,20,0.0,10.8,43,50
동막교사거리,오리역 방면,우회전,21,0.0,10.8,28,50
동막교사거리,오리역 방면,우회전,22,0.0,10.8,22,50
동막교사거리,오리역 방면,우회전,23,0.0,10.8,5,50
동막교사거리,오리역 방면,좌회전,0,0.0,20.6,352,50
동막교사거리,오리역 방면,좌회전,1,0.0,16.0,292,50
동막교사거리,오리역 방면,좌회전,2,0.0,12.9,170,50
동막교사거리,오리역 방면,좌회전,3,0.0,11.7,59,50
동막교사거리,오리역 방면,좌회전,4,0.0,12.0,182,50
동막교사거리,오리역 방면,좌회전,5,0.0,15.9,338,50
동막교사거리,오리역 방면,좌회전,6,0.0,29.8,376,50
동막교사거리,오리역 방면,좌회전,7,0.0,43.2,377,50
동막교사거리,오리역 방면,좌회전,8,0.0,79.9,381,50
동막교사거리,오리역 방면,좌회전,9,0.0,82.4,382,50
동막교사거리,오리역 방면,좌회전,10,0.0,75.6,383,50
동막교사거리,오리역 방면,좌회전,11,0.0,66.7,383,50
동막교사거리,오리역 방면,좌회전,12,0.0,66.8,381,50
동막교사거리,오리역 방면,좌회전,13,0.0,73.7,378,50
동막교사거리,오리역 방면,좌회전,14,0.0,67.5,380,50
동막교사거리,오리역 방면,좌회전,15,0.0,73.9,380,50
동막교사거리,오리역 방면,좌회전,16,0.0,76.5,382,50
동막교사거리,오리역 방면,좌회전,17,0.0,85.8,383,50
동막교사거리,오리역 방면,좌회전,18,0.0,83.6,383,50
동막교사거리,오리역 방면,좌회전,19,0.0,57.8,382,50
동막교사거리,오리역 방면,좌회전,20,0.0,54.3,380,50
동막교사거리,오리역 방면,좌회전,21,0.0,45.5,381,50
동막교사거리,오리역 방면,좌회전,22,0.0,38.8,380,50
동막교사거리,오리역 방면,좌회전,23,0.0,29.1,377,50
동막교사거리,오리역 방면,직진,0,0.0,245.7,382,50
동막교사거리,오리역 방면,직진,1,0.0,187.3,382,50
동막교사거리,오리역 방면,직진,2,0.0,127.0,381,50
동막교사거리,오리역 방면,직진,3,0.0,91.9,381,50
동막교사거리,오리역 방면,직진,4,0.0,94.2,384,50
동막교사거리,오리역 방면,직진,5,0.0,215.2,385,50
동막교사거리,오리역 방면,직진,6,0.0,553.0,387,50
동막교사거리,오리역 방면,직진,7,0.0,1315.7,391,50
동막교사거리,오리역 방면,직진,8,0.0,1380.5,391,50
동막교사거리,오리역 방면,직진,9,0.0,1196.3,389,50
동막교사거리,오리역 방면,직진,10,0.0,934.1,389,50
동막교사거리,오리역 방면,직진,11,0.0,822.8,388,50
동막교사거리,오리역 방면,직진,12,0.0,791.3,385,50
동막교사거리,오리역 방면,직진,13,0.0,856.3,383,50
동막교사거리,오리역 방면,직진,14,0.0,852.6,387,50
동막교사거리,오리역 방면,직진,15,0.0,874.0,389,50
동막교사거리,오리역 방면,직진,16,0.0,922.9,389,50
동막교사거리,오리역 방면,직진,17,0.0,1012.5,388,50
동막교사거리,오리역 방면,직진,18,0.0,928.5,389,50
동막교사거리,오리역 방면,직진,19,0.0,730.9,388,50
동막교사거리,오리역 방면,직진,20,0.0,619.7,388,50
동막교사거리,오리역 방면,직진,21,0.0,612.4,389,50
동막교사거리,오리역 방면,직진,22,0.52,502.5,387,50
동막교사거리,오리역 방면,직진,23,0.0,374.8,385,50
미금역사거리,까치마을사거리 방면,우회전,0,0.3,36.0,330,50
미금역사거리,까치마을사거리 방면,우회전,1,0.0,31.7,325,50
미금역사거리,까치마을사거리 방면,우회전,2,0.0,21.9,299,50
미금역사거리,까치마을사거리 방면,우회전,3,0.0,15.4,245,50
미금역사거리,까치마을사거리 방면,우회전,4,0.0,12.8,168,50
미금역사거리,까치마을사거리 방면,우회전,5,0.0,14.7,222,50
미금역사거리,까치마을사거리 방면,우회전,6,5.07,27.3,296,50
미금역사거리,까치마을사거리 방면,우회전,7,2.6,46.2,308,50
미금역사거리,까치마을사거리 방면,우회전,8,1.19,60.4,336,50
미금역사거리,까치마을사거리 방면,우회전,9,2.66,68.7,338,50
미금역사거리,까치마을사거리 방면,우회전,10,4.09,74.4,342,50
미금역사거리,까치마을사거리 방면,우회전,11,5.85,76.3,342,50
미금역사거리,까치마을사거리 방면,우회전,12,4.17,69.9,336,50
미금역사거리,까치마을사거리 방면,우회전,13,5.62,66.4,338,50
미금역사거리,까치마을사거리 방면,우회전,14,6.51,73.5,338,50
미금역사거리,까치마을사거리 방면,우회전,15,9.85,74.5,335,50
미금역사거리,까치마을사거리 방면,우회전,16,8.62,70.8,325,50
미금역사거리,까치마을사거리 방면,우회전,17,9.6,64.4,323,50
미금역사거리,까치마을사거리 방면,우회전,18,9.32,56.2,311,50
미금역사거리,까치마을사거리 방면,우회전,19,6.9,48.1,319,50
미금역사거리,까치마을사거리 방면,우회전,20,7.62,44.0,328,50
미금역사거리,까치마을사거리 방면,우회전,21,6.51,45.6,338,50
미금역사거리,까치마을사거리 방면,우회전,22,4.78,42.5,335,50
미금역사거리,까치마을사거리 방면,우회전,23,3.82,41.4,340,50
미금역사거리,까치마을사거리 방면,좌회전,0,0.0,35.9,319,50
미금역사거리,까치마을사거리 방면,좌회전,1,0.0,23.9,302,50
미금역사거리,까치마을사거리 방면,좌회전,2,0.0,17.1,272,50
미금역사거리,까치마을사거리 방면,좌회전,3,0.39,14.7,257,50
미금역사거리,까치마을사거리 방면,좌회전,4,0.0,22.7,304,50
미금역사거리,까치마을사거리 방면,좌회전,5,0.0,48.5,315,50
미금역사거리,까치마을사거리 방면,좌회전,6,0.0,91.7,322,50
미금역사거리,까치마을사거리 방면,좌회전,7,0.0,186.3,321,50
미금역사거리,까치마을사거리 방면,좌회전,8,0.0,216.7,317,50
미금역사거리,까치마을사거리 방면,좌회전,9,0.0,199.1,322,50
미금역사거리,까치마을사거리 방면,좌회전,10,0.0,164.4,329,50
미금역사거리,까치마을사거리 방면,좌회전,11,0.3,156.0,328,50
미금역사거리,까치마을사거리 방면,좌회전,12,0.62,146.0,324,50
미금역사거리,까치마을사거리 방면,좌회전,13,0.0,144.9,325,50
미금역사거리,까치마을사거리 방면,좌회전,14,0.31,145.4,323,50
미금역사거리,까치마을사거리 방면,좌회전,15,0.62,148.2,324,50
미금역사거리,까치마을사거리 방면,좌회전,16,0.93,154.4,321,50
미금역사거리,까치마을사거리 방면,좌회전,17,0.93,149.6,321,50
미금역사거리,까치마을사거리 방면,좌회전,18,1.25,149.3,319,50
미금역사거리,까치마을사거리 방면,좌회전,19,0.62,145.7,324,50
미금역사거리,까치마을사거리 방면,좌회전,20,0.0,130.5,323,50
미금역사거리,까치마을사거리 방면,좌회전,21,0.0,120.0,325,50
미금역사거리,까치마을사거리 방면,좌회전,22,0.0,113.0,324,50
미금역사거리,까치마을사거리 방면,좌회전,23,0.0,61.9,324,50
미금역사거리,까치마을사거리 방면,직진,0,0.45,101.9,224,50
미금역사거리,까치마을사거리 방면,직진,1,0.45,58.9,220,50
미금역사거리,까치마을사거리 방면,직진,2,0.43,38.1,232,50
미금역사거리,까치마을사거리 방면,직진,3,0.5,41.5,201,50
미금역사거리,까치마을사거리 방면,직진,4,0.54,52.0,186,50
미금역사거리,까치마을사거리 방면,직진,5,0.69,165.3,144,50
미금역사거리,까치마을사거리 방면,직진,6,0.0,341.6,320,50
미금역사거리,까치마을사거리 방면,직진,7,0.29,529.5,339,50
미금역사거리,까치마을사거리 방면,직진,8,0.88,427.9,339,50
미금역사거리,까치마을사거리 방면,직진,9,0.0,498.3,332,50
미금역사거리,까치마을사거리 방면,직진,10,0.0,451.4,330,50
미금역사거리,까치마을사거리 방면,직진,11,0.89,464.0,338,50
미금역사거리,까치마을사거리 방면,직진,12,0.0,433.6,335,50
미금역사거리,까치마을사거리 방면,직진,13,0.0,408.2,330,50
미금역사거리,까치마을사거리 방면,직진,14,0.9,447.4,333,50
미금역사거리,까치마을사거리 방면,직진,15,5.34,464.8,337,50
미금역사거리,까치마을사거리 방면,직진,16,7.58,422.5,343,50
미금역사거리,까치마을사거리 방면,직진,17,30.23,317.3,344,50
미금역사거리,까치마을사거리 방면,직진,18,24.57,298.0,346,50
미금역사거리,까치마을사거리 방면,직진,19,1.81,335.8,331,50
미금역사거리,까치마을사거리 방면,직진,20,0.3,352.1,328,50
미금역사거리,까치마을사거리 방면,직진,21,0.0,334.6,324,50
미금역사거리,까치마을사거리 방면,직진,22,0.0,285.5,328,50
미금역사거리,까치마을사거리 방면,직진,23,0.0,150.9,327,50
미금역사거리,미금역 방면,우회전,0,0.0,52.2,457,50
미금역사거리,미금역 방면,우회전,1,0.0,35.7,448,50
미금역사거리,미금역 방면,우회전,2,0.0,24.6,413,50
미금역사거리,미금역 방면,우회전,3,0.0,17.8,371,50
미금역사거리,미금역 방면,우회전,4,0.0,19.1,403,50
미금역사거리,미금역 방면,우회전,5,0.0,47.9,441,50
미금역사거리,미금역 방면,우회전,6,0.0,123.4,464,50
미금역사거리,미금역 방면,우회전,7,0.0,234.5,462,50
미금역사거리,미금역 방면,우회전,8,0.9,233.8,444,50
미금역사거리,미금역 방면,우회전,9,0.0,241.3,466,50
미금역사거리,미금역 방면,우회전,10,0.0,182.8,467,50
미금역사거리,미금역 방면,우회전,11,0.43,167.8,467,50
미금역사거리,미금역 방면,우회전,12,0.43,165.8,466,50
미금역사거리,미금역 방면,우회전,13,0.22,177.0,464,50
미금역사거리,미금역 방면,우회전,14,0.43,179.8,464,50
미금역사거리,미금역 방면,우회전,15,1.08,181.1,465,50
미금역사거리,미금역 방면,우회전,16,1.51,193.0,465,50
미금역사거리,미금역 방면,우회전,17,2.31,208.5,432,50
미금역사거리,미금역 방면,우회전,18,1.89,187.2,423,50
미금역사거리,미금역 방면,우회전,19,1.52,167.8,462,50
미금역사거리,미금역 방면,우회전,20,0.43,154.1,465,50
미금역사거리,미금역 방면,우회전,21,0.43,157.7,466,50
미금역사거리,미금역 방면,우회전,22,0.0,126.8,464,50
미금역사거리,미금역 방면,우회전,23,0.0,84.0,464,50
미금역사거리,미금역 방면,좌회전,0,0.0,92.2,467,50
미금역사거리,미금역 방면,좌회전,1,0.0,60.3,467,50
미금역사거리,미금역 방면,좌회전,2,0.0,42.0,465,50
미금역사거리,미금역 방면,좌회전,3,0.0,34.2,464,50
미금역사거리,미금역 방면,좌회전,4,0.0,51.1,463,50
미금역사거리,미금역 방면,좌회전,5,0.0,147.1,467,50
미금역사거리,미금역 방면,좌회전,6,0.0,313.1,467,50
미금역사거리,미금역 방면,좌회전,7,0.0,376.7,467,50
미금역사거리,미금역 방면,좌회전,8,0.0,285.1,458,50
미금역사거리,미금역 방면,좌회전,9,0.0,382.4,467,50
미금역사거리,미금역 방면,좌회전,10,0.21,352.9,467,50
미금역사거리,미금역 방면,좌회전,11,0.0,351.4,467,50
미금역사거리,미금역 방면,좌회전,12,0.21,356.3,466,50
미금역사거리,미금역 방면,좌회전,13,0.0,354.4,464,50
미금역사거리,미금역 방면,좌회전,14,0.43,341.7,465,50
미금역사거리,미금역 방면,좌회전,15,0.43,333.9,466,50
미금역사거리,미금역 방면,좌회전,16,0.0,339.2,467,50
미금역사거리,미금역 방면,좌회전,17,1.41,301.6,426,50
미금역사거리,미금역 방면,좌회전,18,0.73,239.4,412,50
미금역사거리,미금역 방면,좌회전,19,0.43,253.5,464,50
미금역사거리,미금역 방면,좌회전,20,0.0,263.8,466,50
미금역사거리,미금역 방면,좌회전,21,0.0,267.0,466,50
미금역사거리,미금역 방면,좌회전,22,0.0,223.0,466,50
미금역사거리,미금역 방면,좌회전,23,0.0,145.7,466,50
미금역사거리,미금역 방면,직진,0,0.21,181.6,467,50
미금역사거리,미금역 방면,직진,1,0.21,145.4,466,50
미금역사거리,미금역 방면,직진,2,0.21,94.7,467,50
미금역사거리,미금역 방면,직진,3,0.21,69.9,467,50
미금역사거리,미금역 방면,직진,4,0.0,67.9,466,50
미금역사거리,미금역 방면,직진,5,0.0,145.2,467,50
미금역사거리,미금역 방면,직진,6,0.0,406.5,467,50
미금역사거리,미금역 방면,직진,7,0.21,890.9,467,50
미금역사거리,미금역 방면,직진,8,0.0,866.6,467,50
미금역사거리,미금역 방면,직진,9,0.0,838.5,467,50
미금역사거리,미금역 방면,직진,10,0.0,646.6,467,50
미금역사거리,미금역 방면,직진,11,0.0,573.6,467,50
미금역사거리,미금역 방면,직진,12,0.43,549.5,466,50
미금역사거리,미금역 방면,직진,13,0.65,576.1,464,50
미금역사거리,미금역 방면,직진,14,0.0,593.8,464,50
미금역사거리,미금역 방면,직진,15,0.64,587.1,466,50
미금역사거리,미금역 방면,직진,16,0.64,589.7,468,50
미금역사거리,미금역 방면,직진,17,2.78,592.9,468,50
미금역사거리,미금역 방면,직진,18,3.63,493.1,468,50
미금역사거리,미금역 방면,직진,19,0.0,433.4,467,50
미금역사거리,미금역 방면,직진,20,0.0,398.7,467,50
미금역사거리,미금역 방면,직진,21,0.0,449.9,466,50
미금역사거리,미금역 방면,직진,22,0.0,364.5,466,50
미금역사거리,미금역 방면,직진,23,0.21,297.2,466,50
미금역사거리,정자일로 방면,우회전,0,0.0,50.2,472,50
미금역사거리,정자일로 방면,우회전,1,0.22,31.1,455,50
미금역사거리,정자일로 방면,우회전,2,0.0,20.6,437,50
미금역사거리,정자일로 방면,우회전,3,0.0,15.4,349,50
미금역사거리,정자일로 방면,우회전,4,0.0,21.6,422,50
미금역사거리,정자일로 방면,우회전,5,0.0,41.1,470,50
미금역사거리,정자일로 방면,우회전,6,0.21,75.3,473,50
미금역사거리,정자일로 방면,우회전,7,0.21,124.9,477,50
미금역사거리,정자일로 방면,우회전,8,0.42,125.6,474,50
미금역사거리,정자일로 방면,우회전,9,0.42,143.1,477,50
미금역사거리,정자일로 방면,우회전,10,0.21,159.7,477,50
미금역사거리,정자일로 방면,우회전,11,0.0,161.9,477,50
미금역사거리,정자일로 방면,우회전,12,0.0,161.9,476,50
미금역사거리,정자일로 방면,우회전,13,0.0,168.3,475,50
미금역사거리,정자일로 방면,우회전,14,0.21,175.1,475,50
미금역사거리,정자일로 방면,우회전,15,0.42,182.1,475,50
미금역사거리,정자일로 방면,우회전,16,0.21,188.6,477,50
미금역사거리,정자일로 방면,우회전,17,0.42,202.0,477,50
미금역사거리,정자일로 방면,우회전,18,4.61,200.7,477,50
미금역사거리,정자일로 방면,우회전,19,2.73,180.3,476,50
미금역사거리,정자일로 방면,우회전,20,1.26,150.6,476,50
미금역사거리,정자일로 방면,우회전,21,0.0,130.8,475,50
미금역사거리,정자일로 방면,우회전,22,0.0,108.1,475,50
미금역사거리,정자일로 방면,우회전,23,0.0,81.0,475,50
미금역사거리,정자일로 방면,좌회전,0,0.0,75.8,473,50
미금역사거리,정자일로 방면,좌회전,1,0.0,52.9,474,50
미금역사거리,정자일로 방면,좌회전,2,0.0,32.9,471,50
미금역사거리,정자일로 방면,좌회전,3,0.0,23.4,462,50
미금역사거리,정자일로 방면,좌회전,4,0.0,30.4,470,50
미금역사거리,정자일로 방면,좌회전,5,0.0,52.9,475,50
미금역사거리,정자일로 방면,좌회전,6,0.0,144.9,476,50
미금역사거리,정자일로 방면,좌회전,7,0.0,326.0,477,50
미금역사거리,정자일로 방면,좌회전,8,0.0,416.5,477,50
미금역사거리,정자일로 방면,좌회전,9,0.0,399.9,477,50
미금역사거리,정자일로 방면,좌회전,10,0.0,324.4,477,50
미금역사거리,정자일로 방면,좌회전,11,0.0,277.2,477,50
미금역사거리,정자일로 방면,좌회전,12,0.0,256.6,476,50
미금역사거리,정자일로 방면,좌회전,13,0.0,290.3,475,50
미금역사거리,정자일로 방면,좌회전,14,0.0,306.0,475,50
미금역사거리,정자일로 방면,좌회전,15,0.0,321.1,475,50
미금역사거리,정자일로 방면,좌회전,16,0.0,308.2,477,50
미금역사거리,정자일로 방면,좌회전,17,1.47,265.6,477,50
미금역사거리,정자일로 방면,좌회전,18,2.31,217.6,477,50
미금역사거리,정자일로 방면,좌회전,19,0.0,239.0,477,50
미금역사거리,정자일로 방면,좌회전,20,0.21,203.3,477,50
미금역사거리,정자일로 방면,좌회전,21,0.0,198.6,477,50
미금역사거리,정자일로 방면,좌회전,22,0.0,145.0,477,50
미금역사거리,정자일로 방면,좌회전,23,0.0,113.6,476,50
미금역사거리,정자일로 방면,직진,0,0.0,85.6,474,50
미금역사거리,정자일로 방면,직진,1,0.0,62.4,475,50
미금역사거리,정자일로 방면,직진,2,0.21,39.6,474,50
미금역사거리,정자일로 방면,직진,3,0.21,33.9,473,50
미금역사거리,정자일로 방면,직진,4,0.21,47.3,474,50
미금역사거리,정자일로 방면,직진,5,0.0,91.5,477,50
미금역사거리,정자일로 방면,직진,6,0.0,263.5,477,50
미금역사거리,정자일로 방면,직진,7,0.0,390.4,477,50
미금역사거리,정자일로 방면,직진,8,0.0,559.5,477,50
미금역사거리,정자일로 방면,직진,9,0.0,544.6,477,50
미금역사거리,정자일로 방면,직진,10,0.0,532.9,477,50
미금역사거리,정자일로 방면,직진,11,0.0,449.1,477,50
미금역사거리,정자일로 방면,직진,12,0.0,477.7,476,50
미금역사거리,정자일로 방면,직진,13,0.0,547.7,475,50
미금역사거리,정자일로 방면,직진,14,0.0,546.2,475,50
미금역사거리,정자일로 방면,직진,15,0.0,530.9,475,50
미금역사거리,정자일로 방면,직진,16,0.0,538.2,477,50
미금역사거리,정자일로 방면,직진,17,0.0,561.9,477,50
미금역사거리,정자일로 방면,직진,18,0.84,538.9,477,50
미금역사거리,정자일로 방면,직진,19,0.0,469.6,477,50
미금역사거리,정자일로 방면,직진,20,0.0,402.2,477,50
미금역사거리,정자일로 방면,직진,21,0.0,377.9,477,50
미금역사거리,정자일로 방면,직진,22,0.0,265.4,477,50
미금역사거리,정자일로 방면,직진,23,0.0,140.4,477,50
미금역사거리,청송마을 사거리 방면,우회전,0,0.0,52.1,460,50
미금역사거리,청송마을 사거리 방면,우회전,1,0.0,28.8,458,50
미금역사거리,청송마을 사거리 방면,우회전,2,0.0,19.4,428,50
미금역사거리,청송마을 사거리 방면,우회전,3,0.0,15.5,393,50
미금역사거리,청송마을 사거리 방면,우회전,4,0.0,19.0,438,50
미금역사거리,청송마을 사거리 방면,우회전,5,0.0,42.4,461,50
미금역사거리,청송마을 사거리 방면,우회전,6,0.0,97.7,464,50
미금역사거리,청송마을 사거리 방면,우회전,7,0.0,160.8,477,50
미금역사거리,청송마을 사거리 방면,우회전,8,0.0,194.3,477,50
미금역사거리,청송마을 사거리 방면,우회전,9,0.0,187.6,470,50
미금역사거리,청송마을 사거리 방면,우회전,10,0.0,184.6,472,50
미금역사거리,청송마을 사거리 방면,우회전,11,0.0,193.5,474,50
미금역사거리,청송마을 사거리 방면,우회전,12,0.0,187.9,471,50
미금역사거리,청송마을 사거리 방면,우회전,13,0.0,180.2,472,50
미금역사거리,청송마을 사거리 방면,우회전,14,0.0,187.7,474,50
미금역사거리,청송마을 사거리 방면,우회전,15,0.0,202.1,474,50
미금역사거리,청송마을 사거리 방면,우회전,16,0.0,218.5,477,50
미금역사거리,청송마을 사거리 방면,우회전,17,1.68,235.4,477,50
미금역사거리,청송마을 사거리 방면,우회전,18,1.47,227.1,475,50
미금역사거리,청송마을 사거리 방면,우회전,19,0.0,194.9,475,50
미금역사거리,청송마을 사거리 방면,우회전,20,0.0,154.1,474,50
미금역사거리,청송마을 사거리 방면,우회전,21,0.0,140.1,474,50
미금역사거리,청송마을 사거리 방면,우회전,22,0.0,140.8,470,50
미금역사거리,청송마을 사거리 방면,우회전,23,0.0,80.1,463,50
미금역사거리,청송마을 사거리 방면,좌회전,0,0.0,21.8,377,50
미금역사거리,청송마을 사거리 방면,좌회전,1,0.0,16.3,319,50
미금역사거리,청송마을 사거리 방면,좌회전,2,0.0,12.7,216,50
미금역사거리,청송마을 사거리 방면,좌회전,3,0.0,11.7,87,50
미금역사거리,청송마을 사거리 방면,좌회전,4,0.0,11.4,15,50
미금역사거리,청송마을 사거리 방면,좌회전,5,0.0,13.6,254,50
미금역사거리,청송마을 사거리 방면,좌회전,6,0.0,19.8,370,50
미금역사거리,청송마을 사거리 방면,좌회전,7,0.0,37.9,389,50
미금역사거리,청송마을 사거리 방면,좌회전,8,0.0,76.6,390,50
미금역사거리,청송마을 사거리 방면,좌회전,9,0.0,85.1,391,50
미금역사거리,청송마을 사거리 방면,좌회전,10,0.0,87.5,394,50
미금역사거리,청송마을 사거리 방면,좌회전,11,0.0,90.3,394,50
미금역사거리,청송마을 사거리 방면,좌회전,12,0.0,90.2,390,50
미금역사거리,청송마을 사거리 방면,좌회전,13,0.0,88.8,388,50
미금역사거리,청송마을 사거리 방면,좌회전,14,0.0,98.3,389,50
미금역사거리,청송마을 사거리 방면,좌회전,15,0.0,98.2,390,50
미금역사거리,청송마을 사거리 방면,좌회전,16,0.0,96.5,393,50
미금역사거리,청송마을 사거리 방면,좌회전,17,0.0,95.2,392,50
미금역사거리,청송마을 사거리 방면,좌회전,18,0.0,85.7,392,50
미금역사거리,청송마을 사거리 방면,좌회전,19,0.0,80.8,392,50
미금역사거리,청송마을 사거리 방면,좌회전,20,0.0,58.1,390,50
미금역사거리,청송마을 사거리 방면,좌회전,21,0.0,56.8,389,50
미금역사거리,청송마을 사거리 방면,좌회전,22,0.0,45.6,388,50
미금역사거리,청송마을 사거리 방면,좌회전,23,0.0,30.7,389,50
미금역사거리,청송마을 사거리 방면,직진,0,0.21,177.0,474,50
미금역사거리,청송마을 사거리 방면,직진,1,0.21,102.5,472,50
미금역사거리,청송마을 사거리 방면,직진,2,0.43,71.0,469,50
미금역사거리,청송마을 사거리 방면,직진,3,0.22,55.0,464,50
미금역사거리,청송마을 사거리 방면,직진,4,0.0,56.9,462,50
미금역사거리,청송마을 사거리 방면,직진,5,0.0,116.3,468,50
미금역사거리,청송마을 사거리 방면,직진,6,0.0,267.3,477,50
미금역사거리,청송마을 사거리 방면,직진,7,0.0,574.2,477,50
미금역사거리,청송마을 사거리 방면,직진,8,0.0,801.4,477,50
미금역사거리,청송마을 사거리 방면,직진,9,0.0,647.0,477,50
미금역사거리,청송마을 사거리 방면,직진,10,0.0,617.0,477,50
미금역사거리,청송마을 사거리 방면,직진,11,0.0,601.9,477,50
미금역사거리,청송마을 사거리 방면,직진,12,0.0,588.4,476,50
미금역사거리,청송마을 사거리 방면,직진,13,0.0,585.5,475,50
미금역사거리,청송마을 사거리 방면,직진,14,0.0,602.5,475,50
미금역사거리,청송마을 사거리 방면,직진,15,0.0,646.1,475,50
미금역사거리,청송마을 사거리 방면,직진,16,0.21,697.4,477,50
미금역사거리,청송마을 사거리 방면,직진,17,1.47,766.3,477,50
미금역사거리,청송마을 사거리 방면,직진,18,2.31,774.5,477,50
미금역사거리,청송마을 사거리 방면,직진,19,0.21,756.3,477,50
미금역사거리,청송마을 사거리 방면,직진,20,0.0,589.3,477,50
미금역사거리,청송마을 사거리 방면,직진,21,0.0,501.3,477,50
미금역사거리,청송마을 사거리 방면,직진,22,0.0,528.3,477,50
미금역사거리,청송마을 사거리 방면,직진,23,0.0,295.1,476,50
오리삼거리,농수산물센터 방면,우회전,0,0.0,36.1,437,50
오리삼거리,농수산물센터 방면,우회전,1,0.0,25.1,419,50
오리삼거리,농수산물센터 방면,우회전,2,0.0,20.3,386,50
오리삼거리,농수산물센터 방면,우회전,3,0.0,14.8,310,50
오리삼거리,농수산물센터 방면,우회전,4,0.0,22.4,391,50
오리삼거리,농수산물센터 방면,우회전,5,0.0,54.3,428,50
오리삼거리,농수산물센터 방면,우회전,6,0.0,131.8,449,50
오리삼거리,농수산물센터 방면,우회전,7,0.0,282.1,470,50
오리삼거리,농수산물센터 방면,우회전,8,0.0,340.2,471,50
오리삼거리,농수산물센터 방면,우회전,9,0.0,287.2,471,50
오리삼거리,농수산물센터 방면,우회전,10,0.0,211.1,471,50
오리삼거리,농수산물센터 방면,우회전,11,0.0,175.9,472,50
오리삼거리,농수산물센터 방면,우회전,12,0.0,194.2,471,50
오리삼거리,농수산물센터 방면,우회전,13,0.0,220.1,469,50
오리삼거리,농수산물센터 방면,우회전,14,0.0,207.3,471,50
오리삼거리,농수산물센터 방면,우회전,15,0.0,201.8,471,50
오리삼거리,농수산물센터 방면,우회전,16,0.0,195.0,473,50
오리삼거리,농수산물센터 방면,우회전,17,0.0,204.2,472,50
오리삼거리,농수산물센터 방면,우회전,18,0.0,190.4,469,50
오리삼거리,농수산물센터 방면,우회전,19,0.0,155.8,468,50
오리삼거리,농수산물센터 방면,우회전,20,0.0,124.0,463,50
오리삼거리,농수산물센터 방면,우회전,21,0.0,106.1,461,50
오리삼거리,농수산물센터 방면,우회전,22,0.0,84.2,458,50
오리삼거리,농수산물센터 방면,우회전,23,0.0,52.9,449,50
오리삼거리,농수산물센터 방면,직진,0,0.0,189.4,460,50
오리삼거리,농수산물센터 방면,직진,1,0.0,138.6,453,50
오리삼거리,농수산물센터 방면,직진,2,0.22,90.2,452,50
오리삼거리,농수산물센터 방면,직진,3,0.0,71.7,451,50
오리삼거리,농수산물센터 방면,직진,4,0.0,95.6,455,50
오리삼거리,농수산물센터 방면,직진,5,0.0,204.6,459,50
오리삼거리,농수산물센터 방면,직진,6,0.0,589.1,468,50
오리삼거리,농수산물센터 방면,직진,7,0.0,1360.5,472,50
오리삼거리,농수산물센터 방면,직진,8,0.42,1426.8,472,50
오리삼거리,농수산물센터 방면,직진,9,0.0,1197.9,472,50
오리삼거리,농수산물센터 방면,직진,10,0.0,926.8,471,50
오리삼거리,농수산물센터 방면,직진,11,0.0,756.2,472,50
오리삼거리,농수산물센터 방면,직진,12,0.0,700.8,471,50
오리삼거리,농수산물센터 방면,직진,13,0.0,777.3,470,50
오리삼거리,농수산물센터 방면,직진,14,0.0,779.6,471,50
오리삼거리,농수산물센터 방면,직진,15,0.0,777.0,471,50
오리삼거리,농수산물센터 방면,직진,16,0.0,813.4,473,50
오리삼거리,농수산물센터 방면,직진,17,0.0,811.8,472,50
오리삼거리,농수산물센터 방면,직진,18,0.0,706.6,472,50
오리삼거리,농수산물센터 방면,직진,19,0.0,587.3,471,50
오리삼거리,농수산물센터 방면,직진,20,0.0,495.3,472,50
오리삼거리,농수산물센터 방면,직진,21,0.0,502.8,471,50
오리삼거리,농수산물센터 방면,직진,22,0.0,412.8,472,50
오리삼거리,농수산물센터 방면,직진,23,0.0,299.9,470,50
오리삼거리,오리교1사거리 방면,우회전,0,0.0,64.1,430,50
오리삼거리,오리교1사거리 방면,우회전,1,0.0,44.2,424,50
오리삼거리,오리교1사거리 방면,우회전,2,0.0,30.9,417,50
오리삼거리,오리교1사거리 방면,우회전,3,0.0,24.5,409,50
오리삼거리,오리교1사거리 방면,우회전,4,0.0,35.1,422,50
오리삼거리,오리교1사거리 방면,우회전,5,0.0,39.7,447,50
오리삼거리,오리교1사거리 방면,우회전,6,0.0,81.4,457,50
오리삼거리,오리교1사거리 방면,우회전,7,0.0,120.4,457,50
오리삼거리,오리교1사거리 방면,우회전,8,0.0,138.7,453,50
오리삼거리,오리교1사거리 방면,우회전,9,0.22,137.4,464,50
오리삼거리,오리교1사거리 방면,우회전,10,0.0,130.9,467,50
오리삼거리,오리교1사거리 방면,우회전,11,0.0,130.0,467,50
오리삼거리,오리교1사거리 방면,우회전,12,0.0,128.0,466,50
오리삼거리,오리교1사거리 방면,우회전,13,0.0,129.6,467,50
오리삼거리,오리교1사거리 방면,우회전,14,0.0,128.2,467,50
오리삼거리,오리교1사거리 방면,우회전,15,0.0,130.4,466,50
오리삼거리,오리교1사거리 방면,우회전,16,0.0,135.3,468,50
오리삼거리,오리교1사거리 방면,우회전,17,0.0,156.1,468,50
오리삼거리,오리교1사거리 방면,우회전,18,0.21,139.3,467,50
오리삼거리,오리교1사거리 방면,우회전,19,0.43,105.2,463,50
오리삼거리,오리교1사거리 방면,우회전,20,0.0,94.8,454,50
오리삼거리,오리교1사거리 방면,우회전,21,0.0,91.1,456,50
오리삼거리,오리교1사거리 방면,우회전,22,0.0,82.5,452,50
오리삼거리,오리교1사거리 방면,우회전,23,0.0,79.8,449,50
오리삼거리,오리교1사거리 방면,좌회전,0,0.0,40.9,464,50
오리삼거리,오리교1사거리 방면,좌회전,1,0.0,25.6,453,50
오리삼거리,오리교1사거리 방면,좌회전,2,0.0,17.2,396,50
오리삼거리,오리교1사거리 방면,좌회전,3,0.0,14.9,380,50
오리삼거리,오리교1사거리 방면,좌회전,4,0.0,18.3,420,50
오리삼거리,오리교1사거리 방면,좌회전,5,0.0,43.1,457,50
오리삼거리,오리교1사거리 방면,좌회전,6,0.21,104.5,467,50
오리삼거리,오리교1사거리 방면,좌회전,7,0.0,152.9,467,50
오리삼거리,오리교1사거리 방면,좌회전,8,0.0,179.3,467,50
오리삼거리,오리교1사거리 방면,좌회전,9,0.0,194.5,467,50
오리삼거리,오리교1사거리 방면,좌회전,10,0.0,216.5,467,50
오리삼거리,오리교1사거리 방면,좌회전,11,0.0,232.0,467,50
오리삼거리,오리교1사거리 방면,좌회전,12,0.0,213.1,466,50
오리삼거리,오리교1사거리 방면,좌회전,13,0.0,192.5,467,50
오리삼거리,오리교1사거리 방면,좌회전,14,0.0,213.8,467,50
오리삼거리,오리교1사거리 방면,좌회전,15,0.43,226.9,466,50
오리삼거리,오리교1사거리 방면,좌회전,16,0.0,237.9,468,50
오리삼거리,오리교1사거리 방면,좌회전,17,0.0,211.1,468,50
오리삼거리,오리교1사거리 방면,좌회전,18,0.0,155.8,467,50
오리삼거리,오리교1사거리 방면,좌회전,19,0.0,135.6,467,50
오리삼거리,오리교1사거리 방면,좌회전,20,0.0,135.7,467,50
오리삼거리,오리교1사거리 방면,좌회전,21,0.0,124.1,467,50
오리삼거리,오리교1사거리 방면,좌회전,22,0.0,97.8,467,50
오리삼거리,오리교1사거리 방면,좌회전,23,0.0,66.0,467,50
오리삼거리,오리역 방면,좌회전,0,0.0,21.7,103,50
오리삼거리,오리역 방면,좌회전,1,3.57,23.5,28,50
오리삼거리,오리역 방면,좌회전,2,0.0,20.3,21,50
오리삼거리,오리역 방면,좌회전,3,0.0,15.0,18,50
오리삼거리,오리역 방면,좌회전,4,0.0,14.9,264,50
오리삼거리,오리역 방면,좌회전,5,0.0,36.3,371,50
오리삼거리,오리역 방면,좌회전,6,0.0,50.0,368,50
오리삼거리,오리역 방면,좌회전,7,0.0,88.7,391,50
오리삼거리,오리역 방면,좌회전,8,0.0,107.6,391,50
오리삼거리,오리역 방면,좌회전,9,0.0,74.2,382,50
오리삼거리,오리역 방면,좌회전,10,0.0,68.7,385,50
오리삼거리,오리역 방면,좌회전,11,0.0,78.9,388,50
오리삼거리,오리역 방면,좌회전,12,0.0,87.6,391,50
오리삼거리,오리역 방면,좌회전,13,0.0,94.5,395,50
오리삼거리,오리역 방면,좌회전,14,0.0,105.4,396,50
오리삼거리,오리역 방면,좌회전,15,0.0,106.1,391,50
오리삼거리,오리역 방면,좌회전,16,0.0,96.8,385,50
오리삼거리,오리역 방면,좌회전,17,0.0,105.0,390,50
오리삼거리,오리역 방면,좌회전,18,0.0,100.6,389,50
오리삼거리,오리역 방면,좌회전,19,0.0,83.2,391,50
오리삼거리,오리역 방면,좌회전,20,0.0,57.8,383,50
오리삼거리,오리역 방면,좌회전,21,0.0,51.6,374,50
오리삼거리,오리역 방면,좌회전,22,0.0,45.4,371,50
오리삼거리,오리역 방면,좌회전,23,0.0,23.7,296,50
오리삼거리,오리역 방면,직진,0,0.22,210.6,455,50
오리삼거리,오리역 방면,직진,1,0.22,117.4,454,50
오리삼거리,오리역 방면,직진,2,0.0,72.7,452,50
오리삼거리,오리역 방면,직진,3,0.0,56.5,449,50
오리삼거리,오리역 방면,직진,4,0.0,63.3,450,50
오리삼거리,오리역 방면,직진,5,0.0,139.3,455,50
오리삼거리,오리역 방면,직진,6,0.0,355.4,454,50
오리삼거리,오리역 방면,직진,7,0.0,654.6,452,50
오리삼거리,오리역 방면,직진,8,0.0,794.4,452,50
오리삼거리,오리역 방면,직진,9,0.0,736.8,453,50
오리삼거리,오리역 방면,직진,10,0.0,749.4,453,50
오리삼거리,오리역 방면,직진,11,0.22,787.9,455,50
오리삼거리,오리역 방면,직진,12,0.22,807.7,454,50
오리삼거리,오리역 방면,직진,13,0.0,841.1,454,50
오리삼거리,오리역 방면,직진,14,0.88,874.1,454,50
오리삼거리,오리역 방면,직진,15,2.2,917.5,454,50
오리삼거리,오리역 방면,직진,16,4.17,998.1,456,50
오리삼거리,오리역 방면,직진,17,15.82,1064.9,455,50
오리삼거리,오리역 방면,직진,18,55.92,978.5,456,50
오리삼거리,오리역 방면,직진,19,7.03,939.3,455,50
오리삼거리,오리역 방면,직진,20,0.22,775.7,456,50
오리삼거리,오리역 방면,직진,21,0.22,673.1,456,50
오리삼거리,오리역 방면,직진,22,0.0,637.0,455,50
오리삼거리,오리역 방면,직진,23,0.0,354.7,455,50
